table_name,field_name,family,applicability,league_id,league_name,season,applicable_records,non_null_records,non_null_rate_pct,blank_string_records,zero_records,covered_matches,total_matches_in_partition,match_coverage_rate_pct,vs_benchmark_epl_same_season_delta_pct,vs_prev_season_same_league_delta_pct,first_season_seen,last_season_seen,all_null_flag,all_zero_flag,status
fact_match_events,assist_player_id,standard_match,CONDITIONAL,47,EPL,2020/2021,1024,685,66.8945,0,0,311,350,88.8571,,,2020/2021,2025/2026,False,False,OK
fact_match_events,assist_player_id,standard_match,CONDITIONAL,47,EPL,2021/2022,1071,743,69.3744,0,0,319,358,89.1061,,2.4799,2020/2021,2025/2026,False,False,OK
fact_match_events,assist_player_id,standard_match,CONDITIONAL,47,EPL,2022/2023,1084,727,67.0664,0,0,326,357,91.3165,,-2.308,2020/2021,2025/2026,False,False,OK
fact_match_events,assist_player_id,standard_match,CONDITIONAL,47,EPL,2023/2024,1246,862,69.1814,0,0,341,369,92.4119,,2.115,2020/2021,2025/2026,False,False,OK
fact_match_events,assist_player_id,standard_match,CONDITIONAL,47,EPL,2024/2025,1115,804,72.1076,0,0,338,364,92.8571,,2.9262,2020/2021,2025/2026,False,False,OK
fact_match_events,assist_player_id,standard_match,CONDITIONAL,47,EPL,2025/2026,1045,687,65.7416,0,0,319,353,90.3683,,-6.366,2020/2021,2025/2026,False,False,OK
fact_match_events,assist_player_id,standard_match,CONDITIONAL,53,Ligue1,2020/2021,1049,664,63.2984,0,0,318,354,89.8305,-3.5961,,2020/2021,2025/2026,False,False,OK
fact_match_events,assist_player_id,standard_match,CONDITIONAL,53,Ligue1,2021/2022,1067,708,66.3543,0,0,315,356,88.4831,-3.0201,3.0559,2020/2021,2025/2026,False,False,OK
fact_match_events,assist_player_id,standard_match,CONDITIONAL,53,Ligue1,2022/2023,1067,675,63.2615,0,0,310,354,87.5706,-3.8049,-3.0928,2020/2021,2025/2026,False,False,OK
fact_match_events,assist_player_id,standard_match,CONDITIONAL,53,Ligue1,2023/2024,826,534,64.6489,0,0,248,279,88.8889,-4.5325,1.3874,2020/2021,2025/2026,False,False,OK
fact_match_events,assist_player_id,standard_match,CONDITIONAL,53,Ligue1,2024/2025,911,611,67.0692,0,0,269,292,92.1233,-5.0384,2.4203,2020/2021,2025/2026,False,False,OK
fact_match_events,assist_player_id,standard_match,CONDITIONAL,53,Ligue1,2025/2026,863,599,69.409,0,0,254,282,90.0709,3.6674,2.3398,2020/2021,2025/2026,False,False,OK
fact_match_events,assist_player_id,standard_match,CONDITIONAL,54,Bundesliga,2020/2021,928,657,70.7974,0,0,266,288,92.3611,3.9029,,2020/2021,2025/2026,False,False,OK
fact_match_events,assist_player_id,standard_match,CONDITIONAL,54,Bundesliga,2021/2022,954,656,68.7631,0,0,269,290,92.7586,-0.6113,-2.0343,2020/2021,2025/2026,False,False,OK
fact_match_events,assist_player_id,standard_match,CONDITIONAL,54,Bundesliga,2022/2023,971,662,68.1771,0,0,272,291,93.4708,1.1107,-0.586,2020/2021,2025/2026,False,False,OK
fact_match_events,assist_player_id,standard_match,CONDITIONAL,54,Bundesliga,2023/2024,985,698,70.8629,0,0,272,293,92.8328,1.6815,2.6858,2020/2021,2025/2026,False,False,OK
fact_match_events,assist_player_id,standard_match,CONDITIONAL,54,Bundesliga,2024/2025,959,665,69.3431,0,0,264,284,92.9577,-2.7645,-1.5198,2020/2021,2025/2026,False,False,OK
fact_match_events,assist_player_id,standard_match,CONDITIONAL,54,Bundesliga,2025/2026,990,697,70.404,0,0,277,294,94.2177,4.6624,1.0609,2020/2021,2025/2026,False,False,OK
fact_match_events,assist_player_id,standard_match,CONDITIONAL,55,SerieA,2020/2021,1160,745,64.2241,0,0,325,360,90.2778,-2.6704,,2020/2021,2025/2026,False,False,OK
fact_match_events,assist_player_id,standard_match,CONDITIONAL,55,SerieA,2021/2022,1089,719,66.0239,0,0,314,358,87.7095,-3.3505,1.7998,2020/2021,2025/2026,False,False,OK
fact_match_events,assist_player_id,standard_match,CONDITIONAL,55,SerieA,2022/2023,978,678,69.3252,0,0,316,361,87.5346,2.2588,3.3013,2020/2021,2025/2026,False,False,OK
fact_match_events,assist_player_id,standard_match,CONDITIONAL,55,SerieA,2023/2024,992,683,68.8508,0,0,319,350,91.1429,-0.3306,-0.4744,2020/2021,2025/2026,False,False,OK
fact_match_events,assist_player_id,standard_match,CONDITIONAL,55,SerieA,2024/2025,973,668,68.6536,0,0,310,352,88.0682,-3.454,-0.1972,2020/2021,2025/2026,False,False,OK
fact_match_events,assist_player_id,standard_match,CONDITIONAL,55,SerieA,2025/2026,922,621,67.3536,0,0,308,344,89.5349,1.612,-1.3,2020/2021,2025/2026,False,False,OK
fact_match_events,assist_player_id,standard_match,CONDITIONAL,87,LaLiga,2020/2021,953,636,66.7366,0,0,306,350,87.4286,-0.1579,,2020/2021,2025/2026,False,False,OK
fact_match_events,assist_player_id,standard_match,CONDITIONAL,87,LaLiga,2021/2022,951,661,69.5058,0,0,309,337,91.6914,0.1314,2.7692,2020/2021,2025/2026,False,False,OK
fact_match_events,assist_player_id,standard_match,CONDITIONAL,87,LaLiga,2022/2023,955,652,68.2723,0,0,324,354,91.5254,1.2059,-1.2335,2020/2021,2025/2026,False,False,OK
fact_match_events,assist_player_id,standard_match,CONDITIONAL,87,LaLiga,2023/2024,1005,694,69.0547,0,0,309,349,88.5387,-0.1267,0.7824,2020/2021,2025/2026,False,False,OK
fact_match_events,assist_player_id,standard_match,CONDITIONAL,87,LaLiga,2024/2025,995,673,67.6382,0,0,308,359,85.7939,-4.4694,-1.4165,2020/2021,2025/2026,False,False,OK
fact_match_events,assist_player_id,standard_match,CONDITIONAL,87,LaLiga,2025/2026,1024,702,68.5547,0,0,329,365,90.137,2.8131,0.9165,2020/2021,2025/2026,False,False,OK
fact_match_events,card_type,standard_match,CONDITIONAL,47,EPL,2020/2021,1157,1157,100.0,0,0,353,353,100.0,,,2020/2021,2025/2026,False,False,OK
fact_match_events,card_type,standard_match,CONDITIONAL,47,EPL,2021/2022,1374,1374,100.0,0,0,359,359,100.0,,0.0,2020/2021,2025/2026,False,False,OK
fact_match_events,card_type,standard_match,CONDITIONAL,47,EPL,2022/2023,1434,1434,100.0,0,0,364,364,100.0,,0.0,2020/2021,2025/2026,False,False,OK
fact_match_events,card_type,standard_match,CONDITIONAL,47,EPL,2023/2024,1737,1737,100.0,0,0,374,374,100.0,,0.0,2020/2021,2025/2026,False,False,OK
fact_match_events,card_type,standard_match,CONDITIONAL,47,EPL,2024/2025,1678,1678,100.0,0,0,365,365,100.0,,0.0,2020/2021,2025/2026,False,False,OK
fact_match_events,card_type,standard_match,CONDITIONAL,47,EPL,2025/2026,1523,1523,100.0,0,0,368,368,100.0,,0.0,2020/2021,2025/2026,False,False,OK
fact_match_events,card_type,standard_match,CONDITIONAL,53,Ligue1,2020/2021,1553,1553,100.0,0,0,371,371,100.0,0.0,,2020/2021,2025/2026,False,False,OK
fact_match_events,card_type,standard_match,CONDITIONAL,53,Ligue1,2021/2022,1610,1610,100.0,0,0,374,374,100.0,0.0,0.0,2020/2021,2025/2026,False,False,OK
fact_match_events,card_type,standard_match,CONDITIONAL,53,Ligue1,2022/2023,1389,1389,100.0,0,0,363,363,100.0,0.0,0.0,2020/2021,2025/2026,False,False,OK
fact_match_events,card_type,standard_match,CONDITIONAL,53,Ligue1,2023/2024,1287,1287,100.0,0,0,294,294,100.0,0.0,0.0,2020/2021,2025/2026,False,False,OK
fact_match_events,card_type,standard_match,CONDITIONAL,53,Ligue1,2024/2025,1260,1260,100.0,0,0,296,296,100.0,0.0,0.0,2020/2021,2025/2026,False,False,OK
fact_match_events,card_type,standard_match,CONDITIONAL,53,Ligue1,2025/2026,1239,1239,100.0,0,0,298,298,100.0,0.0,0.0,2020/2021,2025/2026,False,False,OK
fact_match_events,card_type,standard_match,CONDITIONAL,54,Bundesliga,2020/2021,1132,1132,100.0,0,0,290,290,100.0,0.0,,2020/2021,2025/2026,False,False,OK
fact_match_events,card_type,standard_match,CONDITIONAL,54,Bundesliga,2021/2022,1102,1102,100.0,0,0,295,295,100.0,0.0,0.0,2020/2021,2025/2026,False,False,OK
fact_match_events,card_type,standard_match,CONDITIONAL,54,Bundesliga,2022/2023,1301,1301,100.0,0,0,295,295,100.0,0.0,0.0,2020/2021,2025/2026,False,False,OK
fact_match_events,card_type,standard_match,CONDITIONAL,54,Bundesliga,2023/2024,1339,1339,100.0,0,0,300,300,100.0,0.0,0.0,2020/2021,2025/2026,False,False,OK
fact_match_events,card_type,standard_match,CONDITIONAL,54,Bundesliga,2024/2025,1252,1252,100.0,0,0,297,297,100.0,0.0,0.0,2020/2021,2025/2026,False,False,OK
fact_match_events,card_type,standard_match,CONDITIONAL,54,Bundesliga,2025/2026,1231,1231,100.0,0,0,297,297,100.0,0.0,0.0,2020/2021,2025/2026,False,False,OK
fact_match_events,card_type,standard_match,CONDITIONAL,55,SerieA,2020/2021,1699,1699,100.0,0,0,377,377,100.0,0.0,,2020/2021,2025/2026,False,False,OK
fact_match_events,card_type,standard_match,CONDITIONAL,55,SerieA,2021/2022,1876,1876,100.0,0,0,380,380,100.0,0.0,0.0,2020/2021,2025/2026,False,False,OK
fact_match_events,card_type,standard_match,CONDITIONAL,55,SerieA,2022/2023,1817,1817,100.0,0,0,377,377,100.0,0.0,0.0,2020/2021,2025/2026,False,False,OK
fact_match_events,card_type,standard_match,CONDITIONAL,55,SerieA,2023/2024,1760,1760,100.0,0,0,372,372,100.0,0.0,0.0,2020/2021,2025/2026,False,False,OK
fact_match_events,card_type,standard_match,CONDITIONAL,55,SerieA,2024/2025,1596,1596,100.0,0,0,373,373,100.0,0.0,0.0,2020/2021,2025/2026,False,False,OK
fact_match_events,card_type,standard_match,CONDITIONAL,55,SerieA,2025/2026,1513,1513,100.0,0,0,371,371,100.0,0.0,0.0,2020/2021,2025/2026,False,False,OK
fact_match_events,card_type,standard_match,CONDITIONAL,87,LaLiga,2020/2021,1737,1737,100.0,0,0,370,370,100.0,0.0,,2020/2021,2025/2026,False,False,OK
fact_match_events,card_type,standard_match,CONDITIONAL,87,LaLiga,2021/2022,2074,2074,100.0,0,0,378,378,100.0,0.0,0.0,2020/2021,2025/2026,False,False,OK
fact_match_events,card_type,standard_match,CONDITIONAL,87,LaLiga,2022/2023,2047,2047,100.0,0,0,371,371,100.0,0.0,0.0,2020/2021,2025/2026,False,False,OK
fact_match_events,card_type,standard_match,CONDITIONAL,87,LaLiga,2023/2024,1947,1947,100.0,0,0,375,375,100.0,0.0,0.0,2020/2021,2025/2026,False,False,OK
fact_match_events,card_type,standard_match,CONDITIONAL,87,LaLiga,2024/2025,1841,1841,100.0,0,0,372,372,100.0,0.0,0.0,2020/2021,2025/2026,False,False,OK
fact_match_events,card_type,standard_match,CONDITIONAL,87,LaLiga,2025/2026,1821,1821,100.0,0,0,375,375,100.0,0.0,0.0,2020/2021,2025/2026,False,False,OK
fact_match_events,event_id,standard_match,OPTIONAL,47,EPL,2020/2021,5812,2282,39.2636,0,0,379,380,99.7368,,,2020/2021,2025/2026,False,False,OK
fact_match_events,event_id,standard_match,OPTIONAL,47,EPL,2021/2022,6162,2530,41.0581,0,0,379,380,99.7368,,1.7945,2020/2021,2025/2026,False,False,OK
fact_match_events,event_id,standard_match,OPTIONAL,47,EPL,2022/2023,7112,2617,36.797,0,0,379,380,99.7368,,-4.2611,2020/2021,2025/2026,False,False,OK
fact_match_events,event_id,standard_match,OPTIONAL,47,EPL,2023/2024,7605,3066,40.3156,0,0,380,380,100.0,,3.5186,2020/2021,2025/2026,False,False,OK
fact_match_events,event_id,standard_match,OPTIONAL,47,EPL,2024/2025,7595,2879,37.9065,0,0,380,380,100.0,,-2.4091,2020/2021,2025/2026,False,False,OK
fact_match_events,event_id,standard_match,OPTIONAL,47,EPL,2025/2026,7290,2650,36.3512,0,0,380,380,100.0,,-1.5553,2020/2021,2025/2026,False,False,OK
fact_match_events,event_id,standard_match,OPTIONAL,53,Ligue1,2020/2021,7212,2683,37.2019,0,0,380,380,100.0,-2.0617,,2020/2021,2025/2026,False,False,OK
fact_match_events,event_id,standard_match,OPTIONAL,53,Ligue1,2021/2022,7340,2742,37.3569,0,0,380,380,100.0,-3.7012,0.155,2020/2021,2025/2026,False,False,OK
fact_match_events,event_id,standard_match,OPTIONAL,53,Ligue1,2022/2023,7168,2549,35.5608,0,0,379,380,99.7368,-1.2362,-1.7961,2020/2021,2025/2026,False,False,OK
fact_match_events,event_id,standard_match,OPTIONAL,53,Ligue1,2023/2024,6050,2182,36.0661,0,0,304,306,99.3464,-4.2495,0.5053,2020/2021,2025/2026,False,False,OK
fact_match_events,event_id,standard_match,OPTIONAL,53,Ligue1,2024/2025,6161,2271,36.8609,0,0,305,306,99.6732,-1.0456,0.7948,2020/2021,2025/2026,False,False,OK
fact_match_events,event_id,standard_match,OPTIONAL,53,Ligue1,2025/2026,6078,2202,36.229,0,0,305,305,100.0,-0.1222,-0.6319,2020/2021,2025/2026,False,False,OK
fact_match_events,event_id,standard_match,OPTIONAL,54,Bundesliga,2020/2021,5779,2135,36.9441,0,0,305,306,99.6732,-2.3195,,2020/2021,2025/2026,False,False,OK
fact_match_events,event_id,standard_match,OPTIONAL,54,Bundesliga,2021/2022,5904,2121,35.9248,0,0,306,306,100.0,-5.1333,-1.0193,2020/2021,2025/2026,False,False,OK
fact_match_events,event_id,standard_match,OPTIONAL,54,Bundesliga,2022/2023,6274,2363,37.6634,0,0,306,306,100.0,0.8664,1.7386,2020/2021,2025/2026,False,False,OK
fact_match_events,event_id,standard_match,OPTIONAL,54,Bundesliga,2023/2024,6418,2413,37.5974,0,0,306,306,100.0,-2.7182,-0.066,2020/2021,2025/2026,False,False,OK
fact_match_events,event_id,standard_match,OPTIONAL,54,Bundesliga,2024/2025,6291,2295,36.4807,0,0,306,306,100.0,-1.4258,-1.1167,2020/2021,2025/2026,False,False,OK
fact_match_events,event_id,standard_match,OPTIONAL,54,Bundesliga,2025/2026,6342,2313,36.4711,0,0,306,306,100.0,0.1199,-0.0096,2020/2021,2025/2026,False,False,OK
fact_match_events,event_id,standard_match,OPTIONAL,55,SerieA,2020/2021,7635,2949,38.6248,0,0,380,380,100.0,-0.6388,,2020/2021,2025/2026,False,False,OK
fact_match_events,event_id,standard_match,OPTIONAL,55,SerieA,2021/2022,7820,3054,39.0537,0,0,380,380,100.0,-2.0044,0.4289,2020/2021,2025/2026,False,False,OK
fact_match_events,event_id,standard_match,OPTIONAL,55,SerieA,2022/2023,7888,2901,36.7774,0,0,381,381,100.0,-0.0196,-2.2763,2020/2021,2025/2026,False,False,OK
fact_match_events,event_id,standard_match,OPTIONAL,55,SerieA,2023/2024,7893,2870,36.3613,0,0,379,380,99.7368,-3.9543,-0.4161,2020/2021,2025/2026,False,False,OK
fact_match_events,event_id,standard_match,OPTIONAL,55,SerieA,2024/2025,7680,2671,34.7786,0,0,380,380,100.0,-3.1279,-1.5827,2020/2021,2025/2026,False,False,OK
fact_match_events,event_id,standard_match,OPTIONAL,55,SerieA,2025/2026,7612,2536,33.3158,0,0,379,380,99.7368,-3.0354,-1.4628,2020/2021,2025/2026,False,False,OK
fact_match_events,event_id,standard_match,OPTIONAL,87,LaLiga,2020/2021,7433,2796,37.616,0,0,379,380,99.7368,-1.6476,,2020/2021,2025/2026,False,False,OK
fact_match_events,event_id,standard_match,OPTIONAL,87,LaLiga,2021/2022,8013,3117,38.8993,0,0,379,380,99.7368,-2.1588,1.2833,2020/2021,2025/2026,False,False,OK
fact_match_events,event_id,standard_match,OPTIONAL,87,LaLiga,2022/2023,8083,3136,38.7975,0,0,379,380,99.7368,2.0005,-0.1018,2020/2021,2025/2026,False,False,OK
fact_match_events,event_id,standard_match,OPTIONAL,87,LaLiga,2023/2024,8073,3064,37.9537,0,0,380,380,100.0,-2.3619,-0.8438,2020/2021,2025/2026,False,False,OK
fact_match_events,event_id,standard_match,OPTIONAL,87,LaLiga,2024/2025,7980,2956,37.0426,0,0,380,380,100.0,-0.8639,-0.9111,2020/2021,2025/2026,False,False,OK
fact_match_events,event_id,standard_match,OPTIONAL,87,LaLiga,2025/2026,8024,2947,36.7273,0,0,380,380,100.0,0.3761,-0.3153,2020/2021,2025/2026,False,False,OK
fact_match_events,event_type,standard_match,REQUIRED,47,EPL,2020/2021,5812,5812,100.0,0,0,380,380,100.0,,,2020/2021,2025/2026,False,False,OK
fact_match_events,event_type,standard_match,REQUIRED,47,EPL,2021/2022,6162,6162,100.0,0,0,380,380,100.0,,0.0,2020/2021,2025/2026,False,False,OK
fact_match_events,event_type,standard_match,REQUIRED,47,EPL,2022/2023,7112,7112,100.0,0,0,380,380,100.0,,0.0,2020/2021,2025/2026,False,False,OK
fact_match_events,event_type,standard_match,REQUIRED,47,EPL,2023/2024,7605,7605,100.0,0,0,380,380,100.0,,0.0,2020/2021,2025/2026,False,False,OK
fact_match_events,event_type,standard_match,REQUIRED,47,EPL,2024/2025,7595,7595,100.0,0,0,380,380,100.0,,0.0,2020/2021,2025/2026,False,False,OK
fact_match_events,event_type,standard_match,REQUIRED,47,EPL,2025/2026,7290,7290,100.0,0,0,380,380,100.0,,0.0,2020/2021,2025/2026,False,False,OK
fact_match_events,event_type,standard_match,REQUIRED,53,Ligue1,2020/2021,7212,7212,100.0,0,0,380,380,100.0,0.0,,2020/2021,2025/2026,False,False,OK
fact_match_events,event_type,standard_match,REQUIRED,53,Ligue1,2021/2022,7340,7340,100.0,0,0,380,380,100.0,0.0,0.0,2020/2021,2025/2026,False,False,OK
fact_match_events,event_type,standard_match,REQUIRED,53,Ligue1,2022/2023,7168,7168,100.0,0,0,380,380,100.0,0.0,0.0,2020/2021,2025/2026,False,False,OK
fact_match_events,event_type,standard_match,REQUIRED,53,Ligue1,2023/2024,6050,6050,100.0,0,0,306,306,100.0,0.0,0.0,2020/2021,2025/2026,False,False,OK
fact_match_events,event_type,standard_match,REQUIRED,53,Ligue1,2024/2025,6161,6161,100.0,0,0,306,306,100.0,0.0,0.0,2020/2021,2025/2026,False,False,OK
fact_match_events,event_type,standard_match,REQUIRED,53,Ligue1,2025/2026,6078,6078,100.0,0,0,305,305,100.0,0.0,0.0,2020/2021,2025/2026,False,False,OK
fact_match_events,event_type,standard_match,REQUIRED,54,Bundesliga,2020/2021,5779,5779,100.0,0,0,306,306,100.0,0.0,,2020/2021,2025/2026,False,False,OK
fact_match_events,event_type,standard_match,REQUIRED,54,Bundesliga,2021/2022,5904,5904,100.0,0,0,306,306,100.0,0.0,0.0,2020/2021,2025/2026,False,False,OK
fact_match_events,event_type,standard_match,REQUIRED,54,Bundesliga,2022/2023,6274,6274,100.0,0,0,306,306,100.0,0.0,0.0,2020/2021,2025/2026,False,False,OK
fact_match_events,event_type,standard_match,REQUIRED,54,Bundesliga,2023/2024,6418,6418,100.0,0,0,306,306,100.0,0.0,0.0,2020/2021,2025/2026,False,False,OK
fact_match_events,event_type,standard_match,REQUIRED,54,Bundesliga,2024/2025,6291,6291,100.0,0,0,306,306,100.0,0.0,0.0,2020/2021,2025/2026,False,False,OK
fact_match_events,event_type,standard_match,REQUIRED,54,Bundesliga,2025/2026,6342,6342,100.0,0,0,306,306,100.0,0.0,0.0,2020/2021,2025/2026,False,False,OK
fact_match_events,event_type,standard_match,REQUIRED,55,SerieA,2020/2021,7635,7635,100.0,0,0,380,380,100.0,0.0,,2020/2021,2025/2026,False,False,OK
fact_match_events,event_type,standard_match,REQUIRED,55,SerieA,2021/2022,7820,7820,100.0,0,0,380,380,100.0,0.0,0.0,2020/2021,2025/2026,False,False,OK
fact_match_events,event_type,standard_match,REQUIRED,55,SerieA,2022/2023,7888,7888,100.0,0,0,381,381,100.0,0.0,0.0,2020/2021,2025/2026,False,False,OK
fact_match_events,event_type,standard_match,REQUIRED,55,SerieA,2023/2024,7893,7893,100.0,0,0,380,380,100.0,0.0,0.0,2020/2021,2025/2026,False,False,OK
fact_match_events,event_type,standard_match,REQUIRED,55,SerieA,2024/2025,7680,7680,100.0,0,0,380,380,100.0,0.0,0.0,2020/2021,2025/2026,False,False,OK
fact_match_events,event_type,standard_match,REQUIRED,55,SerieA,2025/2026,7612,7612,100.0,0,0,380,380,100.0,0.0,0.0,2020/2021,2025/2026,False,False,OK
fact_match_events,event_type,standard_match,REQUIRED,87,LaLiga,2020/2021,7433,7433,100.0,0,0,380,380,100.0,0.0,,2020/2021,2025/2026,False,False,OK
fact_match_events,event_type,standard_match,REQUIRED,87,LaLiga,2021/2022,8013,8013,100.0,0,0,380,380,100.0,0.0,0.0,2020/2021,2025/2026,False,False,OK
fact_match_events,event_type,standard_match,REQUIRED,87,LaLiga,2022/2023,8083,8083,100.0,0,0,380,380,100.0,0.0,0.0,2020/2021,2025/2026,False,False,OK
fact_match_events,event_type,standard_match,REQUIRED,87,LaLiga,2023/2024,8073,8073,100.0,0,0,380,380,100.0,0.0,0.0,2020/2021,2025/2026,False,False,OK
fact_match_events,event_type,standard_match,REQUIRED,87,LaLiga,2024/2025,7980,7980,100.0,0,0,380,380,100.0,0.0,0.0,2020/2021,2025/2026,False,False,OK
fact_match_events,event_type,standard_match,REQUIRED,87,LaLiga,2025/2026,8024,8024,100.0,0,0,380,380,100.0,0.0,0.0,2020/2021,2025/2026,False,False,OK
fact_match_events,minutes_added,standard_match,CONDITIONAL,47,EPL,2020/2021,737,737,100.0,0,0,380,380,100.0,,,2020/2021,2025/2026,False,False,OK
fact_match_events,minutes_added,standard_match,CONDITIONAL,47,EPL,2021/2022,746,746,100.0,0,0,380,380,100.0,,0.0,2020/2021,2025/2026,False,False,OK
fact_match_events,minutes_added,standard_match,CONDITIONAL,47,EPL,2022/2023,750,750,100.0,0,0,380,380,100.0,,0.0,2020/2021,2025/2026,False,False,OK
fact_match_events,minutes_added,standard_match,CONDITIONAL,47,EPL,2023/2024,755,755,100.0,0,0,380,380,100.0,,0.0,2020/2021,2025/2026,False,False,OK
fact_match_events,minutes_added,standard_match,CONDITIONAL,47,EPL,2024/2025,749,749,100.0,0,0,380,380,100.0,,0.0,2020/2021,2025/2026,False,False,OK
fact_match_events,minutes_added,standard_match,CONDITIONAL,47,EPL,2025/2026,748,748,100.0,0,0,379,379,100.0,,0.0,2020/2021,2025/2026,False,False,OK
fact_match_events,minutes_added,standard_match,CONDITIONAL,53,Ligue1,2020/2021,632,632,100.0,0,0,377,377,100.0,0.0,,2020/2021,2025/2026,False,False,OK
fact_match_events,minutes_added,standard_match,CONDITIONAL,53,Ligue1,2021/2022,672,672,100.0,0,0,380,380,100.0,0.0,0.0,2020/2021,2025/2026,False,False,OK
fact_match_events,minutes_added,standard_match,CONDITIONAL,53,Ligue1,2022/2023,672,672,100.0,0,0,376,376,100.0,0.0,0.0,2020/2021,2025/2026,False,False,OK
fact_match_events,minutes_added,standard_match,CONDITIONAL,53,Ligue1,2023/2024,594,594,100.0,0,0,306,306,100.0,0.0,0.0,2020/2021,2025/2026,False,False,OK
fact_match_events,minutes_added,standard_match,CONDITIONAL,53,Ligue1,2024/2025,597,597,100.0,0,0,305,305,100.0,0.0,0.0,2020/2021,2025/2026,False,False,OK
fact_match_events,minutes_added,standard_match,CONDITIONAL,53,Ligue1,2025/2026,589,589,100.0,0,0,303,303,100.0,0.0,0.0,2020/2021,2025/2026,False,False,OK
fact_match_events,minutes_added,standard_match,CONDITIONAL,54,Bundesliga,2020/2021,493,493,100.0,0,0,293,293,100.0,0.0,,2020/2021,2025/2026,False,False,OK
fact_match_events,minutes_added,standard_match,CONDITIONAL,54,Bundesliga,2021/2022,512,512,100.0,0,0,296,296,100.0,0.0,0.0,2020/2021,2025/2026,False,False,OK
fact_match_events,minutes_added,standard_match,CONDITIONAL,54,Bundesliga,2022/2023,551,551,100.0,0,0,302,302,100.0,0.0,0.0,2020/2021,2025/2026,False,False,OK
fact_match_events,minutes_added,standard_match,CONDITIONAL,54,Bundesliga,2023/2024,599,599,100.0,0,0,306,306,100.0,0.0,0.0,2020/2021,2025/2026,False,False,OK
fact_match_events,minutes_added,standard_match,CONDITIONAL,54,Bundesliga,2024/2025,588,588,100.0,0,0,305,305,100.0,0.0,0.0,2020/2021,2025/2026,False,False,OK
fact_match_events,minutes_added,standard_match,CONDITIONAL,54,Bundesliga,2025/2026,594,594,100.0,0,0,305,305,100.0,0.0,0.0,2020/2021,2025/2026,False,False,OK
fact_match_events,minutes_added,standard_match,CONDITIONAL,55,SerieA,2020/2021,641,641,100.0,0,0,377,377,100.0,0.0,,2020/2021,2025/2026,False,False,OK
fact_match_events,minutes_added,standard_match,CONDITIONAL,55,SerieA,2021/2022,649,649,100.0,0,0,375,375,100.0,0.0,0.0,2020/2021,2025/2026,False,False,OK
fact_match_events,minutes_added,standard_match,CONDITIONAL,55,SerieA,2022/2023,691,691,100.0,0,0,378,378,100.0,0.0,0.0,2020/2021,2025/2026,False,False,OK
fact_match_events,minutes_added,standard_match,CONDITIONAL,55,SerieA,2023/2024,712,712,100.0,0,0,379,379,100.0,0.0,0.0,2020/2021,2025/2026,False,False,OK
fact_match_events,minutes_added,standard_match,CONDITIONAL,55,SerieA,2024/2025,723,723,100.0,0,0,379,379,100.0,0.0,0.0,2020/2021,2025/2026,False,False,OK
fact_match_events,minutes_added,standard_match,CONDITIONAL,55,SerieA,2025/2026,748,748,100.0,0,0,380,380,100.0,0.0,0.0,2020/2021,2025/2026,False,False,OK
fact_match_events,minutes_added,standard_match,CONDITIONAL,87,LaLiga,2020/2021,628,628,100.0,0,0,377,377,100.0,0.0,,2020/2021,2025/2026,False,False,OK
fact_match_events,minutes_added,standard_match,CONDITIONAL,87,LaLiga,2021/2022,690,690,100.0,0,0,379,379,100.0,0.0,0.0,2020/2021,2025/2026,False,False,OK
fact_match_events,minutes_added,standard_match,CONDITIONAL,87,LaLiga,2022/2023,709,709,100.0,0,0,380,380,100.0,0.0,0.0,2020/2021,2025/2026,False,False,OK
fact_match_events,minutes_added,standard_match,CONDITIONAL,87,LaLiga,2023/2024,721,721,100.0,0,0,379,379,100.0,0.0,0.0,2020/2021,2025/2026,False,False,OK
fact_match_events,minutes_added,standard_match,CONDITIONAL,87,LaLiga,2024/2025,725,725,100.0,0,0,380,380,100.0,0.0,0.0,2020/2021,2025/2026,False,False,OK
fact_match_events,minutes_added,standard_match,CONDITIONAL,87,LaLiga,2025/2026,725,725,100.0,0,0,379,379,100.0,0.0,0.0,2020/2021,2025/2026,False,False,OK
fact_match_events,overload_time,standard_match,CONDITIONAL,47,EPL,2020/2021,737,0,0.0,0,0,0,380,0.0,,,2020/2021,2025/2026,True,False,OK
fact_match_events,overload_time,standard_match,CONDITIONAL,47,EPL,2021/2022,746,0,0.0,0,0,0,380,0.0,,0.0,2020/2021,2025/2026,True,False,OK
fact_match_events,overload_time,standard_match,CONDITIONAL,47,EPL,2022/2023,750,0,0.0,0,0,0,380,0.0,,0.0,2020/2021,2025/2026,True,False,OK
fact_match_events,overload_time,standard_match,CONDITIONAL,47,EPL,2023/2024,755,0,0.0,0,0,0,380,0.0,,0.0,2020/2021,2025/2026,True,False,OK
fact_match_events,overload_time,standard_match,CONDITIONAL,47,EPL,2024/2025,749,0,0.0,0,0,0,380,0.0,,0.0,2020/2021,2025/2026,True,False,OK
fact_match_events,overload_time,standard_match,CONDITIONAL,47,EPL,2025/2026,748,0,0.0,0,0,0,379,0.0,,0.0,2020/2021,2025/2026,True,False,OK
fact_match_events,overload_time,standard_match,CONDITIONAL,53,Ligue1,2020/2021,632,0,0.0,0,0,0,377,0.0,0.0,,2020/2021,2025/2026,True,False,OK
fact_match_events,overload_time,standard_match,CONDITIONAL,53,Ligue1,2021/2022,672,0,0.0,0,0,0,380,0.0,0.0,0.0,2020/2021,2025/2026,True,False,OK
fact_match_events,overload_time,standard_match,CONDITIONAL,53,Ligue1,2022/2023,672,0,0.0,0,0,0,376,0.0,0.0,0.0,2020/2021,2025/2026,True,False,OK
fact_match_events,overload_time,standard_match,CONDITIONAL,53,Ligue1,2023/2024,594,0,0.0,0,0,0,306,0.0,0.0,0.0,2020/2021,2025/2026,True,False,OK
fact_match_events,overload_time,standard_match,CONDITIONAL,53,Ligue1,2024/2025,597,0,0.0,0,0,0,305,0.0,0.0,0.0,2020/2021,2025/2026,True,False,OK
fact_match_events,overload_time,standard_match,CONDITIONAL,53,Ligue1,2025/2026,589,0,0.0,0,0,0,303,0.0,0.0,0.0,2020/2021,2025/2026,True,False,OK
fact_match_events,overload_time,standard_match,CONDITIONAL,54,Bundesliga,2020/2021,493,0,0.0,0,0,0,293,0.0,0.0,,2020/2021,2025/2026,True,False,OK
fact_match_events,overload_time,standard_match,CONDITIONAL,54,Bundesliga,2021/2022,512,0,0.0,0,0,0,296,0.0,0.0,0.0,2020/2021,2025/2026,True,False,OK
fact_match_events,overload_time,standard_match,CONDITIONAL,54,Bundesliga,2022/2023,551,0,0.0,0,0,0,302,0.0,0.0,0.0,2020/2021,2025/2026,True,False,OK
fact_match_events,overload_time,standard_match,CONDITIONAL,54,Bundesliga,2023/2024,599,0,0.0,0,0,0,306,0.0,0.0,0.0,2020/2021,2025/2026,True,False,OK
fact_match_events,overload_time,standard_match,CONDITIONAL,54,Bundesliga,2024/2025,588,0,0.0,0,0,0,305,0.0,0.0,0.0,2020/2021,2025/2026,True,False,OK
fact_match_events,overload_time,standard_match,CONDITIONAL,54,Bundesliga,2025/2026,594,0,0.0,0,0,0,305,0.0,0.0,0.0,2020/2021,2025/2026,True,False,OK
fact_match_events,overload_time,standard_match,CONDITIONAL,55,SerieA,2020/2021,641,0,0.0,0,0,0,377,0.0,0.0,,2020/2021,2025/2026,True,False,OK
fact_match_events,overload_time,standard_match,CONDITIONAL,55,SerieA,2021/2022,649,0,0.0,0,0,0,375,0.0,0.0,0.0,2020/2021,2025/2026,True,False,OK
fact_match_events,overload_time,standard_match,CONDITIONAL,55,SerieA,2022/2023,691,0,0.0,0,0,0,378,0.0,0.0,0.0,2020/2021,2025/2026,True,False,OK
fact_match_events,overload_time,standard_match,CONDITIONAL,55,SerieA,2023/2024,712,0,0.0,0,0,0,379,0.0,0.0,0.0,2020/2021,2025/2026,True,False,OK
fact_match_events,overload_time,standard_match,CONDITIONAL,55,SerieA,2024/2025,723,0,0.0,0,0,0,379,0.0,0.0,0.0,2020/2021,2025/2026,True,False,OK
fact_match_events,overload_time,standard_match,CONDITIONAL,55,SerieA,2025/2026,748,0,0.0,0,0,0,380,0.0,0.0,0.0,2020/2021,2025/2026,True,False,OK
fact_match_events,overload_time,standard_match,CONDITIONAL,87,LaLiga,2020/2021,628,0,0.0,0,0,0,377,0.0,0.0,,2020/2021,2025/2026,True,False,OK
fact_match_events,overload_time,standard_match,CONDITIONAL,87,LaLiga,2021/2022,690,0,0.0,0,0,0,379,0.0,0.0,0.0,2020/2021,2025/2026,True,False,OK
fact_match_events,overload_time,standard_match,CONDITIONAL,87,LaLiga,2022/2023,709,0,0.0,0,0,0,380,0.0,0.0,0.0,2020/2021,2025/2026,True,False,OK
fact_match_events,overload_time,standard_match,CONDITIONAL,87,LaLiga,2023/2024,721,0,0.0,0,0,0,379,0.0,0.0,0.0,2020/2021,2025/2026,True,False,OK
fact_match_events,overload_time,standard_match,CONDITIONAL,87,LaLiga,2024/2025,725,0,0.0,0,0,0,380,0.0,0.0,0.0,2020/2021,2025/2026,True,False,OK
fact_match_events,overload_time,standard_match,CONDITIONAL,87,LaLiga,2025/2026,725,0,0.0,0,0,0,379,0.0,0.0,0.0,2020/2021,2025/2026,True,False,OK
fact_match_events,player_id,standard_match,CONDITIONAL,47,EPL,2020/2021,4315,2282,52.8853,0,0,379,380,99.7368,,,2020/2021,2025/2026,False,False,OK
fact_match_events,player_id,standard_match,CONDITIONAL,47,EPL,2021/2022,4656,2530,54.3385,0,0,379,380,99.7368,,1.4532,2020/2021,2025/2026,False,False,OK
fact_match_events,player_id,standard_match,CONDITIONAL,47,EPL,2022/2023,5602,2617,46.7155,0,0,379,380,99.7368,,-7.623,2020/2021,2025/2026,False,False,OK
fact_match_events,player_id,standard_match,CONDITIONAL,47,EPL,2023/2024,6090,3066,50.3448,0,0,380,380,100.0,,3.6293,2020/2021,2025/2026,False,False,OK
fact_match_events,player_id,standard_match,CONDITIONAL,47,EPL,2024/2025,6086,2879,47.3053,0,0,380,380,100.0,,-3.0395,2020/2021,2025/2026,False,False,OK
fact_match_events,player_id,standard_match,CONDITIONAL,47,EPL,2025/2026,5782,2650,45.8319,0,0,380,380,100.0,,-1.4734,2020/2021,2025/2026,False,False,OK
fact_match_events,player_id,standard_match,CONDITIONAL,53,Ligue1,2020/2021,5820,2683,46.0997,0,0,380,380,100.0,-6.7856,,2020/2021,2025/2026,False,False,OK
fact_match_events,player_id,standard_match,CONDITIONAL,53,Ligue1,2021/2022,5908,2742,46.4116,0,0,380,380,100.0,-7.9269,0.3119,2020/2021,2025/2026,False,False,OK
fact_match_events,player_id,standard_match,CONDITIONAL,53,Ligue1,2022/2023,5736,2548,44.4212,0,0,379,380,99.7368,-2.2943,-1.9904,2020/2021,2025/2026,False,False,OK
fact_match_events,player_id,standard_match,CONDITIONAL,53,Ligue1,2023/2024,4844,2181,45.0248,0,0,304,306,99.3464,-5.32,0.6036,2020/2021,2025/2026,False,False,OK
fact_match_events,player_id,standard_match,CONDITIONAL,53,Ligue1,2024/2025,4952,2270,45.8401,0,0,305,306,99.6732,-1.4652,0.8153,2020/2021,2025/2026,False,False,OK
fact_match_events,player_id,standard_match,CONDITIONAL,53,Ligue1,2025/2026,4879,2201,45.1117,0,0,305,305,100.0,-0.7202,-0.7284,2020/2021,2025/2026,False,False,OK
fact_match_events,player_id,standard_match,CONDITIONAL,54,Bundesliga,2020/2021,4674,2135,45.6782,0,0,305,306,99.6732,-7.2071,,2020/2021,2025/2026,False,False,OK
fact_match_events,player_id,standard_match,CONDITIONAL,54,Bundesliga,2021/2022,4780,2121,44.3724,0,0,306,306,100.0,-9.9661,-1.3058,2020/2021,2025/2026,False,False,OK
fact_match_events,player_id,standard_match,CONDITIONAL,54,Bundesliga,2022/2023,5111,2363,46.2336,0,0,306,306,100.0,-0.4819,1.8612,2020/2021,2025/2026,False,False,OK
fact_match_events,player_id,standard_match,CONDITIONAL,54,Bundesliga,2023/2024,5207,2413,46.3415,0,0,306,306,100.0,-4.0033,0.1079,2020/2021,2025/2026,False,False,OK
fact_match_events,player_id,standard_match,CONDITIONAL,54,Bundesliga,2024/2025,5091,2295,45.0796,0,0,306,306,100.0,-2.2257,-1.2619,2020/2021,2025/2026,False,False,OK
fact_match_events,player_id,standard_match,CONDITIONAL,54,Bundesliga,2025/2026,5136,2312,45.0156,0,0,306,306,100.0,-0.8163,-0.064,2020/2021,2025/2026,False,False,OK
fact_match_events,player_id,standard_match,CONDITIONAL,55,SerieA,2020/2021,6234,2949,47.3051,0,0,380,380,100.0,-5.5802,,2020/2021,2025/2026,False,False,OK
fact_match_events,player_id,standard_match,CONDITIONAL,55,SerieA,2021/2022,6411,3054,47.6369,0,0,380,380,100.0,-6.7016,0.3318,2020/2021,2025/2026,False,False,OK
fact_match_events,player_id,standard_match,CONDITIONAL,55,SerieA,2022/2023,6435,2901,45.0816,0,0,381,381,100.0,-1.6339,-2.5553,2020/2021,2025/2026,False,False,OK
fact_match_events,player_id,standard_match,CONDITIONAL,55,SerieA,2023/2024,6421,2870,44.6971,0,0,379,380,99.7368,-5.6477,-0.3845,2020/2021,2025/2026,False,False,OK
fact_match_events,player_id,standard_match,CONDITIONAL,55,SerieA,2024/2025,6197,2671,43.1015,0,0,380,380,100.0,-4.2038,-1.5956,2020/2021,2025/2026,False,False,OK
fact_match_events,player_id,standard_match,CONDITIONAL,55,SerieA,2025/2026,6104,2536,41.5465,0,0,379,380,99.7368,-4.2854,-1.555,2020/2021,2025/2026,False,False,OK
fact_match_events,player_id,standard_match,CONDITIONAL,87,LaLiga,2020/2021,6045,2796,46.2531,0,0,379,380,99.7368,-6.6322,,2020/2021,2025/2026,False,False,OK
fact_match_events,player_id,standard_match,CONDITIONAL,87,LaLiga,2021/2022,6563,3117,47.4935,0,0,379,380,99.7368,-6.845,1.2404,2020/2021,2025/2026,False,False,OK
fact_match_events,player_id,standard_match,CONDITIONAL,87,LaLiga,2022/2023,6614,3136,47.4146,0,0,379,380,99.7368,0.6991,-0.0789,2020/2021,2025/2026,False,False,OK
fact_match_events,player_id,standard_match,CONDITIONAL,87,LaLiga,2023/2024,6592,3063,46.4654,0,0,380,380,100.0,-3.8794,-0.9492,2020/2021,2025/2026,False,False,OK
fact_match_events,player_id,standard_match,CONDITIONAL,87,LaLiga,2024/2025,6495,2956,45.5119,0,0,380,380,100.0,-1.7934,-0.9535,2020/2021,2025/2026,False,False,OK
fact_match_events,player_id,standard_match,CONDITIONAL,87,LaLiga,2025/2026,6539,2947,45.0681,0,0,380,380,100.0,-0.7638,-0.4438,2020/2021,2025/2026,False,False,OK
fact_match_events,sub_in_player_id,standard_match,CONDITIONAL,47,EPL,2020/2021,2033,2033,100.0,0,0,380,380,100.0,,,2020/2021,2025/2026,False,False,OK
fact_match_events,sub_in_player_id,standard_match,CONDITIONAL,47,EPL,2021/2022,2125,2125,100.0,0,0,380,380,100.0,,0.0,2020/2021,2025/2026,False,False,OK
fact_match_events,sub_in_player_id,standard_match,CONDITIONAL,47,EPL,2022/2023,2985,2985,100.0,0,0,380,380,100.0,,0.0,2020/2021,2025/2026,False,False,OK
fact_match_events,sub_in_player_id,standard_match,CONDITIONAL,47,EPL,2023/2024,3024,3024,100.0,0,0,380,380,100.0,,0.0,2020/2021,2025/2026,False,False,OK
fact_match_events,sub_in_player_id,standard_match,CONDITIONAL,47,EPL,2024/2025,3207,3207,100.0,0,0,380,380,100.0,,0.0,2020/2021,2025/2026,False,False,OK
fact_match_events,sub_in_player_id,standard_match,CONDITIONAL,47,EPL,2025/2026,3132,3132,100.0,0,0,380,380,100.0,,0.0,2020/2021,2025/2026,False,False,OK
fact_match_events,sub_in_player_id,standard_match,CONDITIONAL,53,Ligue1,2020/2021,3137,3137,100.0,0,0,380,380,100.0,0.0,,2020/2021,2025/2026,False,False,OK
fact_match_events,sub_in_player_id,standard_match,CONDITIONAL,53,Ligue1,2021/2022,3166,3166,100.0,0,0,380,380,100.0,0.0,0.0,2020/2021,2025/2026,False,False,OK
fact_match_events,sub_in_player_id,standard_match,CONDITIONAL,53,Ligue1,2022/2023,3187,3187,100.0,0,0,380,380,100.0,0.0,0.0,2020/2021,2025/2026,False,False,OK
fact_match_events,sub_in_player_id,standard_match,CONDITIONAL,53,Ligue1,2023/2024,2662,2662,100.0,0,0,306,306,100.0,0.0,0.0,2020/2021,2025/2026,False,False,OK
fact_match_events,sub_in_player_id,standard_match,CONDITIONAL,53,Ligue1,2024/2025,2681,2681,100.0,0,0,306,306,100.0,0.0,0.0,2020/2021,2025/2026,False,False,OK
fact_match_events,sub_in_player_id,standard_match,CONDITIONAL,53,Ligue1,2025/2026,2677,2677,100.0,0,0,305,305,100.0,0.0,0.0,2020/2021,2025/2026,False,False,OK
fact_match_events,sub_in_player_id,standard_match,CONDITIONAL,54,Bundesliga,2020/2021,2539,2539,100.0,0,0,306,306,100.0,0.0,,2020/2021,2025/2026,False,False,OK
fact_match_events,sub_in_player_id,standard_match,CONDITIONAL,54,Bundesliga,2021/2022,2659,2659,100.0,0,0,306,306,100.0,0.0,0.0,2020/2021,2025/2026,False,False,OK
fact_match_events,sub_in_player_id,standard_match,CONDITIONAL,54,Bundesliga,2022/2023,2748,2748,100.0,0,0,306,306,100.0,0.0,0.0,2020/2021,2025/2026,False,False,OK
fact_match_events,sub_in_player_id,standard_match,CONDITIONAL,54,Bundesliga,2023/2024,2794,2794,100.0,0,0,306,306,100.0,0.0,0.0,2020/2021,2025/2026,False,False,OK
fact_match_events,sub_in_player_id,standard_match,CONDITIONAL,54,Bundesliga,2024/2025,2796,2796,100.0,0,0,306,306,100.0,0.0,0.0,2020/2021,2025/2026,False,False,OK
fact_match_events,sub_in_player_id,standard_match,CONDITIONAL,54,Bundesliga,2025/2026,2823,2823,100.0,0,0,306,306,100.0,0.0,0.0,2020/2021,2025/2026,False,False,OK
fact_match_events,sub_in_player_id,standard_match,CONDITIONAL,55,SerieA,2020/2021,3284,3284,100.0,0,0,380,380,100.0,0.0,,2020/2021,2025/2026,False,False,OK
fact_match_events,sub_in_player_id,standard_match,CONDITIONAL,55,SerieA,2021/2022,3357,3357,100.0,0,0,380,380,100.0,0.0,0.0,2020/2021,2025/2026,False,False,OK
fact_match_events,sub_in_player_id,standard_match,CONDITIONAL,55,SerieA,2022/2023,3534,3534,100.0,0,0,381,381,100.0,0.0,0.0,2020/2021,2025/2026,False,False,OK
fact_match_events,sub_in_player_id,standard_match,CONDITIONAL,55,SerieA,2023/2024,3551,3551,100.0,0,0,380,380,100.0,0.0,0.0,2020/2021,2025/2026,False,False,OK
fact_match_events,sub_in_player_id,standard_match,CONDITIONAL,55,SerieA,2024/2025,3526,3526,100.0,0,0,380,380,100.0,0.0,0.0,2020/2021,2025/2026,False,False,OK
fact_match_events,sub_in_player_id,standard_match,CONDITIONAL,55,SerieA,2025/2026,3568,3568,100.0,0,0,380,380,100.0,0.0,0.0,2020/2021,2025/2026,False,False,OK
fact_match_events,sub_in_player_id,standard_match,CONDITIONAL,87,LaLiga,2020/2021,3247,3247,100.0,0,0,380,380,100.0,0.0,,2020/2021,2025/2026,False,False,OK
fact_match_events,sub_in_player_id,standard_match,CONDITIONAL,87,LaLiga,2021/2022,3446,3446,100.0,0,0,380,380,100.0,0.0,0.0,2020/2021,2025/2026,False,False,OK
fact_match_events,sub_in_player_id,standard_match,CONDITIONAL,87,LaLiga,2022/2023,3478,3478,100.0,0,0,380,380,100.0,0.0,0.0,2020/2021,2025/2026,False,False,OK
fact_match_events,sub_in_player_id,standard_match,CONDITIONAL,87,LaLiga,2023/2024,3528,3528,100.0,0,0,380,380,100.0,0.0,0.0,2020/2021,2025/2026,False,False,OK
fact_match_events,sub_in_player_id,standard_match,CONDITIONAL,87,LaLiga,2024/2025,3539,3539,100.0,0,0,380,380,100.0,0.0,0.0,2020/2021,2025/2026,False,False,OK
fact_match_events,sub_in_player_id,standard_match,CONDITIONAL,87,LaLiga,2025/2026,3592,3592,100.0,0,0,380,380,100.0,0.0,0.0,2020/2021,2025/2026,False,False,OK
fact_match_events,sub_out_player_id,standard_match,CONDITIONAL,47,EPL,2020/2021,2033,2033,100.0,0,0,380,380,100.0,,,2020/2021,2025/2026,False,False,OK
fact_match_events,sub_out_player_id,standard_match,CONDITIONAL,47,EPL,2021/2022,2125,2125,100.0,0,0,380,380,100.0,,0.0,2020/2021,2025/2026,False,False,OK
fact_match_events,sub_out_player_id,standard_match,CONDITIONAL,47,EPL,2022/2023,2985,2985,100.0,0,0,380,380,100.0,,0.0,2020/2021,2025/2026,False,False,OK
fact_match_events,sub_out_player_id,standard_match,CONDITIONAL,47,EPL,2023/2024,3024,3024,100.0,0,0,380,380,100.0,,0.0,2020/2021,2025/2026,False,False,OK
fact_match_events,sub_out_player_id,standard_match,CONDITIONAL,47,EPL,2024/2025,3207,3207,100.0,0,0,380,380,100.0,,0.0,2020/2021,2025/2026,False,False,OK
fact_match_events,sub_out_player_id,standard_match,CONDITIONAL,47,EPL,2025/2026,3132,3132,100.0,0,0,380,380,100.0,,0.0,2020/2021,2025/2026,False,False,OK
fact_match_events,sub_out_player_id,standard_match,CONDITIONAL,53,Ligue1,2020/2021,3137,3137,100.0,0,0,380,380,100.0,0.0,,2020/2021,2025/2026,False,False,OK
fact_match_events,sub_out_player_id,standard_match,CONDITIONAL,53,Ligue1,2021/2022,3166,3166,100.0,0,0,380,380,100.0,0.0,0.0,2020/2021,2025/2026,False,False,OK
fact_match_events,sub_out_player_id,standard_match,CONDITIONAL,53,Ligue1,2022/2023,3187,3187,100.0,0,0,380,380,100.0,0.0,0.0,2020/2021,2025/2026,False,False,OK
fact_match_events,sub_out_player_id,standard_match,CONDITIONAL,53,Ligue1,2023/2024,2662,2662,100.0,0,0,306,306,100.0,0.0,0.0,2020/2021,2025/2026,False,False,OK
fact_match_events,sub_out_player_id,standard_match,CONDITIONAL,53,Ligue1,2024/2025,2681,2681,100.0,0,0,306,306,100.0,0.0,0.0,2020/2021,2025/2026,False,False,OK
fact_match_events,sub_out_player_id,standard_match,CONDITIONAL,53,Ligue1,2025/2026,2677,2677,100.0,0,0,305,305,100.0,0.0,0.0,2020/2021,2025/2026,False,False,OK
fact_match_events,sub_out_player_id,standard_match,CONDITIONAL,54,Bundesliga,2020/2021,2539,2539,100.0,0,0,306,306,100.0,0.0,,2020/2021,2025/2026,False,False,OK
fact_match_events,sub_out_player_id,standard_match,CONDITIONAL,54,Bundesliga,2021/2022,2659,2659,100.0,0,0,306,306,100.0,0.0,0.0,2020/2021,2025/2026,False,False,OK
fact_match_events,sub_out_player_id,standard_match,CONDITIONAL,54,Bundesliga,2022/2023,2748,2748,100.0,0,0,306,306,100.0,0.0,0.0,2020/2021,2025/2026,False,False,OK
fact_match_events,sub_out_player_id,standard_match,CONDITIONAL,54,Bundesliga,2023/2024,2794,2794,100.0,0,0,306,306,100.0,0.0,0.0,2020/2021,2025/2026,False,False,OK
fact_match_events,sub_out_player_id,standard_match,CONDITIONAL,54,Bundesliga,2024/2025,2796,2796,100.0,0,0,306,306,100.0,0.0,0.0,2020/2021,2025/2026,False,False,OK
fact_match_events,sub_out_player_id,standard_match,CONDITIONAL,54,Bundesliga,2025/2026,2823,2823,100.0,0,0,306,306,100.0,0.0,0.0,2020/2021,2025/2026,False,False,OK
fact_match_events,sub_out_player_id,standard_match,CONDITIONAL,55,SerieA,2020/2021,3284,3284,100.0,0,0,380,380,100.0,0.0,,2020/2021,2025/2026,False,False,OK
fact_match_events,sub_out_player_id,standard_match,CONDITIONAL,55,SerieA,2021/2022,3357,3357,100.0,0,0,380,380,100.0,0.0,0.0,2020/2021,2025/2026,False,False,OK
fact_match_events,sub_out_player_id,standard_match,CONDITIONAL,55,SerieA,2022/2023,3534,3534,100.0,0,0,381,381,100.0,0.0,0.0,2020/2021,2025/2026,False,False,OK
fact_match_events,sub_out_player_id,standard_match,CONDITIONAL,55,SerieA,2023/2024,3551,3551,100.0,0,0,380,380,100.0,0.0,0.0,2020/2021,2025/2026,False,False,OK
fact_match_events,sub_out_player_id,standard_match,CONDITIONAL,55,SerieA,2024/2025,3526,3526,100.0,0,0,380,380,100.0,0.0,0.0,2020/2021,2025/2026,False,False,OK
fact_match_events,sub_out_player_id,standard_match,CONDITIONAL,55,SerieA,2025/2026,3568,3568,100.0,0,0,380,380,100.0,0.0,0.0,2020/2021,2025/2026,False,False,OK
fact_match_events,sub_out_player_id,standard_match,CONDITIONAL,87,LaLiga,2020/2021,3247,3247,100.0,0,0,380,380,100.0,0.0,,2020/2021,2025/2026,False,False,OK
fact_match_events,sub_out_player_id,standard_match,CONDITIONAL,87,LaLiga,2021/2022,3446,3446,100.0,0,0,380,380,100.0,0.0,0.0,2020/2021,2025/2026,False,False,OK
fact_match_events,sub_out_player_id,standard_match,CONDITIONAL,87,LaLiga,2022/2023,3478,3478,100.0,0,0,380,380,100.0,0.0,0.0,2020/2021,2025/2026,False,False,OK
fact_match_events,sub_out_player_id,standard_match,CONDITIONAL,87,LaLiga,2023/2024,3528,3528,100.0,0,0,380,380,100.0,0.0,0.0,2020/2021,2025/2026,False,False,OK
fact_match_events,sub_out_player_id,standard_match,CONDITIONAL,87,LaLiga,2024/2025,3539,3539,100.0,0,0,380,380,100.0,0.0,0.0,2020/2021,2025/2026,False,False,OK
fact_match_events,sub_out_player_id,standard_match,CONDITIONAL,87,LaLiga,2025/2026,3592,3592,100.0,0,0,380,380,100.0,0.0,0.0,2020/2021,2025/2026,False,False,OK
fact_match_lineup,country_code,standard_match,REQUIRED,47,EPL,2020/2021,14643,11923,81.4246,0,0,310,380,81.5789,,,2020/2021,2025/2026,False,False,OK
fact_match_lineup,country_code,standard_match,REQUIRED,47,EPL,2021/2022,15162,11009,72.6092,8,0,276,380,72.6316,,-8.8154,2020/2021,2025/2026,False,False,OK
fact_match_lineup,country_code,standard_match,REQUIRED,47,EPL,2022/2023,15185,10151,66.8489,0,0,254,380,66.8421,,-5.7603,2020/2021,2025/2026,False,False,OK
fact_match_lineup,country_code,standard_match,REQUIRED,47,EPL,2023/2024,15180,12908,85.0329,14,0,323,380,85.0,,18.184,2020/2021,2025/2026,False,False,OK
fact_match_lineup,country_code,standard_match,REQUIRED,47,EPL,2024/2025,15188,15188,100.0,0,0,380,380,100.0,,14.9671,2020/2021,2025/2026,False,False,OK
fact_match_lineup,country_code,standard_match,REQUIRED,47,EPL,2025/2026,15189,15189,100.0,0,0,380,380,100.0,,0.0,2020/2021,2025/2026,False,False,OK
fact_match_lineup,country_code,standard_match,REQUIRED,53,Ligue1,2020/2021,15144,12955,85.5454,33,0,325,380,85.5263,4.1208,,2020/2021,2025/2026,False,False,OK
fact_match_lineup,country_code,standard_match,REQUIRED,53,Ligue1,2021/2022,15091,10831,71.7713,0,0,273,380,71.8421,-0.8379,-13.7741,2020/2021,2025/2026,False,False,OK
fact_match_lineup,country_code,standard_match,REQUIRED,53,Ligue1,2022/2023,15069,9798,65.0209,24,0,247,380,65.0,-1.828,-6.7504,2020/2021,2025/2026,False,False,OK
fact_match_lineup,country_code,standard_match,REQUIRED,53,Ligue1,2023/2024,12225,10190,83.3538,0,0,255,306,83.3333,-1.6791,18.3329,2020/2021,2025/2026,False,False,OK
fact_match_lineup,country_code,standard_match,REQUIRED,53,Ligue1,2024/2025,12218,12218,100.0,32,0,306,306,100.0,0.0,16.6462,2020/2021,2025/2026,False,False,OK
fact_match_lineup,country_code,standard_match,REQUIRED,53,Ligue1,2025/2026,12205,12205,100.0,29,0,306,306,100.0,0.0,0.0,2020/2021,2025/2026,False,False,OK
fact_match_lineup,country_code,standard_match,REQUIRED,54,Bundesliga,2020/2021,12157,11638,95.7309,17,0,293,306,95.7516,14.3063,,2020/2021,2025/2026,False,False,OK
fact_match_lineup,country_code,standard_match,REQUIRED,54,Bundesliga,2021/2022,12125,12006,99.0186,12,0,303,306,99.0196,26.4094,3.2877,2020/2021,2025/2026,False,False,OK
fact_match_lineup,country_code,standard_match,REQUIRED,54,Bundesliga,2022/2023,12169,7911,65.0095,0,0,199,306,65.0327,-1.8394,-34.0091,2020/2021,2025/2026,False,False,OK
fact_match_lineup,country_code,standard_match,REQUIRED,54,Bundesliga,2023/2024,12152,10316,84.8914,0,0,260,306,84.9673,-0.1415,19.8819,2020/2021,2025/2026,False,False,OK
fact_match_lineup,country_code,standard_match,REQUIRED,54,Bundesliga,2024/2025,12208,12208,100.0,0,0,306,306,100.0,0.0,15.1086,2020/2021,2025/2026,False,False,OK
fact_match_lineup,country_code,standard_match,REQUIRED,54,Bundesliga,2025/2026,12218,12218,100.0,0,0,306,306,100.0,0.0,0.0,2020/2021,2025/2026,False,False,OK
fact_match_lineup,country_code,standard_match,REQUIRED,55,SerieA,2020/2021,17066,14475,84.8178,0,0,322,380,84.7368,3.3932,,2020/2021,2025/2026,False,False,OK
fact_match_lineup,country_code,standard_match,REQUIRED,55,SerieA,2021/2022,16925,12377,73.1285,0,0,279,380,73.4211,0.5193,-11.6893,2020/2021,2025/2026,False,False,OK
fact_match_lineup,country_code,standard_match,REQUIRED,55,SerieA,2022/2023,17875,11988,67.0657,0,0,255,381,66.9291,0.2168,-6.0628,2020/2021,2025/2026,False,False,OK
fact_match_lineup,country_code,standard_match,REQUIRED,55,SerieA,2023/2024,17692,15002,84.7954,0,0,323,380,85.0,-0.2375,17.7297,2020/2021,2025/2026,False,False,OK
fact_match_lineup,country_code,standard_match,REQUIRED,55,SerieA,2024/2025,17689,17689,100.0,0,0,380,380,100.0,0.0,15.2046,2020/2021,2025/2026,False,False,OK
fact_match_lineup,country_code,standard_match,REQUIRED,55,SerieA,2025/2026,17772,17772,100.0,0,0,380,380,100.0,0.0,0.0,2020/2021,2025/2026,False,False,OK
fact_match_lineup,country_code,standard_match,REQUIRED,87,LaLiga,2020/2021,16569,14037,84.7185,0,0,322,380,84.7368,3.2939,,2020/2021,2025/2026,False,False,OK
fact_match_lineup,country_code,standard_match,REQUIRED,87,LaLiga,2021/2022,16762,11925,71.1431,0,0,270,380,71.0526,-1.4661,-13.5754,2020/2021,2025/2026,False,False,OK
fact_match_lineup,country_code,standard_match,REQUIRED,87,LaLiga,2022/2023,16723,11335,67.7809,0,0,258,380,67.8947,0.932,-3.3622,2020/2021,2025/2026,False,False,OK
fact_match_lineup,country_code,standard_match,REQUIRED,87,LaLiga,2023/2024,16685,13898,83.2964,0,0,317,380,83.4211,-1.7365,15.5155,2020/2021,2025/2026,False,False,OK
fact_match_lineup,country_code,standard_match,REQUIRED,87,LaLiga,2024/2025,16934,16934,100.0,0,0,380,380,100.0,0.0,16.7036,2020/2021,2025/2026,False,False,OK
fact_match_lineup,country_code,standard_match,REQUIRED,87,LaLiga,2025/2026,16941,16941,100.0,0,0,380,380,100.0,0.0,0.0,2020/2021,2025/2026,False,False,OK
fact_match_lineup,formation,standard_match,REQUIRED,47,EPL,2020/2021,14643,14643,100.0,0,0,380,380,100.0,,,2020/2021,2025/2026,False,False,OK
fact_match_lineup,formation,standard_match,REQUIRED,47,EPL,2021/2022,15162,15162,100.0,0,0,380,380,100.0,,0.0,2020/2021,2025/2026,False,False,OK
fact_match_lineup,formation,standard_match,REQUIRED,47,EPL,2022/2023,15185,15185,100.0,0,0,380,380,100.0,,0.0,2020/2021,2025/2026,False,False,OK
fact_match_lineup,formation,standard_match,REQUIRED,47,EPL,2023/2024,15180,15180,100.0,0,0,380,380,100.0,,0.0,2020/2021,2025/2026,False,False,OK
fact_match_lineup,formation,standard_match,REQUIRED,47,EPL,2024/2025,15188,15188,100.0,0,0,380,380,100.0,,0.0,2020/2021,2025/2026,False,False,OK
fact_match_lineup,formation,standard_match,REQUIRED,47,EPL,2025/2026,15189,15189,100.0,0,0,380,380,100.0,,0.0,2020/2021,2025/2026,False,False,OK
fact_match_lineup,formation,standard_match,REQUIRED,53,Ligue1,2020/2021,15144,15144,100.0,0,0,380,380,100.0,0.0,,2020/2021,2025/2026,False,False,OK
fact_match_lineup,formation,standard_match,REQUIRED,53,Ligue1,2021/2022,15091,15091,100.0,0,0,380,380,100.0,0.0,0.0,2020/2021,2025/2026,False,False,OK
fact_match_lineup,formation,standard_match,REQUIRED,53,Ligue1,2022/2023,15069,15069,100.0,0,0,380,380,100.0,0.0,0.0,2020/2021,2025/2026,False,False,OK
fact_match_lineup,formation,standard_match,REQUIRED,53,Ligue1,2023/2024,12225,12225,100.0,0,0,306,306,100.0,0.0,0.0,2020/2021,2025/2026,False,False,OK
fact_match_lineup,formation,standard_match,REQUIRED,53,Ligue1,2024/2025,12218,12218,100.0,0,0,306,306,100.0,0.0,0.0,2020/2021,2025/2026,False,False,OK
fact_match_lineup,formation,standard_match,REQUIRED,53,Ligue1,2025/2026,12205,12205,100.0,0,0,306,306,100.0,0.0,0.0,2020/2021,2025/2026,False,False,OK
fact_match_lineup,formation,standard_match,REQUIRED,54,Bundesliga,2020/2021,12157,12157,100.0,0,0,306,306,100.0,0.0,,2020/2021,2025/2026,False,False,OK
fact_match_lineup,formation,standard_match,REQUIRED,54,Bundesliga,2021/2022,12125,12125,100.0,0,0,306,306,100.0,0.0,0.0,2020/2021,2025/2026,False,False,OK
fact_match_lineup,formation,standard_match,REQUIRED,54,Bundesliga,2022/2023,12169,12169,100.0,0,0,306,306,100.0,0.0,0.0,2020/2021,2025/2026,False,False,OK
fact_match_lineup,formation,standard_match,REQUIRED,54,Bundesliga,2023/2024,12152,12152,100.0,0,0,306,306,100.0,0.0,0.0,2020/2021,2025/2026,False,False,OK
fact_match_lineup,formation,standard_match,REQUIRED,54,Bundesliga,2024/2025,12208,12208,100.0,0,0,306,306,100.0,0.0,0.0,2020/2021,2025/2026,False,False,OK
fact_match_lineup,formation,standard_match,REQUIRED,54,Bundesliga,2025/2026,12218,12218,100.0,0,0,306,306,100.0,0.0,0.0,2020/2021,2025/2026,False,False,OK
fact_match_lineup,formation,standard_match,REQUIRED,55,SerieA,2020/2021,17066,17066,100.0,0,0,380,380,100.0,0.0,,2020/2021,2025/2026,False,False,OK
fact_match_lineup,formation,standard_match,REQUIRED,55,SerieA,2021/2022,16925,16925,100.0,0,0,380,380,100.0,0.0,0.0,2020/2021,2025/2026,False,False,OK
fact_match_lineup,formation,standard_match,REQUIRED,55,SerieA,2022/2023,17875,17875,100.0,0,0,381,381,100.0,0.0,0.0,2020/2021,2025/2026,False,False,OK
fact_match_lineup,formation,standard_match,REQUIRED,55,SerieA,2023/2024,17692,17692,100.0,0,0,380,380,100.0,0.0,0.0,2020/2021,2025/2026,False,False,OK
fact_match_lineup,formation,standard_match,REQUIRED,55,SerieA,2024/2025,17689,17689,100.0,0,0,380,380,100.0,0.0,0.0,2020/2021,2025/2026,False,False,OK
fact_match_lineup,formation,standard_match,REQUIRED,55,SerieA,2025/2026,17772,17772,100.0,0,0,380,380,100.0,0.0,0.0,2020/2021,2025/2026,False,False,OK
fact_match_lineup,formation,standard_match,REQUIRED,87,LaLiga,2020/2021,16569,16569,100.0,0,0,380,380,100.0,0.0,,2020/2021,2025/2026,False,False,OK
fact_match_lineup,formation,standard_match,REQUIRED,87,LaLiga,2021/2022,16762,16762,100.0,0,0,380,380,100.0,0.0,0.0,2020/2021,2025/2026,False,False,OK
fact_match_lineup,formation,standard_match,REQUIRED,87,LaLiga,2022/2023,16723,16723,100.0,0,0,380,380,100.0,0.0,0.0,2020/2021,2025/2026,False,False,OK
fact_match_lineup,formation,standard_match,REQUIRED,87,LaLiga,2023/2024,16685,16685,100.0,0,0,380,380,100.0,0.0,0.0,2020/2021,2025/2026,False,False,OK
fact_match_lineup,formation,standard_match,REQUIRED,87,LaLiga,2024/2025,16934,16934,100.0,0,0,380,380,100.0,0.0,0.0,2020/2021,2025/2026,False,False,OK
fact_match_lineup,formation,standard_match,REQUIRED,87,LaLiga,2025/2026,16941,16941,100.0,0,0,380,380,100.0,0.0,0.0,2020/2021,2025/2026,False,False,OK
fact_match_lineup,is_captain,standard_match,REQUIRED,47,EPL,2020/2021,14643,14643,100.0,0,13883,380,380,100.0,,,2020/2021,2025/2026,False,False,OK
fact_match_lineup,is_captain,standard_match,REQUIRED,47,EPL,2021/2022,15162,15162,100.0,0,14402,380,380,100.0,,0.0,2020/2021,2025/2026,False,False,OK
fact_match_lineup,is_captain,standard_match,REQUIRED,47,EPL,2022/2023,15185,15185,100.0,0,14425,380,380,100.0,,0.0,2020/2021,2025/2026,False,False,OK
fact_match_lineup,is_captain,standard_match,REQUIRED,47,EPL,2023/2024,15180,15180,100.0,0,14423,380,380,100.0,,0.0,2020/2021,2025/2026,False,False,OK
fact_match_lineup,is_captain,standard_match,REQUIRED,47,EPL,2024/2025,15188,15188,100.0,0,14428,380,380,100.0,,0.0,2020/2021,2025/2026,False,False,OK
fact_match_lineup,is_captain,standard_match,REQUIRED,47,EPL,2025/2026,15189,15189,100.0,0,14429,380,380,100.0,,0.0,2020/2021,2025/2026,False,False,OK
fact_match_lineup,is_captain,standard_match,REQUIRED,53,Ligue1,2020/2021,15144,15144,100.0,0,14385,380,380,100.0,0.0,,2020/2021,2025/2026,False,False,OK
fact_match_lineup,is_captain,standard_match,REQUIRED,53,Ligue1,2021/2022,15091,15091,100.0,0,14331,380,380,100.0,0.0,0.0,2020/2021,2025/2026,False,False,OK
fact_match_lineup,is_captain,standard_match,REQUIRED,53,Ligue1,2022/2023,15069,15069,100.0,0,14310,380,380,100.0,0.0,0.0,2020/2021,2025/2026,False,False,OK
fact_match_lineup,is_captain,standard_match,REQUIRED,53,Ligue1,2023/2024,12225,12225,100.0,0,11615,306,306,100.0,0.0,0.0,2020/2021,2025/2026,False,False,OK
fact_match_lineup,is_captain,standard_match,REQUIRED,53,Ligue1,2024/2025,12218,12218,100.0,0,11606,306,306,100.0,0.0,0.0,2020/2021,2025/2026,False,False,OK
fact_match_lineup,is_captain,standard_match,REQUIRED,53,Ligue1,2025/2026,12205,12205,100.0,0,11593,306,306,100.0,0.0,0.0,2020/2021,2025/2026,False,False,OK
fact_match_lineup,is_captain,standard_match,REQUIRED,54,Bundesliga,2020/2021,12157,12157,100.0,0,11547,306,306,100.0,0.0,,2020/2021,2025/2026,False,False,OK
fact_match_lineup,is_captain,standard_match,REQUIRED,54,Bundesliga,2021/2022,12125,12125,100.0,0,11514,306,306,100.0,0.0,0.0,2020/2021,2025/2026,False,False,OK
fact_match_lineup,is_captain,standard_match,REQUIRED,54,Bundesliga,2022/2023,12169,12169,100.0,0,11557,306,306,100.0,0.0,0.0,2020/2021,2025/2026,False,False,OK
fact_match_lineup,is_captain,standard_match,REQUIRED,54,Bundesliga,2023/2024,12152,12152,100.0,0,11541,306,306,100.0,0.0,0.0,2020/2021,2025/2026,False,False,OK
fact_match_lineup,is_captain,standard_match,REQUIRED,54,Bundesliga,2024/2025,12208,12208,100.0,0,11597,306,306,100.0,0.0,0.0,2020/2021,2025/2026,False,False,OK
fact_match_lineup,is_captain,standard_match,REQUIRED,54,Bundesliga,2025/2026,12218,12218,100.0,0,11608,306,306,100.0,0.0,0.0,2020/2021,2025/2026,False,False,OK
fact_match_lineup,is_captain,standard_match,REQUIRED,55,SerieA,2020/2021,17066,17066,100.0,0,16308,380,380,100.0,0.0,,2020/2021,2025/2026,False,False,OK
fact_match_lineup,is_captain,standard_match,REQUIRED,55,SerieA,2021/2022,16925,16925,100.0,0,16167,380,380,100.0,0.0,0.0,2020/2021,2025/2026,False,False,OK
fact_match_lineup,is_captain,standard_match,REQUIRED,55,SerieA,2022/2023,17875,17875,100.0,0,17113,381,381,100.0,0.0,0.0,2020/2021,2025/2026,False,False,OK
fact_match_lineup,is_captain,standard_match,REQUIRED,55,SerieA,2023/2024,17692,17692,100.0,0,16932,380,380,100.0,0.0,0.0,2020/2021,2025/2026,False,False,OK
fact_match_lineup,is_captain,standard_match,REQUIRED,55,SerieA,2024/2025,17689,17689,100.0,0,16929,380,380,100.0,0.0,0.0,2020/2021,2025/2026,False,False,OK
fact_match_lineup,is_captain,standard_match,REQUIRED,55,SerieA,2025/2026,17772,17772,100.0,0,17013,380,380,100.0,0.0,0.0,2020/2021,2025/2026,False,False,OK
fact_match_lineup,is_captain,standard_match,REQUIRED,87,LaLiga,2020/2021,16569,16569,100.0,0,15809,380,380,100.0,0.0,,2020/2021,2025/2026,False,False,OK
fact_match_lineup,is_captain,standard_match,REQUIRED,87,LaLiga,2021/2022,16762,16762,100.0,0,16002,380,380,100.0,0.0,0.0,2020/2021,2025/2026,False,False,OK
fact_match_lineup,is_captain,standard_match,REQUIRED,87,LaLiga,2022/2023,16723,16723,100.0,0,15963,380,380,100.0,0.0,0.0,2020/2021,2025/2026,False,False,OK
fact_match_lineup,is_captain,standard_match,REQUIRED,87,LaLiga,2023/2024,16685,16685,100.0,0,15930,380,380,100.0,0.0,0.0,2020/2021,2025/2026,False,False,OK
fact_match_lineup,is_captain,standard_match,REQUIRED,87,LaLiga,2024/2025,16934,16934,100.0,0,16174,380,380,100.0,0.0,0.0,2020/2021,2025/2026,False,False,OK
fact_match_lineup,is_captain,standard_match,REQUIRED,87,LaLiga,2025/2026,16941,16941,100.0,0,16182,380,380,100.0,0.0,0.0,2020/2021,2025/2026,False,False,OK
fact_match_lineup,is_starter,standard_match,REQUIRED,47,EPL,2020/2021,14643,14643,100.0,0,6283,380,380,100.0,,,2020/2021,2025/2026,False,False,OK
fact_match_lineup,is_starter,standard_match,REQUIRED,47,EPL,2021/2022,15162,15162,100.0,0,6802,380,380,100.0,,0.0,2020/2021,2025/2026,False,False,OK
fact_match_lineup,is_starter,standard_match,REQUIRED,47,EPL,2022/2023,15185,15185,100.0,0,6825,380,380,100.0,,0.0,2020/2021,2025/2026,False,False,OK
fact_match_lineup,is_starter,standard_match,REQUIRED,47,EPL,2023/2024,15180,15180,100.0,0,6820,380,380,100.0,,0.0,2020/2021,2025/2026,False,False,OK
fact_match_lineup,is_starter,standard_match,REQUIRED,47,EPL,2024/2025,15188,15188,100.0,0,6828,380,380,100.0,,0.0,2020/2021,2025/2026,False,False,OK
fact_match_lineup,is_starter,standard_match,REQUIRED,47,EPL,2025/2026,15189,15189,100.0,0,6829,380,380,100.0,,0.0,2020/2021,2025/2026,False,False,OK
fact_match_lineup,is_starter,standard_match,REQUIRED,53,Ligue1,2020/2021,15144,15144,100.0,0,6784,380,380,100.0,0.0,,2020/2021,2025/2026,False,False,OK
fact_match_lineup,is_starter,standard_match,REQUIRED,53,Ligue1,2021/2022,15091,15091,100.0,0,6731,380,380,100.0,0.0,0.0,2020/2021,2025/2026,False,False,OK
fact_match_lineup,is_starter,standard_match,REQUIRED,53,Ligue1,2022/2023,15069,15069,100.0,0,6709,380,380,100.0,0.0,0.0,2020/2021,2025/2026,False,False,OK
fact_match_lineup,is_starter,standard_match,REQUIRED,53,Ligue1,2023/2024,12225,12225,100.0,0,5493,306,306,100.0,0.0,0.0,2020/2021,2025/2026,False,False,OK
fact_match_lineup,is_starter,standard_match,REQUIRED,53,Ligue1,2024/2025,12218,12218,100.0,0,5486,306,306,100.0,0.0,0.0,2020/2021,2025/2026,False,False,OK
fact_match_lineup,is_starter,standard_match,REQUIRED,53,Ligue1,2025/2026,12205,12205,100.0,0,5473,306,306,100.0,0.0,0.0,2020/2021,2025/2026,False,False,OK
fact_match_lineup,is_starter,standard_match,REQUIRED,54,Bundesliga,2020/2021,12157,12157,100.0,0,5425,306,306,100.0,0.0,,2020/2021,2025/2026,False,False,OK
fact_match_lineup,is_starter,standard_match,REQUIRED,54,Bundesliga,2021/2022,12125,12125,100.0,0,5393,306,306,100.0,0.0,0.0,2020/2021,2025/2026,False,False,OK
fact_match_lineup,is_starter,standard_match,REQUIRED,54,Bundesliga,2022/2023,12169,12169,100.0,0,5437,306,306,100.0,0.0,0.0,2020/2021,2025/2026,False,False,OK
fact_match_lineup,is_starter,standard_match,REQUIRED,54,Bundesliga,2023/2024,12152,12152,100.0,0,5420,306,306,100.0,0.0,0.0,2020/2021,2025/2026,False,False,OK
fact_match_lineup,is_starter,standard_match,REQUIRED,54,Bundesliga,2024/2025,12208,12208,100.0,0,5476,306,306,100.0,0.0,0.0,2020/2021,2025/2026,False,False,OK
fact_match_lineup,is_starter,standard_match,REQUIRED,54,Bundesliga,2025/2026,12218,12218,100.0,0,5486,306,306,100.0,0.0,0.0,2020/2021,2025/2026,False,False,OK
fact_match_lineup,is_starter,standard_match,REQUIRED,55,SerieA,2020/2021,17066,17066,100.0,0,8706,380,380,100.0,0.0,,2020/2021,2025/2026,False,False,OK
fact_match_lineup,is_starter,standard_match,REQUIRED,55,SerieA,2021/2022,16925,16925,100.0,0,8565,380,380,100.0,0.0,0.0,2020/2021,2025/2026,False,False,OK
fact_match_lineup,is_starter,standard_match,REQUIRED,55,SerieA,2022/2023,17875,17875,100.0,0,9493,381,381,100.0,0.0,0.0,2020/2021,2025/2026,False,False,OK
fact_match_lineup,is_starter,standard_match,REQUIRED,55,SerieA,2023/2024,17692,17692,100.0,0,9332,380,380,100.0,0.0,0.0,2020/2021,2025/2026,False,False,OK
fact_match_lineup,is_starter,standard_match,REQUIRED,55,SerieA,2024/2025,17689,17689,100.0,0,9329,380,380,100.0,0.0,0.0,2020/2021,2025/2026,False,False,OK
fact_match_lineup,is_starter,standard_match,REQUIRED,55,SerieA,2025/2026,17772,17772,100.0,0,9412,380,380,100.0,0.0,0.0,2020/2021,2025/2026,False,False,OK
fact_match_lineup,is_starter,standard_match,REQUIRED,87,LaLiga,2020/2021,16569,16569,100.0,0,8209,380,380,100.0,0.0,,2020/2021,2025/2026,False,False,OK
fact_match_lineup,is_starter,standard_match,REQUIRED,87,LaLiga,2021/2022,16762,16762,100.0,0,8402,380,380,100.0,0.0,0.0,2020/2021,2025/2026,False,False,OK
fact_match_lineup,is_starter,standard_match,REQUIRED,87,LaLiga,2022/2023,16723,16723,100.0,0,8363,380,380,100.0,0.0,0.0,2020/2021,2025/2026,False,False,OK
fact_match_lineup,is_starter,standard_match,REQUIRED,87,LaLiga,2023/2024,16685,16685,100.0,0,8325,380,380,100.0,0.0,0.0,2020/2021,2025/2026,False,False,OK
fact_match_lineup,is_starter,standard_match,REQUIRED,87,LaLiga,2024/2025,16934,16934,100.0,0,8574,380,380,100.0,0.0,0.0,2020/2021,2025/2026,False,False,OK
fact_match_lineup,is_starter,standard_match,REQUIRED,87,LaLiga,2025/2026,16941,16941,100.0,0,8581,380,380,100.0,0.0,0.0,2020/2021,2025/2026,False,False,OK
fact_match_lineup,market_value,standard_match,OPTIONAL,47,EPL,2020/2021,14643,2799,19.1149,0,0,91,380,23.9474,,,2020/2021,2025/2026,False,False,OK
fact_match_lineup,market_value,standard_match,OPTIONAL,47,EPL,2021/2022,15162,4183,27.5887,0,0,121,380,31.8421,,8.4738,2020/2021,2025/2026,False,False,OK
fact_match_lineup,market_value,standard_match,OPTIONAL,47,EPL,2022/2023,15185,4123,27.1518,0,0,114,380,30.0,,-0.4369,2020/2021,2025/2026,False,False,OK
fact_match_lineup,market_value,standard_match,OPTIONAL,47,EPL,2023/2024,15180,7341,48.3597,0,0,200,380,52.6316,,21.2079,2020/2021,2025/2026,False,False,OK
fact_match_lineup,market_value,standard_match,OPTIONAL,47,EPL,2024/2025,15188,14210,93.5607,0,0,370,380,97.3684,,45.201,2020/2021,2025/2026,False,False,OK
fact_match_lineup,market_value,standard_match,OPTIONAL,47,EPL,2025/2026,15189,14901,98.1039,0,0,380,380,100.0,,4.5432,2020/2021,2025/2026,False,False,OK
fact_match_lineup,market_value,standard_match,OPTIONAL,53,Ligue1,2020/2021,15144,4546,30.0185,0,0,170,380,44.7368,10.9036,,2020/2021,2025/2026,False,False,OK
fact_match_lineup,market_value,standard_match,OPTIONAL,53,Ligue1,2021/2022,15091,3656,24.2264,0,0,123,380,32.3684,-3.3623,-5.7921,2020/2021,2025/2026,False,False,OK
fact_match_lineup,market_value,standard_match,OPTIONAL,53,Ligue1,2022/2023,15069,4324,28.6947,0,0,141,380,37.1053,1.5429,4.4683,2020/2021,2025/2026,False,False,OK
fact_match_lineup,market_value,standard_match,OPTIONAL,53,Ligue1,2023/2024,12225,4847,39.6483,0,0,141,306,46.0784,-8.7114,10.9536,2020/2021,2025/2026,False,False,OK
fact_match_lineup,market_value,standard_match,OPTIONAL,53,Ligue1,2024/2025,12218,6538,53.5112,0,0,177,306,57.8431,-40.0495,13.8629,2020/2021,2025/2026,False,False,OK
fact_match_lineup,market_value,standard_match,OPTIONAL,53,Ligue1,2025/2026,12205,11091,90.8726,0,0,306,306,100.0,-7.2313,37.3614,2020/2021,2025/2026,False,False,OK
fact_match_lineup,market_value,standard_match,OPTIONAL,54,Bundesliga,2020/2021,12157,2675,22.0038,0,0,89,306,29.085,2.8889,,2020/2021,2025/2026,False,False,OK
fact_match_lineup,market_value,standard_match,OPTIONAL,54,Bundesliga,2021/2022,12125,2071,17.0804,0,0,66,306,21.5686,-10.5083,-4.9234,2020/2021,2025/2026,False,False,OK
fact_match_lineup,market_value,standard_match,OPTIONAL,54,Bundesliga,2022/2023,12169,2211,18.1691,0,0,66,306,21.5686,-8.9827,1.0887,2020/2021,2025/2026,False,False,OK
fact_match_lineup,market_value,standard_match,OPTIONAL,54,Bundesliga,2023/2024,12152,3948,32.4885,0,0,123,306,40.1961,-15.8712,14.3194,2020/2021,2025/2026,False,False,OK
fact_match_lineup,market_value,standard_match,OPTIONAL,54,Bundesliga,2024/2025,12208,4508,36.9266,0,0,120,306,39.2157,-56.6341,4.4381,2020/2021,2025/2026,False,False,OK
fact_match_lineup,market_value,standard_match,OPTIONAL,54,Bundesliga,2025/2026,12218,11904,97.43,0,0,306,306,100.0,-0.6739,60.5034,2020/2021,2025/2026,False,False,OK
fact_match_lineup,market_value,standard_match,OPTIONAL,55,SerieA,2020/2021,17066,2290,13.4185,0,0,75,380,19.7368,-5.6964,,2020/2021,2025/2026,False,False,OK
fact_match_lineup,market_value,standard_match,OPTIONAL,55,SerieA,2021/2022,16925,2288,13.5185,0,0,67,380,17.6316,-14.0702,0.1,2020/2021,2025/2026,False,False,OK
fact_match_lineup,market_value,standard_match,OPTIONAL,55,SerieA,2022/2023,17875,5024,28.1063,0,0,128,381,33.5958,0.9545,14.5878,2020/2021,2025/2026,False,False,OK
fact_match_lineup,market_value,standard_match,OPTIONAL,55,SerieA,2023/2024,17692,5668,32.0371,0,0,138,380,36.3158,-16.3226,3.9308,2020/2021,2025/2026,False,False,OK
fact_match_lineup,market_value,standard_match,OPTIONAL,55,SerieA,2024/2025,17689,7306,41.3025,0,0,176,380,46.3158,-52.2582,9.2654,2020/2021,2025/2026,False,False,OK
fact_match_lineup,market_value,standard_match,OPTIONAL,55,SerieA,2025/2026,17772,16585,93.321,0,0,380,380,100.0,-4.7829,52.0185,2020/2021,2025/2026,False,False,OK
fact_match_lineup,market_value,standard_match,OPTIONAL,87,LaLiga,2020/2021,16569,5915,35.6992,0,0,215,380,56.5789,16.5843,,2020/2021,2025/2026,False,False,OK
fact_match_lineup,market_value,standard_match,OPTIONAL,87,LaLiga,2021/2022,16762,5182,30.9152,0,0,163,380,42.8947,3.3265,-4.784,2020/2021,2025/2026,False,False,OK
fact_match_lineup,market_value,standard_match,OPTIONAL,87,LaLiga,2022/2023,16723,5321,31.8185,0,0,154,380,40.5263,4.6667,0.9033,2020/2021,2025/2026,False,False,OK
fact_match_lineup,market_value,standard_match,OPTIONAL,87,LaLiga,2023/2024,16685,7763,46.5268,0,0,210,380,55.2632,-1.8329,14.7083,2020/2021,2025/2026,False,False,OK
fact_match_lineup,market_value,standard_match,OPTIONAL,87,LaLiga,2024/2025,16934,10656,62.9267,0,0,263,380,69.2105,-30.634,16.3999,2020/2021,2025/2026,False,False,OK
fact_match_lineup,market_value,standard_match,OPTIONAL,87,LaLiga,2025/2026,16941,15632,92.2732,0,0,380,380,100.0,-5.8307,29.3465,2020/2021,2025/2026,False,False,OK
fact_match_lineup,position_id,standard_match,REQUIRED,47,EPL,2020/2021,8360,8360,100.0,0,0,380,380,100.0,,,2020/2021,2025/2026,False,False,OK
fact_match_lineup,position_id,standard_match,REQUIRED,47,EPL,2021/2022,8360,8360,100.0,0,0,380,380,100.0,,0.0,2020/2021,2025/2026,False,False,OK
fact_match_lineup,position_id,standard_match,REQUIRED,47,EPL,2022/2023,8360,8360,100.0,0,0,380,380,100.0,,0.0,2020/2021,2025/2026,False,False,OK
fact_match_lineup,position_id,standard_match,REQUIRED,47,EPL,2023/2024,8360,8360,100.0,0,0,380,380,100.0,,0.0,2020/2021,2025/2026,False,False,OK
fact_match_lineup,position_id,standard_match,REQUIRED,47,EPL,2024/2025,8360,8360,100.0,0,0,380,380,100.0,,0.0,2020/2021,2025/2026,False,False,OK
fact_match_lineup,position_id,standard_match,REQUIRED,47,EPL,2025/2026,8360,8360,100.0,0,0,380,380,100.0,,0.0,2020/2021,2025/2026,False,False,OK
fact_match_lineup,position_id,standard_match,REQUIRED,53,Ligue1,2020/2021,8360,8360,100.0,0,0,380,380,100.0,0.0,,2020/2021,2025/2026,False,False,OK
fact_match_lineup,position_id,standard_match,REQUIRED,53,Ligue1,2021/2022,8360,8360,100.0,0,0,380,380,100.0,0.0,0.0,2020/2021,2025/2026,False,False,OK
fact_match_lineup,position_id,standard_match,REQUIRED,53,Ligue1,2022/2023,8360,8360,100.0,0,0,380,380,100.0,0.0,0.0,2020/2021,2025/2026,False,False,OK
fact_match_lineup,position_id,standard_match,REQUIRED,53,Ligue1,2023/2024,6732,6732,100.0,0,0,306,306,100.0,0.0,0.0,2020/2021,2025/2026,False,False,OK
fact_match_lineup,position_id,standard_match,REQUIRED,53,Ligue1,2024/2025,6732,6732,100.0,0,0,306,306,100.0,0.0,0.0,2020/2021,2025/2026,False,False,OK
fact_match_lineup,position_id,standard_match,REQUIRED,53,Ligue1,2025/2026,6732,6732,100.0,0,0,306,306,100.0,0.0,0.0,2020/2021,2025/2026,False,False,OK
fact_match_lineup,position_id,standard_match,REQUIRED,54,Bundesliga,2020/2021,6732,6732,100.0,0,0,306,306,100.0,0.0,,2020/2021,2025/2026,False,False,OK
fact_match_lineup,position_id,standard_match,REQUIRED,54,Bundesliga,2021/2022,6732,6732,100.0,0,0,306,306,100.0,0.0,0.0,2020/2021,2025/2026,False,False,OK
fact_match_lineup,position_id,standard_match,REQUIRED,54,Bundesliga,2022/2023,6732,6732,100.0,0,0,306,306,100.0,0.0,0.0,2020/2021,2025/2026,False,False,OK
fact_match_lineup,position_id,standard_match,REQUIRED,54,Bundesliga,2023/2024,6732,6732,100.0,0,0,306,306,100.0,0.0,0.0,2020/2021,2025/2026,False,False,OK
fact_match_lineup,position_id,standard_match,REQUIRED,54,Bundesliga,2024/2025,6732,6732,100.0,0,0,306,306,100.0,0.0,0.0,2020/2021,2025/2026,False,False,OK
fact_match_lineup,position_id,standard_match,REQUIRED,54,Bundesliga,2025/2026,6732,6732,100.0,0,0,306,306,100.0,0.0,0.0,2020/2021,2025/2026,False,False,OK
fact_match_lineup,position_id,standard_match,REQUIRED,55,SerieA,2020/2021,8360,8360,100.0,0,0,380,380,100.0,0.0,,2020/2021,2025/2026,False,False,OK
fact_match_lineup,position_id,standard_match,REQUIRED,55,SerieA,2021/2022,8360,8360,100.0,0,0,380,380,100.0,0.0,0.0,2020/2021,2025/2026,False,False,OK
fact_match_lineup,position_id,standard_match,REQUIRED,55,SerieA,2022/2023,8382,8382,100.0,0,0,381,381,100.0,0.0,0.0,2020/2021,2025/2026,False,False,OK
fact_match_lineup,position_id,standard_match,REQUIRED,55,SerieA,2023/2024,8360,8360,100.0,0,0,380,380,100.0,0.0,0.0,2020/2021,2025/2026,False,False,OK
fact_match_lineup,position_id,standard_match,REQUIRED,55,SerieA,2024/2025,8360,8360,100.0,0,0,380,380,100.0,0.0,0.0,2020/2021,2025/2026,False,False,OK
fact_match_lineup,position_id,standard_match,REQUIRED,55,SerieA,2025/2026,8360,8360,100.0,0,0,380,380,100.0,0.0,0.0,2020/2021,2025/2026,False,False,OK
fact_match_lineup,position_id,standard_match,REQUIRED,87,LaLiga,2020/2021,8360,8360,100.0,0,0,380,380,100.0,0.0,,2020/2021,2025/2026,False,False,OK
fact_match_lineup,position_id,standard_match,REQUIRED,87,LaLiga,2021/2022,8360,8360,100.0,0,0,380,380,100.0,0.0,0.0,2020/2021,2025/2026,False,False,OK
fact_match_lineup,position_id,standard_match,REQUIRED,87,LaLiga,2022/2023,8360,8360,100.0,0,0,380,380,100.0,0.0,0.0,2020/2021,2025/2026,False,False,OK
fact_match_lineup,position_id,standard_match,REQUIRED,87,LaLiga,2023/2024,8360,8360,100.0,0,0,380,380,100.0,0.0,0.0,2020/2021,2025/2026,False,False,OK
fact_match_lineup,position_id,standard_match,REQUIRED,87,LaLiga,2024/2025,8360,8360,100.0,0,0,380,380,100.0,0.0,0.0,2020/2021,2025/2026,False,False,OK
fact_match_lineup,position_id,standard_match,REQUIRED,87,LaLiga,2025/2026,8360,8360,100.0,0,0,380,380,100.0,0.0,0.0,2020/2021,2025/2026,False,False,OK
fact_match_lineup,position_id_bench,standard_match,OPTIONAL,47,EPL,2020/2021,6283,1180,18.7808,0,1180,70,380,18.4211,,,2020/2021,2025/2026,False,True,OK
fact_match_lineup,position_id_bench,standard_match,OPTIONAL,47,EPL,2021/2022,6802,1865,27.4184,0,1865,104,380,27.3684,,8.6376,2020/2021,2025/2026,False,True,OK
fact_match_lineup,position_id_bench,standard_match,OPTIONAL,47,EPL,2022/2023,6825,2262,33.1429,0,2262,126,380,33.1579,,5.7245,2020/2021,2025/2026,False,True,OK
fact_match_lineup,position_id_bench,standard_match,OPTIONAL,47,EPL,2023/2024,6820,1018,14.9267,0,1018,57,380,15.0,,-18.2162,2020/2021,2025/2026,False,True,OK
fact_match_lineup,position_id_bench,standard_match,OPTIONAL,47,EPL,2024/2025,6828,0,0.0,0,0,0,380,0.0,,-14.9267,2020/2021,2025/2026,True,False,OK
fact_match_lineup,position_id_bench,standard_match,OPTIONAL,47,EPL,2025/2026,6829,0,0.0,0,0,0,380,0.0,,0.0,2020/2021,2025/2026,True,False,OK
fact_match_lineup,position_id_bench,standard_match,OPTIONAL,53,Ligue1,2020/2021,6784,979,14.431,0,979,55,380,14.4737,-4.3498,,2020/2021,2025/2026,False,True,OK
fact_match_lineup,position_id_bench,standard_match,OPTIONAL,53,Ligue1,2021/2022,6731,1906,28.3167,0,1906,107,380,28.1579,0.8983,13.8857,2020/2021,2025/2026,False,True,OK
fact_match_lineup,position_id_bench,standard_match,OPTIONAL,53,Ligue1,2022/2023,6709,2345,34.953,0,2345,133,380,35.0,1.8101,6.6363,2020/2021,2025/2026,False,True,OK
fact_match_lineup,position_id_bench,standard_match,OPTIONAL,53,Ligue1,2023/2024,5493,913,16.6212,0,913,51,306,16.6667,1.6945,-18.3318,2020/2021,2025/2026,False,True,OK
fact_match_lineup,position_id_bench,standard_match,OPTIONAL,53,Ligue1,2024/2025,5486,0,0.0,0,0,0,306,0.0,0.0,-16.6212,2020/2021,2025/2026,True,False,OK
fact_match_lineup,position_id_bench,standard_match,OPTIONAL,53,Ligue1,2025/2026,5473,0,0.0,0,0,0,306,0.0,0.0,0.0,2020/2021,2025/2026,True,False,OK
fact_match_lineup,position_id_bench,standard_match,OPTIONAL,54,Bundesliga,2020/2021,5425,233,4.2949,0,233,13,306,4.2484,-14.4859,,2020/2021,2025/2026,False,True,OK
fact_match_lineup,position_id_bench,standard_match,OPTIONAL,54,Bundesliga,2021/2022,5393,53,0.9828,0,53,3,306,0.9804,-26.4356,-3.3121,2020/2021,2025/2026,False,True,OK
fact_match_lineup,position_id_bench,standard_match,OPTIONAL,54,Bundesliga,2022/2023,5437,1904,35.0193,0,1904,107,306,34.9673,1.8764,34.0365,2020/2021,2025/2026,False,True,OK
fact_match_lineup,position_id_bench,standard_match,OPTIONAL,54,Bundesliga,2023/2024,5420,824,15.203,0,824,46,306,15.0327,0.2763,-19.8163,2020/2021,2025/2026,False,True,OK
fact_match_lineup,position_id_bench,standard_match,OPTIONAL,54,Bundesliga,2024/2025,5476,0,0.0,0,0,0,306,0.0,0.0,-15.203,2020/2021,2025/2026,True,False,OK
fact_match_lineup,position_id_bench,standard_match,OPTIONAL,54,Bundesliga,2025/2026,5486,0,0.0,0,0,0,306,0.0,0.0,0.0,2020/2021,2025/2026,True,False,OK
fact_match_lineup,position_id_bench,standard_match,OPTIONAL,55,SerieA,2020/2021,8706,1315,15.1045,0,1315,58,380,15.2632,-3.6763,,2020/2021,2025/2026,False,True,OK
fact_match_lineup,position_id_bench,standard_match,OPTIONAL,55,SerieA,2021/2022,8565,2326,27.157,0,2326,101,380,26.5789,-0.2614,12.0525,2020/2021,2025/2026,False,True,OK
fact_match_lineup,position_id_bench,standard_match,OPTIONAL,55,SerieA,2022/2023,9493,3115,32.8137,0,3115,126,381,33.0709,-0.3292,5.6567,2020/2021,2025/2026,False,True,OK
fact_match_lineup,position_id_bench,standard_match,OPTIONAL,55,SerieA,2023/2024,9332,1436,15.3879,0,1436,57,380,15.0,0.4612,-17.4258,2020/2021,2025/2026,False,True,OK
fact_match_lineup,position_id_bench,standard_match,OPTIONAL,55,SerieA,2024/2025,9329,0,0.0,0,0,0,380,0.0,0.0,-15.3879,2020/2021,2025/2026,True,False,OK
fact_match_lineup,position_id_bench,standard_match,OPTIONAL,55,SerieA,2025/2026,9412,0,0.0,0,0,0,380,0.0,0.0,0.0,2020/2021,2025/2026,True,False,OK
fact_match_lineup,position_id_bench,standard_match,OPTIONAL,87,LaLiga,2020/2021,8209,1256,15.3003,0,1256,58,380,15.2632,-3.4805,,2020/2021,2025/2026,False,True,OK
fact_match_lineup,position_id_bench,standard_match,OPTIONAL,87,LaLiga,2021/2022,8402,2417,28.767,0,2417,110,380,28.9474,1.3486,13.4667,2020/2021,2025/2026,False,True,OK
fact_match_lineup,position_id_bench,standard_match,OPTIONAL,87,LaLiga,2022/2023,8363,2704,32.3329,0,2704,122,380,32.1053,-0.81,3.5659,2020/2021,2025/2026,False,True,OK
fact_match_lineup,position_id_bench,standard_match,OPTIONAL,87,LaLiga,2023/2024,8325,1401,16.8288,0,1401,63,380,16.5789,1.9021,-15.5041,2020/2021,2025/2026,False,True,OK
fact_match_lineup,position_id_bench,standard_match,OPTIONAL,87,LaLiga,2024/2025,8574,0,0.0,0,0,0,380,0.0,0.0,-16.8288,2020/2021,2025/2026,True,False,OK
fact_match_lineup,position_id_bench,standard_match,OPTIONAL,87,LaLiga,2025/2026,8581,0,0.0,0,0,0,380,0.0,0.0,0.0,2020/2021,2025/2026,True,False,OK
fact_match_lineup,rating,standard_match,OPTIONAL,47,EPL,2020/2021,14643,9818,67.0491,0,0,380,380,100.0,,,2020/2021,2025/2026,False,False,OK
fact_match_lineup,rating,standard_match,OPTIONAL,47,EPL,2021/2022,15162,9877,65.1431,0,0,380,380,100.0,,-1.906,2020/2021,2025/2026,False,False,OK
fact_match_lineup,rating,standard_match,OPTIONAL,47,EPL,2022/2023,15185,10404,68.515,0,0,380,380,100.0,,3.3719,2020/2021,2025/2026,False,False,OK
fact_match_lineup,rating,standard_match,OPTIONAL,47,EPL,2023/2024,15180,10387,68.4256,0,0,380,380,100.0,,-0.0894,2020/2021,2025/2026,False,False,OK
fact_match_lineup,rating,standard_match,OPTIONAL,47,EPL,2024/2025,15188,10551,69.4693,0,0,380,380,100.0,,1.0437,2020/2021,2025/2026,False,False,OK
fact_match_lineup,rating,standard_match,OPTIONAL,47,EPL,2025/2026,15189,10481,69.0039,0,0,380,380,100.0,,-0.4654,2020/2021,2025/2026,False,False,OK
fact_match_lineup,rating,standard_match,OPTIONAL,53,Ligue1,2020/2021,15144,10601,70.0013,0,0,380,380,100.0,2.9522,,2020/2021,2025/2026,False,False,OK
fact_match_lineup,rating,standard_match,OPTIONAL,53,Ligue1,2021/2022,15091,10566,70.0152,0,0,380,380,100.0,4.8721,0.0139,2020/2021,2025/2026,False,False,OK
fact_match_lineup,rating,standard_match,OPTIONAL,53,Ligue1,2022/2023,15069,10687,70.9204,0,0,380,380,100.0,2.4054,0.9052,2020/2021,2025/2026,False,False,OK
fact_match_lineup,rating,standard_match,OPTIONAL,53,Ligue1,2023/2024,12225,8603,70.3722,0,0,306,306,100.0,1.9466,-0.5482,2020/2021,2025/2026,False,False,OK
fact_match_lineup,rating,standard_match,OPTIONAL,53,Ligue1,2024/2025,12218,8632,70.6499,0,0,306,306,100.0,1.1806,0.2777,2020/2021,2025/2026,False,False,OK
fact_match_lineup,rating,standard_match,OPTIONAL,53,Ligue1,2025/2026,12205,8644,70.8234,0,0,306,306,100.0,1.8195,0.1735,2020/2021,2025/2026,False,False,OK
fact_match_lineup,rating,standard_match,OPTIONAL,54,Bundesliga,2020/2021,12157,8519,70.0749,0,0,306,306,100.0,3.0258,,2020/2021,2025/2026,False,False,OK
fact_match_lineup,rating,standard_match,OPTIONAL,54,Bundesliga,2021/2022,12125,8623,71.1175,0,0,306,306,100.0,5.9744,1.0426,2020/2021,2025/2026,False,False,OK
fact_match_lineup,rating,standard_match,OPTIONAL,54,Bundesliga,2022/2023,12169,8725,71.6986,0,0,306,306,100.0,3.1836,0.5811,2020/2021,2025/2026,False,False,OK
fact_match_lineup,rating,standard_match,OPTIONAL,54,Bundesliga,2023/2024,12152,8648,71.1652,0,0,306,306,100.0,2.7396,-0.5334,2020/2021,2025/2026,False,False,OK
fact_match_lineup,rating,standard_match,OPTIONAL,54,Bundesliga,2024/2025,12208,8697,71.2402,0,0,306,306,100.0,1.7709,0.075,2020/2021,2025/2026,False,False,OK
fact_match_lineup,rating,standard_match,OPTIONAL,54,Bundesliga,2025/2026,12218,8714,71.321,0,0,306,306,100.0,2.3171,0.0808,2020/2021,2025/2026,False,False,OK
fact_match_lineup,rating,standard_match,OPTIONAL,55,SerieA,2020/2021,17066,10777,63.149,0,0,379,380,99.7368,-3.9001,,2020/2021,2025/2026,False,False,OK
fact_match_lineup,rating,standard_match,OPTIONAL,55,SerieA,2021/2022,16925,10887,64.325,0,0,380,380,100.0,-0.8181,1.176,2020/2021,2025/2026,False,False,OK
fact_match_lineup,rating,standard_match,OPTIONAL,55,SerieA,2022/2023,17875,11072,61.9413,0,0,381,381,100.0,-6.5737,-2.3837,2020/2021,2025/2026,False,False,OK
fact_match_lineup,rating,standard_match,OPTIONAL,55,SerieA,2023/2024,17692,10963,61.9659,0,0,380,380,100.0,-6.4597,0.0246,2020/2021,2025/2026,False,False,OK
fact_match_lineup,rating,standard_match,OPTIONAL,55,SerieA,2024/2025,17689,10963,61.9764,0,0,380,380,100.0,-7.4929,0.0105,2020/2021,2025/2026,False,False,OK
fact_match_lineup,rating,standard_match,OPTIONAL,55,SerieA,2025/2026,17772,11043,62.1371,0,0,380,380,100.0,-6.8668,0.1607,2020/2021,2025/2026,False,False,OK
fact_match_lineup,rating,standard_match,OPTIONAL,87,LaLiga,2020/2021,16569,10767,64.9828,0,0,380,380,100.0,-2.0663,,2020/2021,2025/2026,False,False,OK
fact_match_lineup,rating,standard_match,OPTIONAL,87,LaLiga,2021/2022,16762,10883,64.9266,0,0,380,380,100.0,-0.2165,-0.0562,2020/2021,2025/2026,False,False,OK
fact_match_lineup,rating,standard_match,OPTIONAL,87,LaLiga,2022/2023,16723,10978,65.6461,0,0,380,380,100.0,-2.8689,0.7195,2020/2021,2025/2026,False,False,OK
fact_match_lineup,rating,standard_match,OPTIONAL,87,LaLiga,2023/2024,16685,10948,65.6158,0,0,379,380,99.7368,-2.8098,-0.0303,2020/2021,2025/2026,False,False,OK
fact_match_lineup,rating,standard_match,OPTIONAL,87,LaLiga,2024/2025,16934,11030,65.1352,0,0,380,380,100.0,-4.3341,-0.4806,2020/2021,2025/2026,False,False,OK
fact_match_lineup,rating,standard_match,OPTIONAL,87,LaLiga,2025/2026,16941,11089,65.4566,0,0,380,380,100.0,-3.5473,0.3214,2020/2021,2025/2026,False,False,OK
fact_match_lineup,shirt_number,standard_match,REQUIRED,47,EPL,2020/2021,14643,14642,99.9932,0,0,380,380,100.0,,,2020/2021,2025/2026,False,False,OK
fact_match_lineup,shirt_number,standard_match,REQUIRED,47,EPL,2021/2022,15162,15162,100.0,0,0,380,380,100.0,,0.0068,2020/2021,2025/2026,False,False,OK
fact_match_lineup,shirt_number,standard_match,REQUIRED,47,EPL,2022/2023,15185,15184,99.9934,0,0,380,380,100.0,,-0.0066,2020/2021,2025/2026,False,False,OK
fact_match_lineup,shirt_number,standard_match,REQUIRED,47,EPL,2023/2024,15180,15180,100.0,0,0,380,380,100.0,,0.0066,2020/2021,2025/2026,False,False,OK
fact_match_lineup,shirt_number,standard_match,REQUIRED,47,EPL,2024/2025,15188,15188,100.0,0,0,380,380,100.0,,0.0,2020/2021,2025/2026,False,False,OK
fact_match_lineup,shirt_number,standard_match,REQUIRED,47,EPL,2025/2026,15189,15189,100.0,0,0,380,380,100.0,,0.0,2020/2021,2025/2026,False,False,OK
fact_match_lineup,shirt_number,standard_match,REQUIRED,53,Ligue1,2020/2021,15144,15143,99.9934,0,0,380,380,100.0,0.0002,,2020/2021,2025/2026,False,False,OK
fact_match_lineup,shirt_number,standard_match,REQUIRED,53,Ligue1,2021/2022,15091,15090,99.9934,0,0,380,380,100.0,-0.0066,0.0,2020/2021,2025/2026,False,False,OK
fact_match_lineup,shirt_number,standard_match,REQUIRED,53,Ligue1,2022/2023,15069,15068,99.9934,0,0,380,380,100.0,0.0,0.0,2020/2021,2025/2026,False,False,OK
fact_match_lineup,shirt_number,standard_match,REQUIRED,53,Ligue1,2023/2024,12225,12205,99.8364,0,0,306,306,100.0,-0.1636,-0.157,2020/2021,2025/2026,False,False,OK
fact_match_lineup,shirt_number,standard_match,REQUIRED,53,Ligue1,2024/2025,12218,12218,100.0,0,0,306,306,100.0,0.0,0.1636,2020/2021,2025/2026,False,False,OK
fact_match_lineup,shirt_number,standard_match,REQUIRED,53,Ligue1,2025/2026,12205,12205,100.0,0,0,306,306,100.0,0.0,0.0,2020/2021,2025/2026,False,False,OK
fact_match_lineup,shirt_number,standard_match,REQUIRED,54,Bundesliga,2020/2021,12157,12156,99.9918,0,0,306,306,100.0,-0.0014,,2020/2021,2025/2026,False,False,OK
fact_match_lineup,shirt_number,standard_match,REQUIRED,54,Bundesliga,2021/2022,12125,12123,99.9835,0,0,306,306,100.0,-0.0165,-0.0083,2020/2021,2025/2026,False,False,OK
fact_match_lineup,shirt_number,standard_match,REQUIRED,54,Bundesliga,2022/2023,12169,12169,100.0,0,0,306,306,100.0,0.0066,0.0165,2020/2021,2025/2026,False,False,OK
fact_match_lineup,shirt_number,standard_match,REQUIRED,54,Bundesliga,2023/2024,12152,12152,100.0,0,0,306,306,100.0,0.0,0.0,2020/2021,2025/2026,False,False,OK
fact_match_lineup,shirt_number,standard_match,REQUIRED,54,Bundesliga,2024/2025,12208,12208,100.0,0,0,306,306,100.0,0.0,0.0,2020/2021,2025/2026,False,False,OK
fact_match_lineup,shirt_number,standard_match,REQUIRED,54,Bundesliga,2025/2026,12218,12218,100.0,0,0,306,306,100.0,0.0,0.0,2020/2021,2025/2026,False,False,OK
fact_match_lineup,shirt_number,standard_match,REQUIRED,55,SerieA,2020/2021,17066,17062,99.9766,0,0,380,380,100.0,-0.0166,,2020/2021,2025/2026,False,False,OK
fact_match_lineup,shirt_number,standard_match,REQUIRED,55,SerieA,2021/2022,16925,16924,99.9941,0,0,380,380,100.0,-0.0059,0.0175,2020/2021,2025/2026,False,False,OK
fact_match_lineup,shirt_number,standard_match,REQUIRED,55,SerieA,2022/2023,17875,17874,99.9944,0,0,381,381,100.0,0.001,0.0003,2020/2021,2025/2026,False,False,OK
fact_match_lineup,shirt_number,standard_match,REQUIRED,55,SerieA,2023/2024,17692,17692,100.0,0,0,380,380,100.0,0.0,0.0056,2020/2021,2025/2026,False,False,OK
fact_match_lineup,shirt_number,standard_match,REQUIRED,55,SerieA,2024/2025,17689,17624,99.6325,0,0,380,380,100.0,-0.3675,-0.3675,2020/2021,2025/2026,False,False,OK
fact_match_lineup,shirt_number,standard_match,REQUIRED,55,SerieA,2025/2026,17772,17772,100.0,0,0,380,380,100.0,0.0,0.3675,2020/2021,2025/2026,False,False,OK
fact_match_lineup,shirt_number,standard_match,REQUIRED,87,LaLiga,2020/2021,16569,16567,99.9879,0,0,380,380,100.0,-0.0053,,2020/2021,2025/2026,False,False,OK
fact_match_lineup,shirt_number,standard_match,REQUIRED,87,LaLiga,2021/2022,16762,16642,99.2841,0,0,380,380,100.0,-0.7159,-0.7038,2020/2021,2025/2026,False,False,OK
fact_match_lineup,shirt_number,standard_match,REQUIRED,87,LaLiga,2022/2023,16723,16711,99.9282,0,0,380,380,100.0,-0.0652,0.6441,2020/2021,2025/2026,False,False,OK
fact_match_lineup,shirt_number,standard_match,REQUIRED,87,LaLiga,2023/2024,16685,16685,100.0,0,0,380,380,100.0,0.0,0.0718,2020/2021,2025/2026,False,False,OK
fact_match_lineup,shirt_number,standard_match,REQUIRED,87,LaLiga,2024/2025,16934,16934,100.0,0,0,380,380,100.0,0.0,0.0,2020/2021,2025/2026,False,False,OK
fact_match_lineup,shirt_number,standard_match,REQUIRED,87,LaLiga,2025/2026,16941,16941,100.0,0,0,380,380,100.0,0.0,0.0,2020/2021,2025/2026,False,False,OK
fact_match_lineup,sub_in_time,standard_match,CONDITIONAL,47,EPL,2020/2021,2033,2033,100.0,0,0,380,380,100.0,,,2020/2021,2025/2026,False,False,OK
fact_match_lineup,sub_in_time,standard_match,CONDITIONAL,47,EPL,2021/2022,2125,2125,100.0,0,0,380,380,100.0,,0.0,2020/2021,2025/2026,False,False,OK
fact_match_lineup,sub_in_time,standard_match,CONDITIONAL,47,EPL,2022/2023,2985,2985,100.0,0,0,380,380,100.0,,0.0,2020/2021,2025/2026,False,False,OK
fact_match_lineup,sub_in_time,standard_match,CONDITIONAL,47,EPL,2023/2024,3024,3024,100.0,0,0,380,380,100.0,,0.0,2020/2021,2025/2026,False,False,OK
fact_match_lineup,sub_in_time,standard_match,CONDITIONAL,47,EPL,2024/2025,3207,3207,100.0,0,0,380,380,100.0,,0.0,2020/2021,2025/2026,False,False,OK
fact_match_lineup,sub_in_time,standard_match,CONDITIONAL,47,EPL,2025/2026,3132,3132,100.0,0,0,380,380,100.0,,0.0,2020/2021,2025/2026,False,False,OK
fact_match_lineup,sub_in_time,standard_match,CONDITIONAL,53,Ligue1,2020/2021,3137,3137,100.0,0,0,380,380,100.0,0.0,,2020/2021,2025/2026,False,False,OK
fact_match_lineup,sub_in_time,standard_match,CONDITIONAL,53,Ligue1,2021/2022,3166,3166,100.0,0,0,380,380,100.0,0.0,0.0,2020/2021,2025/2026,False,False,OK
fact_match_lineup,sub_in_time,standard_match,CONDITIONAL,53,Ligue1,2022/2023,3187,3187,100.0,0,0,380,380,100.0,0.0,0.0,2020/2021,2025/2026,False,False,OK
fact_match_lineup,sub_in_time,standard_match,CONDITIONAL,53,Ligue1,2023/2024,2662,2662,100.0,0,0,306,306,100.0,0.0,0.0,2020/2021,2025/2026,False,False,OK
fact_match_lineup,sub_in_time,standard_match,CONDITIONAL,53,Ligue1,2024/2025,2681,2681,100.0,0,0,306,306,100.0,0.0,0.0,2020/2021,2025/2026,False,False,OK
fact_match_lineup,sub_in_time,standard_match,CONDITIONAL,53,Ligue1,2025/2026,2677,2677,100.0,0,0,305,305,100.0,0.0,0.0,2020/2021,2025/2026,False,False,OK
fact_match_lineup,sub_in_time,standard_match,CONDITIONAL,54,Bundesliga,2020/2021,2539,2539,100.0,0,0,306,306,100.0,0.0,,2020/2021,2025/2026,False,False,OK
fact_match_lineup,sub_in_time,standard_match,CONDITIONAL,54,Bundesliga,2021/2022,2659,2659,100.0,0,0,306,306,100.0,0.0,0.0,2020/2021,2025/2026,False,False,OK
fact_match_lineup,sub_in_time,standard_match,CONDITIONAL,54,Bundesliga,2022/2023,2748,2748,100.0,0,0,306,306,100.0,0.0,0.0,2020/2021,2025/2026,False,False,OK
fact_match_lineup,sub_in_time,standard_match,CONDITIONAL,54,Bundesliga,2023/2024,2794,2794,100.0,0,0,306,306,100.0,0.0,0.0,2020/2021,2025/2026,False,False,OK
fact_match_lineup,sub_in_time,standard_match,CONDITIONAL,54,Bundesliga,2024/2025,2796,2796,100.0,0,0,306,306,100.0,0.0,0.0,2020/2021,2025/2026,False,False,OK
fact_match_lineup,sub_in_time,standard_match,CONDITIONAL,54,Bundesliga,2025/2026,2823,2823,100.0,0,0,306,306,100.0,0.0,0.0,2020/2021,2025/2026,False,False,OK
fact_match_lineup,sub_in_time,standard_match,CONDITIONAL,55,SerieA,2020/2021,3284,3284,100.0,0,0,380,380,100.0,0.0,,2020/2021,2025/2026,False,False,OK
fact_match_lineup,sub_in_time,standard_match,CONDITIONAL,55,SerieA,2021/2022,3357,3357,100.0,0,0,380,380,100.0,0.0,0.0,2020/2021,2025/2026,False,False,OK
fact_match_lineup,sub_in_time,standard_match,CONDITIONAL,55,SerieA,2022/2023,3534,3534,100.0,0,0,381,381,100.0,0.0,0.0,2020/2021,2025/2026,False,False,OK
fact_match_lineup,sub_in_time,standard_match,CONDITIONAL,55,SerieA,2023/2024,3551,3551,100.0,0,0,380,380,100.0,0.0,0.0,2020/2021,2025/2026,False,False,OK
fact_match_lineup,sub_in_time,standard_match,CONDITIONAL,55,SerieA,2024/2025,3526,3526,100.0,0,0,380,380,100.0,0.0,0.0,2020/2021,2025/2026,False,False,OK
fact_match_lineup,sub_in_time,standard_match,CONDITIONAL,55,SerieA,2025/2026,3568,3568,100.0,0,0,380,380,100.0,0.0,0.0,2020/2021,2025/2026,False,False,OK
fact_match_lineup,sub_in_time,standard_match,CONDITIONAL,87,LaLiga,2020/2021,3247,3247,100.0,0,0,380,380,100.0,0.0,,2020/2021,2025/2026,False,False,OK
fact_match_lineup,sub_in_time,standard_match,CONDITIONAL,87,LaLiga,2021/2022,3445,3445,100.0,0,0,380,380,100.0,0.0,0.0,2020/2021,2025/2026,False,False,OK
fact_match_lineup,sub_in_time,standard_match,CONDITIONAL,87,LaLiga,2022/2023,3478,3478,100.0,0,0,380,380,100.0,0.0,0.0,2020/2021,2025/2026,False,False,OK
fact_match_lineup,sub_in_time,standard_match,CONDITIONAL,87,LaLiga,2023/2024,3528,3528,100.0,0,0,380,380,100.0,0.0,0.0,2020/2021,2025/2026,False,False,OK
fact_match_lineup,sub_in_time,standard_match,CONDITIONAL,87,LaLiga,2024/2025,3539,3539,100.0,0,0,380,380,100.0,0.0,0.0,2020/2021,2025/2026,False,False,OK
fact_match_lineup,sub_in_time,standard_match,CONDITIONAL,87,LaLiga,2025/2026,3592,3592,100.0,0,0,380,380,100.0,0.0,0.0,2020/2021,2025/2026,False,False,OK
fact_match_lineup,sub_out_time,standard_match,CONDITIONAL,47,EPL,2020/2021,2033,2033,100.0,0,0,380,380,100.0,,,2020/2021,2025/2026,False,False,OK
fact_match_lineup,sub_out_time,standard_match,CONDITIONAL,47,EPL,2021/2022,2125,2125,100.0,0,0,380,380,100.0,,0.0,2020/2021,2025/2026,False,False,OK
fact_match_lineup,sub_out_time,standard_match,CONDITIONAL,47,EPL,2022/2023,2985,2985,100.0,0,0,380,380,100.0,,0.0,2020/2021,2025/2026,False,False,OK
fact_match_lineup,sub_out_time,standard_match,CONDITIONAL,47,EPL,2023/2024,3024,3024,100.0,0,0,380,380,100.0,,0.0,2020/2021,2025/2026,False,False,OK
fact_match_lineup,sub_out_time,standard_match,CONDITIONAL,47,EPL,2024/2025,3207,3207,100.0,0,0,380,380,100.0,,0.0,2020/2021,2025/2026,False,False,OK
fact_match_lineup,sub_out_time,standard_match,CONDITIONAL,47,EPL,2025/2026,3132,3132,100.0,0,0,380,380,100.0,,0.0,2020/2021,2025/2026,False,False,OK
fact_match_lineup,sub_out_time,standard_match,CONDITIONAL,53,Ligue1,2020/2021,3137,3137,100.0,0,0,380,380,100.0,0.0,,2020/2021,2025/2026,False,False,OK
fact_match_lineup,sub_out_time,standard_match,CONDITIONAL,53,Ligue1,2021/2022,3166,3166,100.0,0,0,380,380,100.0,0.0,0.0,2020/2021,2025/2026,False,False,OK
fact_match_lineup,sub_out_time,standard_match,CONDITIONAL,53,Ligue1,2022/2023,3187,3187,100.0,0,0,380,380,100.0,0.0,0.0,2020/2021,2025/2026,False,False,OK
fact_match_lineup,sub_out_time,standard_match,CONDITIONAL,53,Ligue1,2023/2024,2662,2662,100.0,0,0,306,306,100.0,0.0,0.0,2020/2021,2025/2026,False,False,OK
fact_match_lineup,sub_out_time,standard_match,CONDITIONAL,53,Ligue1,2024/2025,2681,2681,100.0,0,0,306,306,100.0,0.0,0.0,2020/2021,2025/2026,False,False,OK
fact_match_lineup,sub_out_time,standard_match,CONDITIONAL,53,Ligue1,2025/2026,2677,2677,100.0,0,0,305,305,100.0,0.0,0.0,2020/2021,2025/2026,False,False,OK
fact_match_lineup,sub_out_time,standard_match,CONDITIONAL,54,Bundesliga,2020/2021,2539,2539,100.0,0,0,306,306,100.0,0.0,,2020/2021,2025/2026,False,False,OK
fact_match_lineup,sub_out_time,standard_match,CONDITIONAL,54,Bundesliga,2021/2022,2659,2659,100.0,0,0,306,306,100.0,0.0,0.0,2020/2021,2025/2026,False,False,OK
fact_match_lineup,sub_out_time,standard_match,CONDITIONAL,54,Bundesliga,2022/2023,2748,2748,100.0,0,0,306,306,100.0,0.0,0.0,2020/2021,2025/2026,False,False,OK
fact_match_lineup,sub_out_time,standard_match,CONDITIONAL,54,Bundesliga,2023/2024,2794,2794,100.0,0,0,306,306,100.0,0.0,0.0,2020/2021,2025/2026,False,False,OK
fact_match_lineup,sub_out_time,standard_match,CONDITIONAL,54,Bundesliga,2024/2025,2796,2796,100.0,0,0,306,306,100.0,0.0,0.0,2020/2021,2025/2026,False,False,OK
fact_match_lineup,sub_out_time,standard_match,CONDITIONAL,54,Bundesliga,2025/2026,2823,2823,100.0,0,0,306,306,100.0,0.0,0.0,2020/2021,2025/2026,False,False,OK
fact_match_lineup,sub_out_time,standard_match,CONDITIONAL,55,SerieA,2020/2021,3284,3284,100.0,0,0,380,380,100.0,0.0,,2020/2021,2025/2026,False,False,OK
fact_match_lineup,sub_out_time,standard_match,CONDITIONAL,55,SerieA,2021/2022,3357,3357,100.0,0,0,380,380,100.0,0.0,0.0,2020/2021,2025/2026,False,False,OK
fact_match_lineup,sub_out_time,standard_match,CONDITIONAL,55,SerieA,2022/2023,3534,3534,100.0,0,0,381,381,100.0,0.0,0.0,2020/2021,2025/2026,False,False,OK
fact_match_lineup,sub_out_time,standard_match,CONDITIONAL,55,SerieA,2023/2024,3551,3551,100.0,0,0,380,380,100.0,0.0,0.0,2020/2021,2025/2026,False,False,OK
fact_match_lineup,sub_out_time,standard_match,CONDITIONAL,55,SerieA,2024/2025,3526,3526,100.0,0,0,380,380,100.0,0.0,0.0,2020/2021,2025/2026,False,False,OK
fact_match_lineup,sub_out_time,standard_match,CONDITIONAL,55,SerieA,2025/2026,3568,3568,100.0,0,0,380,380,100.0,0.0,0.0,2020/2021,2025/2026,False,False,OK
fact_match_lineup,sub_out_time,standard_match,CONDITIONAL,87,LaLiga,2020/2021,3247,3247,100.0,0,0,380,380,100.0,0.0,,2020/2021,2025/2026,False,False,OK
fact_match_lineup,sub_out_time,standard_match,CONDITIONAL,87,LaLiga,2021/2022,3446,3446,100.0,0,0,380,380,100.0,0.0,0.0,2020/2021,2025/2026,False,False,OK
fact_match_lineup,sub_out_time,standard_match,CONDITIONAL,87,LaLiga,2022/2023,3478,3478,100.0,0,0,380,380,100.0,0.0,0.0,2020/2021,2025/2026,False,False,OK
fact_match_lineup,sub_out_time,standard_match,CONDITIONAL,87,LaLiga,2023/2024,3528,3528,100.0,0,0,380,380,100.0,0.0,0.0,2020/2021,2025/2026,False,False,OK
fact_match_lineup,sub_out_time,standard_match,CONDITIONAL,87,LaLiga,2024/2025,3539,3539,100.0,0,0,380,380,100.0,0.0,0.0,2020/2021,2025/2026,False,False,OK
fact_match_lineup,sub_out_time,standard_match,CONDITIONAL,87,LaLiga,2025/2026,3592,3592,100.0,0,0,380,380,100.0,0.0,0.0,2020/2021,2025/2026,False,False,OK
fact_match_lineup,usual_position_id,standard_match,REQUIRED,47,EPL,2020/2021,14643,14643,100.0,0,1569,380,380,100.0,,,2020/2021,2025/2026,False,False,OK
fact_match_lineup,usual_position_id,standard_match,REQUIRED,47,EPL,2021/2022,15162,15162,100.0,0,1595,380,380,100.0,,0.0,2020/2021,2025/2026,False,False,OK
fact_match_lineup,usual_position_id,standard_match,REQUIRED,47,EPL,2022/2023,15185,15185,100.0,0,1582,380,380,100.0,,0.0,2020/2021,2025/2026,False,False,OK
fact_match_lineup,usual_position_id,standard_match,REQUIRED,47,EPL,2023/2024,15180,15178,99.9868,0,1624,380,380,100.0,,-0.0132,2020/2021,2025/2026,False,False,OK
fact_match_lineup,usual_position_id,standard_match,REQUIRED,47,EPL,2024/2025,15188,15188,100.0,0,1591,380,380,100.0,,0.0132,2020/2021,2025/2026,False,False,OK
fact_match_lineup,usual_position_id,standard_match,REQUIRED,47,EPL,2025/2026,15189,15189,100.0,0,1574,380,380,100.0,,0.0,2020/2021,2025/2026,False,False,OK
fact_match_lineup,usual_position_id,standard_match,REQUIRED,53,Ligue1,2020/2021,15144,15144,100.0,0,1537,380,380,100.0,0.0,,2020/2021,2025/2026,False,False,OK
fact_match_lineup,usual_position_id,standard_match,REQUIRED,53,Ligue1,2021/2022,15091,15086,99.9669,0,1543,380,380,100.0,-0.0331,-0.0331,2020/2021,2025/2026,False,False,OK
fact_match_lineup,usual_position_id,standard_match,REQUIRED,53,Ligue1,2022/2023,15069,15066,99.9801,0,1589,380,380,100.0,-0.0199,0.0132,2020/2021,2025/2026,False,False,OK
fact_match_lineup,usual_position_id,standard_match,REQUIRED,53,Ligue1,2023/2024,12225,12225,100.0,0,1256,306,306,100.0,0.0132,0.0199,2020/2021,2025/2026,False,False,OK
fact_match_lineup,usual_position_id,standard_match,REQUIRED,53,Ligue1,2024/2025,12218,12218,100.0,0,1254,306,306,100.0,0.0,0.0,2020/2021,2025/2026,False,False,OK
fact_match_lineup,usual_position_id,standard_match,REQUIRED,53,Ligue1,2025/2026,12205,12205,100.0,0,1282,306,306,100.0,0.0,0.0,2020/2021,2025/2026,False,False,OK
fact_match_lineup,usual_position_id,standard_match,REQUIRED,54,Bundesliga,2020/2021,12157,12157,100.0,0,1248,306,306,100.0,0.0,,2020/2021,2025/2026,False,False,OK
fact_match_lineup,usual_position_id,standard_match,REQUIRED,54,Bundesliga,2021/2022,12125,12125,100.0,0,1267,306,306,100.0,0.0,0.0,2020/2021,2025/2026,False,False,OK
fact_match_lineup,usual_position_id,standard_match,REQUIRED,54,Bundesliga,2022/2023,12169,12169,100.0,0,1239,306,306,100.0,0.0,0.0,2020/2021,2025/2026,False,False,OK
fact_match_lineup,usual_position_id,standard_match,REQUIRED,54,Bundesliga,2023/2024,12152,12152,100.0,0,1245,306,306,100.0,0.0132,0.0,2020/2021,2025/2026,False,False,OK
fact_match_lineup,usual_position_id,standard_match,REQUIRED,54,Bundesliga,2024/2025,12208,12201,99.9427,0,1269,306,306,100.0,-0.0573,-0.0573,2020/2021,2025/2026,False,False,OK
fact_match_lineup,usual_position_id,standard_match,REQUIRED,54,Bundesliga,2025/2026,12218,12210,99.9345,0,1257,306,306,100.0,-0.0655,-0.0082,2020/2021,2025/2026,False,False,OK
fact_match_lineup,usual_position_id,standard_match,REQUIRED,55,SerieA,2020/2021,17066,17066,100.0,0,2139,380,380,100.0,0.0,,2020/2021,2025/2026,False,False,OK
fact_match_lineup,usual_position_id,standard_match,REQUIRED,55,SerieA,2021/2022,16925,16916,99.9468,0,2130,380,380,100.0,-0.0532,-0.0532,2020/2021,2025/2026,False,False,OK
fact_match_lineup,usual_position_id,standard_match,REQUIRED,55,SerieA,2022/2023,17875,17875,100.0,0,2276,381,381,100.0,0.0,0.0532,2020/2021,2025/2026,False,False,OK
fact_match_lineup,usual_position_id,standard_match,REQUIRED,55,SerieA,2023/2024,17692,17667,99.8587,0,2290,380,380,100.0,-0.1281,-0.1413,2020/2021,2025/2026,False,False,OK
fact_match_lineup,usual_position_id,standard_match,REQUIRED,55,SerieA,2024/2025,17689,17688,99.9943,0,2305,380,380,100.0,-0.0057,0.1356,2020/2021,2025/2026,False,False,OK
fact_match_lineup,usual_position_id,standard_match,REQUIRED,55,SerieA,2025/2026,17772,17768,99.9775,0,2331,380,380,100.0,-0.0225,-0.0168,2020/2021,2025/2026,False,False,OK
fact_match_lineup,usual_position_id,standard_match,REQUIRED,87,LaLiga,2020/2021,16569,16569,100.0,0,1818,380,380,100.0,0.0,,2020/2021,2025/2026,False,False,OK
fact_match_lineup,usual_position_id,standard_match,REQUIRED,87,LaLiga,2021/2022,16762,16762,100.0,0,1825,380,380,100.0,0.0,0.0,2020/2021,2025/2026,False,False,OK
fact_match_lineup,usual_position_id,standard_match,REQUIRED,87,LaLiga,2022/2023,16723,16723,100.0,0,1948,380,380,100.0,0.0,0.0,2020/2021,2025/2026,False,False,OK
fact_match_lineup,usual_position_id,standard_match,REQUIRED,87,LaLiga,2023/2024,16685,16685,100.0,0,1983,380,380,100.0,0.0132,0.0,2020/2021,2025/2026,False,False,OK
fact_match_lineup,usual_position_id,standard_match,REQUIRED,87,LaLiga,2024/2025,16934,16919,99.9114,0,1948,380,380,100.0,-0.0886,-0.0886,2020/2021,2025/2026,False,False,OK
fact_match_lineup,usual_position_id,standard_match,REQUIRED,87,LaLiga,2025/2026,16941,16938,99.9823,0,1889,380,380,100.0,-0.0177,0.0709,2020/2021,2025/2026,False,False,OK
fact_player_match_stats,ShotsOffTarget,shot_xg,OPTIONAL,47,EPL,2020/2021,9628,4889,50.779,0,2237,380,380,100.0,,,2020/2021,2025/2026,False,False,OK
fact_player_match_stats,ShotsOffTarget,shot_xg,OPTIONAL,47,EPL,2021/2022,9722,5090,52.3555,0,2304,380,380,100.0,,1.5765,2020/2021,2025/2026,False,False,OK
fact_player_match_stats,ShotsOffTarget,shot_xg,OPTIONAL,47,EPL,2022/2023,10575,5194,49.1158,0,2446,380,380,100.0,,-3.2397,2020/2021,2025/2026,False,False,OK
fact_player_match_stats,ShotsOffTarget,shot_xg,OPTIONAL,47,EPL,2023/2024,10604,5446,51.358,0,2559,380,380,100.0,,2.2422,2020/2021,2025/2026,False,False,OK
fact_player_match_stats,ShotsOffTarget,shot_xg,OPTIONAL,47,EPL,2024/2025,10797,5321,49.2822,0,2515,380,380,100.0,,-2.0758,2020/2021,2025/2026,False,False,OK
fact_player_match_stats,ShotsOffTarget,shot_xg,OPTIONAL,47,EPL,2025/2026,10725,5374,50.1072,0,2557,380,380,100.0,,0.825,2020/2021,2025/2026,False,False,OK
fact_player_match_stats,ShotsOffTarget,shot_xg,OPTIONAL,53,Ligue1,2020/2021,10730,5034,46.9152,0,2186,380,380,100.0,-3.8638,,2020/2021,2025/2026,False,False,OK
fact_player_match_stats,ShotsOffTarget,shot_xg,OPTIONAL,53,Ligue1,2021/2022,10753,5130,47.7076,0,2204,380,380,100.0,-4.6479,0.7924,2020/2021,2025/2026,False,False,OK
fact_player_match_stats,ShotsOffTarget,shot_xg,OPTIONAL,53,Ligue1,2022/2023,10771,5212,48.3892,0,2389,380,380,100.0,-0.7266,0.6816,2020/2021,2025/2026,False,False,OK
fact_player_match_stats,ShotsOffTarget,shot_xg,OPTIONAL,53,Ligue1,2023/2024,8774,4396,50.1026,0,2102,306,306,100.0,-1.2554,1.7134,2020/2021,2025/2026,False,False,OK
fact_player_match_stats,ShotsOffTarget,shot_xg,OPTIONAL,53,Ligue1,2024/2025,8795,4285,48.7209,0,2031,306,306,100.0,-0.5613,-1.3817,2020/2021,2025/2026,False,False,OK
fact_player_match_stats,ShotsOffTarget,shot_xg,OPTIONAL,53,Ligue1,2025/2026,8784,4264,48.5428,0,1983,306,306,100.0,-1.5644,-0.1781,2020/2021,2025/2026,False,False,OK
fact_player_match_stats,ShotsOffTarget,shot_xg,OPTIONAL,54,Bundesliga,2020/2021,8652,4140,47.8502,0,1832,306,306,100.0,-2.9288,,2020/2021,2025/2026,False,False,OK
fact_player_match_stats,ShotsOffTarget,shot_xg,OPTIONAL,54,Bundesliga,2021/2022,8775,4414,50.302,0,1904,306,306,100.0,-2.0535,2.4518,2020/2021,2025/2026,False,False,OK
fact_player_match_stats,ShotsOffTarget,shot_xg,OPTIONAL,54,Bundesliga,2022/2023,8865,4336,48.9114,0,1971,306,306,100.0,-0.2044,-1.3906,2020/2021,2025/2026,False,False,OK
fact_player_match_stats,ShotsOffTarget,shot_xg,OPTIONAL,54,Bundesliga,2023/2024,8912,4601,51.627,0,2087,306,306,100.0,0.269,2.7156,2020/2021,2025/2026,False,False,OK
fact_player_match_stats,ShotsOffTarget,shot_xg,OPTIONAL,54,Bundesliga,2024/2025,8906,4366,49.0231,0,2058,306,306,100.0,-0.2591,-2.6039,2020/2021,2025/2026,False,False,OK
fact_player_match_stats,ShotsOffTarget,shot_xg,OPTIONAL,54,Bundesliga,2025/2026,8935,4495,50.3078,0,2055,306,306,100.0,0.2006,1.2847,2020/2021,2025/2026,False,False,OK
fact_player_match_stats,ShotsOffTarget,shot_xg,OPTIONAL,55,SerieA,2020/2021,10842,5160,47.5927,0,2320,379,379,100.0,-3.1863,,2020/2021,2025/2026,False,False,OK
fact_player_match_stats,ShotsOffTarget,shot_xg,OPTIONAL,55,SerieA,2021/2022,10945,5259,48.0493,0,2266,380,380,100.0,-4.3062,0.4566,2020/2021,2025/2026,False,False,OK
fact_player_match_stats,ShotsOffTarget,shot_xg,OPTIONAL,55,SerieA,2022/2023,11144,5489,49.2552,0,2448,381,381,100.0,0.1394,1.2059,2020/2021,2025/2026,False,False,OK
fact_player_match_stats,ShotsOffTarget,shot_xg,OPTIONAL,55,SerieA,2023/2024,11137,5455,48.9809,0,2439,380,380,100.0,-2.3771,-0.2743,2020/2021,2025/2026,False,False,OK
fact_player_match_stats,ShotsOffTarget,shot_xg,OPTIONAL,55,SerieA,2024/2025,11118,5295,47.6255,0,2461,380,380,100.0,-1.6567,-1.3554,2020/2021,2025/2026,False,False,OK
fact_player_match_stats,ShotsOffTarget,shot_xg,OPTIONAL,55,SerieA,2025/2026,11157,5353,47.9788,0,2455,380,380,100.0,-2.1284,0.3533,2020/2021,2025/2026,False,False,OK
fact_player_match_stats,ShotsOffTarget,shot_xg,OPTIONAL,87,LaLiga,2020/2021,10842,4764,43.9402,0,2017,380,380,100.0,-6.8388,,2020/2021,2025/2026,False,False,OK
fact_player_match_stats,ShotsOffTarget,shot_xg,OPTIONAL,87,LaLiga,2021/2022,11038,5186,46.9831,0,2239,380,380,100.0,-5.3724,3.0429,2020/2021,2025/2026,False,False,OK
fact_player_match_stats,ShotsOffTarget,shot_xg,OPTIONAL,87,LaLiga,2022/2023,11032,5238,47.4801,0,2264,379,379,100.0,-1.6357,0.497,2020/2021,2025/2026,False,False,OK
fact_player_match_stats,ShotsOffTarget,shot_xg,OPTIONAL,87,LaLiga,2023/2024,11083,5293,47.7578,0,2397,379,379,100.0,-3.6002,0.2777,2020/2021,2025/2026,False,False,OK
fact_player_match_stats,ShotsOffTarget,shot_xg,OPTIONAL,87,LaLiga,2024/2025,11130,5194,46.6667,0,2318,380,380,100.0,-2.6155,-1.0911,2020/2021,2025/2026,False,False,OK
fact_player_match_stats,ShotsOffTarget,shot_xg,OPTIONAL,87,LaLiga,2025/2026,11191,5337,47.6901,0,2432,380,380,100.0,-2.4171,1.0234,2020/2021,2025/2026,False,False,OK
fact_player_match_stats,ShotsOnTarget,shot_xg,OPTIONAL,47,EPL,2020/2021,9628,4889,50.779,0,2437,380,380,100.0,,,2020/2021,2025/2026,False,False,OK
fact_player_match_stats,ShotsOnTarget,shot_xg,OPTIONAL,47,EPL,2021/2022,9722,5090,52.3555,0,2562,380,380,100.0,,1.5765,2020/2021,2025/2026,False,False,OK
fact_player_match_stats,ShotsOnTarget,shot_xg,OPTIONAL,47,EPL,2022/2023,10575,5194,49.1158,0,2685,380,380,100.0,,-3.2397,2020/2021,2025/2026,False,False,OK
fact_player_match_stats,ShotsOnTarget,shot_xg,OPTIONAL,47,EPL,2023/2024,10604,5446,51.358,0,2671,380,380,100.0,,2.2422,2020/2021,2025/2026,False,False,OK
fact_player_match_stats,ShotsOnTarget,shot_xg,OPTIONAL,47,EPL,2024/2025,10797,5321,49.2822,0,2711,380,380,100.0,,-2.0758,2020/2021,2025/2026,False,False,OK
fact_player_match_stats,ShotsOnTarget,shot_xg,OPTIONAL,47,EPL,2025/2026,10725,5374,50.1072,0,2855,380,380,100.0,,0.825,2020/2021,2025/2026,False,False,OK
fact_player_match_stats,ShotsOnTarget,shot_xg,OPTIONAL,53,Ligue1,2020/2021,10730,5034,46.9152,0,2651,380,380,100.0,-3.8638,,2020/2021,2025/2026,False,False,OK
fact_player_match_stats,ShotsOnTarget,shot_xg,OPTIONAL,53,Ligue1,2021/2022,10753,5130,47.7076,0,2715,380,380,100.0,-4.6479,0.7924,2020/2021,2025/2026,False,False,OK
fact_player_match_stats,ShotsOnTarget,shot_xg,OPTIONAL,53,Ligue1,2022/2023,10771,5212,48.3892,0,2622,380,380,100.0,-0.7266,0.6816,2020/2021,2025/2026,False,False,OK
fact_player_match_stats,ShotsOnTarget,shot_xg,OPTIONAL,53,Ligue1,2023/2024,8774,4396,50.1026,0,2269,306,306,100.0,-1.2554,1.7134,2020/2021,2025/2026,False,False,OK
fact_player_match_stats,ShotsOnTarget,shot_xg,OPTIONAL,53,Ligue1,2024/2025,8795,4285,48.7209,0,2144,306,306,100.0,-0.5613,-1.3817,2020/2021,2025/2026,False,False,OK
fact_player_match_stats,ShotsOnTarget,shot_xg,OPTIONAL,53,Ligue1,2025/2026,8784,4264,48.5428,0,2203,306,306,100.0,-1.5644,-0.1781,2020/2021,2025/2026,False,False,OK
fact_player_match_stats,ShotsOnTarget,shot_xg,OPTIONAL,54,Bundesliga,2020/2021,8652,4140,47.8502,0,2074,306,306,100.0,-2.9288,,2020/2021,2025/2026,False,False,OK
fact_player_match_stats,ShotsOnTarget,shot_xg,OPTIONAL,54,Bundesliga,2021/2022,8775,4414,50.302,0,2264,306,306,100.0,-2.0535,2.4518,2020/2021,2025/2026,False,False,OK
fact_player_match_stats,ShotsOnTarget,shot_xg,OPTIONAL,54,Bundesliga,2022/2023,8865,4336,48.9114,0,2185,306,306,100.0,-0.2044,-1.3906,2020/2021,2025/2026,False,False,OK
fact_player_match_stats,ShotsOnTarget,shot_xg,OPTIONAL,54,Bundesliga,2023/2024,8912,4601,51.627,0,2382,306,306,100.0,0.269,2.7156,2020/2021,2025/2026,False,False,OK
fact_player_match_stats,ShotsOnTarget,shot_xg,OPTIONAL,54,Bundesliga,2024/2025,8906,4366,49.0231,0,2243,306,306,100.0,-0.2591,-2.6039,2020/2021,2025/2026,False,False,OK
fact_player_match_stats,ShotsOnTarget,shot_xg,OPTIONAL,54,Bundesliga,2025/2026,8935,4495,50.3078,0,2302,306,306,100.0,0.2006,1.2847,2020/2021,2025/2026,False,False,OK
fact_player_match_stats,ShotsOnTarget,shot_xg,OPTIONAL,55,SerieA,2020/2021,10842,5160,47.5927,0,2661,379,379,100.0,-3.1863,,2020/2021,2025/2026,False,False,OK
fact_player_match_stats,ShotsOnTarget,shot_xg,OPTIONAL,55,SerieA,2021/2022,10945,5259,48.0493,0,2699,380,380,100.0,-4.3062,0.4566,2020/2021,2025/2026,False,False,OK
fact_player_match_stats,ShotsOnTarget,shot_xg,OPTIONAL,55,SerieA,2022/2023,11144,5489,49.2552,0,3018,381,381,100.0,0.1394,1.2059,2020/2021,2025/2026,False,False,OK
fact_player_match_stats,ShotsOnTarget,shot_xg,OPTIONAL,55,SerieA,2023/2024,11137,5455,48.9809,0,2938,380,380,100.0,-2.3771,-0.2743,2020/2021,2025/2026,False,False,OK
fact_player_match_stats,ShotsOnTarget,shot_xg,OPTIONAL,55,SerieA,2024/2025,11118,5295,47.6255,0,2872,380,380,100.0,-1.6567,-1.3554,2020/2021,2025/2026,False,False,OK
fact_player_match_stats,ShotsOnTarget,shot_xg,OPTIONAL,55,SerieA,2025/2026,11157,5353,47.9788,0,2930,380,380,100.0,-2.1284,0.3533,2020/2021,2025/2026,False,False,OK
fact_player_match_stats,ShotsOnTarget,shot_xg,OPTIONAL,87,LaLiga,2020/2021,10842,4764,43.9402,0,2572,380,380,100.0,-6.8388,,2020/2021,2025/2026,False,False,OK
fact_player_match_stats,ShotsOnTarget,shot_xg,OPTIONAL,87,LaLiga,2021/2022,11038,5186,46.9831,0,2858,380,380,100.0,-5.3724,3.0429,2020/2021,2025/2026,False,False,OK
fact_player_match_stats,ShotsOnTarget,shot_xg,OPTIONAL,87,LaLiga,2022/2023,11032,5238,47.4801,0,2795,379,379,100.0,-1.6357,0.497,2020/2021,2025/2026,False,False,OK
fact_player_match_stats,ShotsOnTarget,shot_xg,OPTIONAL,87,LaLiga,2023/2024,11083,5293,47.7578,0,2780,379,379,100.0,-3.6002,0.2777,2020/2021,2025/2026,False,False,OK
fact_player_match_stats,ShotsOnTarget,shot_xg,OPTIONAL,87,LaLiga,2024/2025,11130,5194,46.6667,0,2778,380,380,100.0,-2.6155,-1.0911,2020/2021,2025/2026,False,False,OK
fact_player_match_stats,ShotsOnTarget,shot_xg,OPTIONAL,87,LaLiga,2025/2026,11191,5337,47.6901,0,2819,380,380,100.0,-2.4171,1.0234,2020/2021,2025/2026,False,False,OK
fact_player_match_stats,accurate_crosses,defensive_duel_passing,OPTIONAL,47,EPL,2020/2021,9628,4560,47.3619,0,2645,380,380,100.0,,,2020/2021,2025/2026,False,False,OK
fact_player_match_stats,accurate_crosses,defensive_duel_passing,OPTIONAL,47,EPL,2021/2022,9722,4588,47.1919,0,2579,380,380,100.0,,-0.17,2020/2021,2025/2026,False,False,OK
fact_player_match_stats,accurate_crosses,defensive_duel_passing,OPTIONAL,47,EPL,2022/2023,10575,4721,44.643,0,2645,380,380,100.0,,-2.5489,2020/2021,2025/2026,False,False,OK
fact_player_match_stats,accurate_crosses,defensive_duel_passing,OPTIONAL,47,EPL,2023/2024,10604,4710,44.4172,0,2703,380,380,100.0,,-0.2258,2020/2021,2025/2026,False,False,OK
fact_player_match_stats,accurate_crosses,defensive_duel_passing,OPTIONAL,47,EPL,2024/2025,10797,4953,45.8739,0,2764,380,380,100.0,,1.4567,2020/2021,2025/2026,False,False,OK
fact_player_match_stats,accurate_crosses,defensive_duel_passing,OPTIONAL,47,EPL,2025/2026,10725,5051,47.0956,0,2892,380,380,100.0,,1.2217,2020/2021,2025/2026,False,False,OK
fact_player_match_stats,accurate_crosses,defensive_duel_passing,OPTIONAL,53,Ligue1,2020/2021,10730,4837,45.0792,0,2773,380,380,100.0,-2.2827,,2020/2021,2025/2026,False,False,OK
fact_player_match_stats,accurate_crosses,defensive_duel_passing,OPTIONAL,53,Ligue1,2021/2022,10753,4780,44.4527,0,2660,380,380,100.0,-2.7392,-0.6265,2020/2021,2025/2026,False,False,OK
fact_player_match_stats,accurate_crosses,defensive_duel_passing,OPTIONAL,53,Ligue1,2022/2023,10771,4808,44.6384,0,2726,380,380,100.0,-0.0046,0.1857,2020/2021,2025/2026,False,False,OK
fact_player_match_stats,accurate_crosses,defensive_duel_passing,OPTIONAL,53,Ligue1,2023/2024,8774,3947,44.9852,0,2247,306,306,100.0,0.568,0.3468,2020/2021,2025/2026,False,False,OK
fact_player_match_stats,accurate_crosses,defensive_duel_passing,OPTIONAL,53,Ligue1,2024/2025,8795,3944,44.8437,0,2213,306,306,100.0,-1.0302,-0.1415,2020/2021,2025/2026,False,False,OK
fact_player_match_stats,accurate_crosses,defensive_duel_passing,OPTIONAL,53,Ligue1,2025/2026,8784,3925,44.6835,0,2177,306,306,100.0,-2.4121,-0.1602,2020/2021,2025/2026,False,False,OK
fact_player_match_stats,accurate_crosses,defensive_duel_passing,OPTIONAL,54,Bundesliga,2020/2021,8652,3896,45.0301,0,2153,306,306,100.0,-2.3318,,2020/2021,2025/2026,False,False,OK
fact_player_match_stats,accurate_crosses,defensive_duel_passing,OPTIONAL,54,Bundesliga,2021/2022,8775,3796,43.2593,0,2088,306,306,100.0,-3.9326,-1.7708,2020/2021,2025/2026,False,False,OK
fact_player_match_stats,accurate_crosses,defensive_duel_passing,OPTIONAL,54,Bundesliga,2022/2023,8865,3813,43.0118,0,2086,306,306,100.0,-1.6312,-0.2475,2020/2021,2025/2026,False,False,OK
fact_player_match_stats,accurate_crosses,defensive_duel_passing,OPTIONAL,54,Bundesliga,2023/2024,8912,3956,44.3896,0,2140,306,306,100.0,-0.0276,1.3778,2020/2021,2025/2026,False,False,OK
fact_player_match_stats,accurate_crosses,defensive_duel_passing,OPTIONAL,54,Bundesliga,2024/2025,8906,4095,45.9802,0,2272,306,306,100.0,0.1063,1.5906,2020/2021,2025/2026,False,False,OK
fact_player_match_stats,accurate_crosses,defensive_duel_passing,OPTIONAL,54,Bundesliga,2025/2026,8935,4084,45.7079,0,2288,306,306,100.0,-1.3877,-0.2723,2020/2021,2025/2026,False,False,OK
fact_player_match_stats,accurate_crosses,defensive_duel_passing,OPTIONAL,55,SerieA,2020/2021,10842,4929,45.4621,0,2786,379,379,100.0,-1.8998,,2020/2021,2025/2026,False,False,OK
fact_player_match_stats,accurate_crosses,defensive_duel_passing,OPTIONAL,55,SerieA,2021/2022,10945,4948,45.2079,0,2775,380,380,100.0,-1.984,-0.2542,2020/2021,2025/2026,False,False,OK
fact_player_match_stats,accurate_crosses,defensive_duel_passing,OPTIONAL,55,SerieA,2022/2023,11144,5037,45.1992,0,2818,381,381,100.0,0.5562,-0.0087,2020/2021,2025/2026,False,False,OK
fact_player_match_stats,accurate_crosses,defensive_duel_passing,OPTIONAL,55,SerieA,2023/2024,11137,5110,45.8831,0,2754,380,380,100.0,1.4659,0.6839,2020/2021,2025/2026,False,False,OK
fact_player_match_stats,accurate_crosses,defensive_duel_passing,OPTIONAL,55,SerieA,2024/2025,11118,4944,44.4684,0,2737,380,380,100.0,-1.4055,-1.4147,2020/2021,2025/2026,False,False,OK
fact_player_match_stats,accurate_crosses,defensive_duel_passing,OPTIONAL,55,SerieA,2025/2026,11157,5004,44.8508,0,2808,380,380,100.0,-2.2448,0.3824,2020/2021,2025/2026,False,False,OK
fact_player_match_stats,accurate_crosses,defensive_duel_passing,OPTIONAL,87,LaLiga,2020/2021,10842,4969,45.831,0,2800,380,380,100.0,-1.5309,,2020/2021,2025/2026,False,False,OK
fact_player_match_stats,accurate_crosses,defensive_duel_passing,OPTIONAL,87,LaLiga,2021/2022,11038,5110,46.2946,0,2936,380,380,100.0,-0.8973,0.4636,2020/2021,2025/2026,False,False,OK
fact_player_match_stats,accurate_crosses,defensive_duel_passing,OPTIONAL,87,LaLiga,2022/2023,11032,4975,45.0961,0,2710,379,379,100.0,0.4531,-1.1985,2020/2021,2025/2026,False,False,OK
fact_player_match_stats,accurate_crosses,defensive_duel_passing,OPTIONAL,87,LaLiga,2023/2024,11083,5118,46.1788,0,2810,379,379,100.0,1.7616,1.0827,2020/2021,2025/2026,False,False,OK
fact_player_match_stats,accurate_crosses,defensive_duel_passing,OPTIONAL,87,LaLiga,2024/2025,11130,5088,45.7143,0,2883,380,380,100.0,-0.1596,-0.4645,2020/2021,2025/2026,False,False,OK
fact_player_match_stats,accurate_crosses,defensive_duel_passing,OPTIONAL,87,LaLiga,2025/2026,11191,5113,45.6885,0,2874,380,380,100.0,-1.4071,-0.0258,2020/2021,2025/2026,False,False,OK
fact_player_match_stats,accurate_passes,defensive_duel_passing,REQUIRED,47,EPL,2020/2021,9628,9628,100.0,0,198,380,380,100.0,,,2020/2021,2025/2026,False,False,OK
fact_player_match_stats,accurate_passes,defensive_duel_passing,REQUIRED,47,EPL,2021/2022,9722,9722,100.0,0,203,380,380,100.0,,0.0,2020/2021,2025/2026,False,False,OK
fact_player_match_stats,accurate_passes,defensive_duel_passing,REQUIRED,47,EPL,2022/2023,10575,10575,100.0,0,299,380,380,100.0,,0.0,2020/2021,2025/2026,False,False,OK
fact_player_match_stats,accurate_passes,defensive_duel_passing,REQUIRED,47,EPL,2023/2024,10604,10604,100.0,0,248,380,380,100.0,,0.0,2020/2021,2025/2026,False,False,OK
fact_player_match_stats,accurate_passes,defensive_duel_passing,REQUIRED,47,EPL,2024/2025,10797,10797,100.0,0,268,380,380,100.0,,0.0,2020/2021,2025/2026,False,False,OK
fact_player_match_stats,accurate_passes,defensive_duel_passing,REQUIRED,47,EPL,2025/2026,10725,10725,100.0,0,313,380,380,100.0,,0.0,2020/2021,2025/2026,False,False,OK
fact_player_match_stats,accurate_passes,defensive_duel_passing,REQUIRED,53,Ligue1,2020/2021,10730,10730,100.0,0,262,380,380,100.0,0.0,,2020/2021,2025/2026,False,False,OK
fact_player_match_stats,accurate_passes,defensive_duel_passing,REQUIRED,53,Ligue1,2021/2022,10753,10753,100.0,0,273,380,380,100.0,0.0,0.0,2020/2021,2025/2026,False,False,OK
fact_player_match_stats,accurate_passes,defensive_duel_passing,REQUIRED,53,Ligue1,2022/2023,10771,10771,100.0,0,216,380,380,100.0,0.0,0.0,2020/2021,2025/2026,False,False,OK
fact_player_match_stats,accurate_passes,defensive_duel_passing,REQUIRED,53,Ligue1,2023/2024,8774,8774,100.0,0,200,306,306,100.0,0.0,0.0,2020/2021,2025/2026,False,False,OK
fact_player_match_stats,accurate_passes,defensive_duel_passing,REQUIRED,53,Ligue1,2024/2025,8795,8795,100.0,0,196,306,306,100.0,0.0,0.0,2020/2021,2025/2026,False,False,OK
fact_player_match_stats,accurate_passes,defensive_duel_passing,REQUIRED,53,Ligue1,2025/2026,8784,8784,100.0,0,218,306,306,100.0,0.0,0.0,2020/2021,2025/2026,False,False,OK
fact_player_match_stats,accurate_passes,defensive_duel_passing,REQUIRED,54,Bundesliga,2020/2021,8652,8652,100.0,0,253,306,306,100.0,0.0,,2020/2021,2025/2026,False,False,OK
fact_player_match_stats,accurate_passes,defensive_duel_passing,REQUIRED,54,Bundesliga,2021/2022,8775,8775,100.0,0,231,306,306,100.0,0.0,0.0,2020/2021,2025/2026,False,False,OK
fact_player_match_stats,accurate_passes,defensive_duel_passing,REQUIRED,54,Bundesliga,2022/2023,8865,8865,100.0,0,273,306,306,100.0,0.0,0.0,2020/2021,2025/2026,False,False,OK
fact_player_match_stats,accurate_passes,defensive_duel_passing,REQUIRED,54,Bundesliga,2023/2024,8912,8912,100.0,0,244,306,306,100.0,0.0,0.0,2020/2021,2025/2026,False,False,OK
fact_player_match_stats,accurate_passes,defensive_duel_passing,REQUIRED,54,Bundesliga,2024/2025,8906,8906,100.0,0,285,306,306,100.0,0.0,0.0,2020/2021,2025/2026,False,False,OK
fact_player_match_stats,accurate_passes,defensive_duel_passing,REQUIRED,54,Bundesliga,2025/2026,8935,8935,100.0,0,256,306,306,100.0,0.0,0.0,2020/2021,2025/2026,False,False,OK
fact_player_match_stats,accurate_passes,defensive_duel_passing,REQUIRED,55,SerieA,2020/2021,10842,10842,100.0,0,216,379,379,100.0,0.0,,2020/2021,2025/2026,False,False,OK
fact_player_match_stats,accurate_passes,defensive_duel_passing,REQUIRED,55,SerieA,2021/2022,10945,10945,100.0,0,195,380,380,100.0,0.0,0.0,2020/2021,2025/2026,False,False,OK
fact_player_match_stats,accurate_passes,defensive_duel_passing,REQUIRED,55,SerieA,2022/2023,11144,11144,100.0,0,232,381,381,100.0,0.0,0.0,2020/2021,2025/2026,False,False,OK
fact_player_match_stats,accurate_passes,defensive_duel_passing,REQUIRED,55,SerieA,2023/2024,11137,11137,100.0,0,254,380,380,100.0,0.0,0.0,2020/2021,2025/2026,False,False,OK
fact_player_match_stats,accurate_passes,defensive_duel_passing,REQUIRED,55,SerieA,2024/2025,11118,11118,100.0,0,238,380,380,100.0,0.0,0.0,2020/2021,2025/2026,False,False,OK
fact_player_match_stats,accurate_passes,defensive_duel_passing,REQUIRED,55,SerieA,2025/2026,11157,11157,100.0,0,294,380,380,100.0,0.0,0.0,2020/2021,2025/2026,False,False,OK
fact_player_match_stats,accurate_passes,defensive_duel_passing,REQUIRED,87,LaLiga,2020/2021,10842,10842,100.0,0,247,380,380,100.0,0.0,,2020/2021,2025/2026,False,False,OK
fact_player_match_stats,accurate_passes,defensive_duel_passing,REQUIRED,87,LaLiga,2021/2022,11038,11038,100.0,0,240,380,380,100.0,0.0,0.0,2020/2021,2025/2026,False,False,OK
fact_player_match_stats,accurate_passes,defensive_duel_passing,REQUIRED,87,LaLiga,2022/2023,11032,11032,100.0,0,220,379,379,100.0,0.0,0.0,2020/2021,2025/2026,False,False,OK
fact_player_match_stats,accurate_passes,defensive_duel_passing,REQUIRED,87,LaLiga,2023/2024,11083,11083,100.0,0,235,379,379,100.0,0.0,0.0,2020/2021,2025/2026,False,False,OK
fact_player_match_stats,accurate_passes,defensive_duel_passing,REQUIRED,87,LaLiga,2024/2025,11130,11130,100.0,0,237,380,380,100.0,0.0,0.0,2020/2021,2025/2026,False,False,OK
fact_player_match_stats,accurate_passes,defensive_duel_passing,REQUIRED,87,LaLiga,2025/2026,11191,11191,100.0,0,255,380,380,100.0,0.0,0.0,2020/2021,2025/2026,False,False,OK
fact_player_match_stats,aerials_won,defensive_duel_passing,REQUIRED,47,EPL,2020/2021,9628,9628,100.0,0,4222,380,380,100.0,,,2020/2021,2025/2026,False,False,OK
fact_player_match_stats,aerials_won,defensive_duel_passing,REQUIRED,47,EPL,2021/2022,9722,9722,100.0,0,4411,380,380,100.0,,0.0,2020/2021,2025/2026,False,False,OK
fact_player_match_stats,aerials_won,defensive_duel_passing,REQUIRED,47,EPL,2022/2023,10575,10575,100.0,0,5344,380,380,100.0,,0.0,2020/2021,2025/2026,False,False,OK
fact_player_match_stats,aerials_won,defensive_duel_passing,REQUIRED,47,EPL,2023/2024,10604,10604,100.0,0,5587,380,380,100.0,,0.0,2020/2021,2025/2026,False,False,OK
fact_player_match_stats,aerials_won,defensive_duel_passing,REQUIRED,47,EPL,2024/2025,10797,10797,100.0,0,5745,380,380,100.0,,0.0,2020/2021,2025/2026,False,False,OK
fact_player_match_stats,aerials_won,defensive_duel_passing,REQUIRED,47,EPL,2025/2026,10725,10725,100.0,0,5209,380,380,100.0,,0.0,2020/2021,2025/2026,False,False,OK
fact_player_match_stats,aerials_won,defensive_duel_passing,REQUIRED,53,Ligue1,2020/2021,10730,10730,100.0,0,5219,380,380,100.0,0.0,,2020/2021,2025/2026,False,False,OK
fact_player_match_stats,aerials_won,defensive_duel_passing,REQUIRED,53,Ligue1,2021/2022,10753,10753,100.0,0,5745,380,380,100.0,0.0,0.0,2020/2021,2025/2026,False,False,OK
fact_player_match_stats,aerials_won,defensive_duel_passing,REQUIRED,53,Ligue1,2022/2023,10771,10771,100.0,0,5747,380,380,100.0,0.0,0.0,2020/2021,2025/2026,False,False,OK
fact_player_match_stats,aerials_won,defensive_duel_passing,REQUIRED,53,Ligue1,2023/2024,8774,8774,100.0,0,4764,306,306,100.0,0.0,0.0,2020/2021,2025/2026,False,False,OK
fact_player_match_stats,aerials_won,defensive_duel_passing,REQUIRED,53,Ligue1,2024/2025,8795,8795,100.0,0,4839,306,306,100.0,0.0,0.0,2020/2021,2025/2026,False,False,OK
fact_player_match_stats,aerials_won,defensive_duel_passing,REQUIRED,53,Ligue1,2025/2026,8784,8784,100.0,0,4946,306,306,100.0,0.0,0.0,2020/2021,2025/2026,False,False,OK
fact_player_match_stats,aerials_won,defensive_duel_passing,REQUIRED,54,Bundesliga,2020/2021,8652,8652,100.0,0,3941,306,306,100.0,0.0,,2020/2021,2025/2026,False,False,OK
fact_player_match_stats,aerials_won,defensive_duel_passing,REQUIRED,54,Bundesliga,2021/2022,8775,8775,100.0,0,4076,306,306,100.0,0.0,0.0,2020/2021,2025/2026,False,False,OK
fact_player_match_stats,aerials_won,defensive_duel_passing,REQUIRED,54,Bundesliga,2022/2023,8865,8865,100.0,0,4194,306,306,100.0,0.0,0.0,2020/2021,2025/2026,False,False,OK
fact_player_match_stats,aerials_won,defensive_duel_passing,REQUIRED,54,Bundesliga,2023/2024,8912,8912,100.0,0,4379,306,306,100.0,0.0,0.0,2020/2021,2025/2026,False,False,OK
fact_player_match_stats,aerials_won,defensive_duel_passing,REQUIRED,54,Bundesliga,2024/2025,8906,8906,100.0,0,4325,306,306,100.0,0.0,0.0,2020/2021,2025/2026,False,False,OK
fact_player_match_stats,aerials_won,defensive_duel_passing,REQUIRED,54,Bundesliga,2025/2026,8935,8935,100.0,0,4433,306,306,100.0,0.0,0.0,2020/2021,2025/2026,False,False,OK
fact_player_match_stats,aerials_won,defensive_duel_passing,REQUIRED,55,SerieA,2020/2021,10842,10842,100.0,0,5459,379,379,100.0,0.0,,2020/2021,2025/2026,False,False,OK
fact_player_match_stats,aerials_won,defensive_duel_passing,REQUIRED,55,SerieA,2021/2022,10945,10945,100.0,0,5612,380,380,100.0,0.0,0.0,2020/2021,2025/2026,False,False,OK
fact_player_match_stats,aerials_won,defensive_duel_passing,REQUIRED,55,SerieA,2022/2023,11144,11144,100.0,0,5868,381,381,100.0,0.0,0.0,2020/2021,2025/2026,False,False,OK
fact_player_match_stats,aerials_won,defensive_duel_passing,REQUIRED,55,SerieA,2023/2024,11137,11137,100.0,0,5715,380,380,100.0,0.0,0.0,2020/2021,2025/2026,False,False,OK
fact_player_match_stats,aerials_won,defensive_duel_passing,REQUIRED,55,SerieA,2024/2025,11118,11118,100.0,0,5606,380,380,100.0,0.0,0.0,2020/2021,2025/2026,False,False,OK
fact_player_match_stats,aerials_won,defensive_duel_passing,REQUIRED,55,SerieA,2025/2026,11157,11157,100.0,0,5721,380,380,100.0,0.0,0.0,2020/2021,2025/2026,False,False,OK
fact_player_match_stats,aerials_won,defensive_duel_passing,REQUIRED,87,LaLiga,2020/2021,10842,10842,100.0,0,5072,380,380,100.0,0.0,,2020/2021,2025/2026,False,False,OK
fact_player_match_stats,aerials_won,defensive_duel_passing,REQUIRED,87,LaLiga,2021/2022,11038,11038,100.0,0,5344,380,380,100.0,0.0,0.0,2020/2021,2025/2026,False,False,OK
fact_player_match_stats,aerials_won,defensive_duel_passing,REQUIRED,87,LaLiga,2022/2023,11032,11032,100.0,0,5773,379,379,100.0,0.0,0.0,2020/2021,2025/2026,False,False,OK
fact_player_match_stats,aerials_won,defensive_duel_passing,REQUIRED,87,LaLiga,2023/2024,11083,11083,100.0,0,5689,379,379,100.0,0.0,0.0,2020/2021,2025/2026,False,False,OK
fact_player_match_stats,aerials_won,defensive_duel_passing,REQUIRED,87,LaLiga,2024/2025,11130,11130,100.0,0,5928,380,380,100.0,0.0,0.0,2020/2021,2025/2026,False,False,OK
fact_player_match_stats,aerials_won,defensive_duel_passing,REQUIRED,87,LaLiga,2025/2026,11191,11191,100.0,0,6088,380,380,100.0,0.0,0.0,2020/2021,2025/2026,False,False,OK
fact_player_match_stats,big_chance_missed_title,shot_xg,OPTIONAL,47,EPL,2020/2021,9628,726,7.5405,0,0,327,380,86.0526,,,2020/2021,2025/2026,False,False,OK
fact_player_match_stats,big_chance_missed_title,shot_xg,OPTIONAL,47,EPL,2021/2022,9722,740,7.6116,0,0,333,380,87.6316,,0.0711,2020/2021,2025/2026,False,False,OK
fact_player_match_stats,big_chance_missed_title,shot_xg,OPTIONAL,47,EPL,2022/2023,10575,807,7.6312,0,0,344,380,90.5263,,0.0196,2020/2021,2025/2026,False,False,OK
fact_player_match_stats,big_chance_missed_title,shot_xg,OPTIONAL,47,EPL,2023/2024,10604,955,9.006,0,0,347,380,91.3158,,1.3748,2020/2021,2025/2026,False,False,OK
fact_player_match_stats,big_chance_missed_title,shot_xg,OPTIONAL,47,EPL,2024/2025,10797,1031,9.5489,0,0,356,380,93.6842,,0.5429,2020/2021,2025/2026,False,False,OK
fact_player_match_stats,big_chance_missed_title,shot_xg,OPTIONAL,47,EPL,2025/2026,10725,971,9.0536,0,0,354,380,93.1579,,-0.4953,2020/2021,2025/2026,False,False,OK
fact_player_match_stats,big_chance_missed_title,shot_xg,OPTIONAL,53,Ligue1,2020/2021,10730,720,6.7102,0,0,326,380,85.7895,-0.8303,,2020/2021,2025/2026,False,False,OK
fact_player_match_stats,big_chance_missed_title,shot_xg,OPTIONAL,53,Ligue1,2021/2022,10753,771,7.1701,0,0,341,380,89.7368,-0.4415,0.4599,2020/2021,2025/2026,False,False,OK
fact_player_match_stats,big_chance_missed_title,shot_xg,OPTIONAL,53,Ligue1,2022/2023,10771,884,8.2072,0,0,344,380,90.5263,0.576,1.0371,2020/2021,2025/2026,False,False,OK
fact_player_match_stats,big_chance_missed_title,shot_xg,OPTIONAL,53,Ligue1,2023/2024,8774,699,7.9667,0,0,279,306,91.1765,-1.0393,-0.2405,2020/2021,2025/2026,False,False,OK
fact_player_match_stats,big_chance_missed_title,shot_xg,OPTIONAL,53,Ligue1,2024/2025,8795,837,9.5168,0,0,290,306,94.7712,-0.0321,1.5501,2020/2021,2025/2026,False,False,OK
fact_player_match_stats,big_chance_missed_title,shot_xg,OPTIONAL,53,Ligue1,2025/2026,8784,792,9.0164,0,0,283,306,92.4837,-0.0372,-0.5004,2020/2021,2025/2026,False,False,OK
fact_player_match_stats,big_chance_missed_title,shot_xg,OPTIONAL,54,Bundesliga,2020/2021,8652,629,7.27,0,0,268,306,87.5817,-0.2705,,2020/2021,2025/2026,False,False,OK
fact_player_match_stats,big_chance_missed_title,shot_xg,OPTIONAL,54,Bundesliga,2021/2022,8775,679,7.7379,0,0,267,306,87.2549,0.1263,0.4679,2020/2021,2025/2026,False,False,OK
fact_player_match_stats,big_chance_missed_title,shot_xg,OPTIONAL,54,Bundesliga,2022/2023,8865,679,7.6593,0,0,277,306,90.5229,0.0281,-0.0786,2020/2021,2025/2026,False,False,OK
fact_player_match_stats,big_chance_missed_title,shot_xg,OPTIONAL,54,Bundesliga,2023/2024,8912,796,8.9318,0,0,287,306,93.7908,-0.0742,1.2725,2020/2021,2025/2026,False,False,OK
fact_player_match_stats,big_chance_missed_title,shot_xg,OPTIONAL,54,Bundesliga,2024/2025,8906,824,9.2522,0,0,288,306,94.1176,-0.2967,0.3204,2020/2021,2025/2026,False,False,OK
fact_player_match_stats,big_chance_missed_title,shot_xg,OPTIONAL,54,Bundesliga,2025/2026,8935,877,9.8153,0,0,290,306,94.7712,0.7617,0.5631,2020/2021,2025/2026,False,False,OK
fact_player_match_stats,big_chance_missed_title,shot_xg,OPTIONAL,55,SerieA,2020/2021,10842,835,7.7015,0,0,332,379,87.5989,0.161,,2020/2021,2025/2026,False,False,OK
fact_player_match_stats,big_chance_missed_title,shot_xg,OPTIONAL,55,SerieA,2021/2022,10945,734,6.7063,0,0,323,380,85.0,-0.9053,-0.9952,2020/2021,2025/2026,False,False,OK
fact_player_match_stats,big_chance_missed_title,shot_xg,OPTIONAL,55,SerieA,2022/2023,11144,700,6.2814,0,0,330,381,86.6142,-1.3498,-0.4249,2020/2021,2025/2026,False,False,OK
fact_player_match_stats,big_chance_missed_title,shot_xg,OPTIONAL,55,SerieA,2023/2024,11137,777,6.9767,0,0,327,380,86.0526,-2.0293,0.6953,2020/2021,2025/2026,False,False,OK
fact_player_match_stats,big_chance_missed_title,shot_xg,OPTIONAL,55,SerieA,2024/2025,11118,845,7.6003,0,0,345,380,90.7895,-1.9486,0.6236,2020/2021,2025/2026,False,False,OK
fact_player_match_stats,big_chance_missed_title,shot_xg,OPTIONAL,55,SerieA,2025/2026,11157,886,7.9412,0,0,349,380,91.8421,-1.1124,0.3409,2020/2021,2025/2026,False,False,OK
fact_player_match_stats,big_chance_missed_title,shot_xg,OPTIONAL,87,LaLiga,2020/2021,10842,687,6.3365,0,0,314,380,82.6316,-1.204,,2020/2021,2025/2026,False,False,OK
fact_player_match_stats,big_chance_missed_title,shot_xg,OPTIONAL,87,LaLiga,2021/2022,11038,723,6.5501,0,0,326,380,85.7895,-1.0615,0.2136,2020/2021,2025/2026,False,False,OK
fact_player_match_stats,big_chance_missed_title,shot_xg,OPTIONAL,87,LaLiga,2022/2023,11032,851,7.7139,0,0,345,379,91.029,0.0827,1.1638,2020/2021,2025/2026,False,False,OK
fact_player_match_stats,big_chance_missed_title,shot_xg,OPTIONAL,87,LaLiga,2023/2024,11083,884,7.9762,0,0,344,379,90.7652,-1.0298,0.2623,2020/2021,2025/2026,False,False,OK
fact_player_match_stats,big_chance_missed_title,shot_xg,OPTIONAL,87,LaLiga,2024/2025,11130,877,7.8796,0,0,348,380,91.5789,-1.6693,-0.0966,2020/2021,2025/2026,False,False,OK
fact_player_match_stats,big_chance_missed_title,shot_xg,OPTIONAL,87,LaLiga,2025/2026,11191,956,8.5426,0,0,352,380,92.6316,-0.511,0.663,2020/2021,2025/2026,False,False,OK
fact_player_match_stats,blocked_shots,shot_xg,OPTIONAL,47,EPL,2020/2021,9628,1987,20.6377,0,0,380,380,100.0,,,2020/2021,2025/2026,False,False,OK
fact_player_match_stats,blocked_shots,shot_xg,OPTIONAL,47,EPL,2021/2022,9722,2159,22.2074,0,0,377,380,99.2105,,1.5697,2020/2021,2025/2026,False,False,OK
fact_player_match_stats,blocked_shots,shot_xg,OPTIONAL,47,EPL,2022/2023,10575,2177,20.5863,0,0,379,380,99.7368,,-1.6211,2020/2021,2025/2026,False,False,OK
fact_player_match_stats,blocked_shots,shot_xg,OPTIONAL,47,EPL,2023/2024,10604,2329,21.9634,0,0,379,380,99.7368,,1.3771,2020/2021,2025/2026,False,False,OK
fact_player_match_stats,blocked_shots,shot_xg,OPTIONAL,47,EPL,2024/2025,10797,2266,20.9873,0,0,379,380,99.7368,,-0.9761,2020/2021,2025/2026,False,False,OK
fact_player_match_stats,blocked_shots,shot_xg,OPTIONAL,47,EPL,2025/2026,10725,2260,21.0723,0,0,379,380,99.7368,,0.085,2020/2021,2025/2026,False,False,OK
fact_player_match_stats,blocked_shots,shot_xg,OPTIONAL,53,Ligue1,2020/2021,10730,1779,16.5797,0,0,374,380,98.4211,-4.058,,2020/2021,2025/2026,False,False,OK
fact_player_match_stats,blocked_shots,shot_xg,OPTIONAL,53,Ligue1,2021/2022,10753,1837,17.0836,0,0,379,380,99.7368,-5.1238,0.5039,2020/2021,2025/2026,False,False,OK
fact_player_match_stats,blocked_shots,shot_xg,OPTIONAL,53,Ligue1,2022/2023,10771,1891,17.5564,0,0,379,380,99.7368,-3.0299,0.4728,2020/2021,2025/2026,False,False,OK
fact_player_match_stats,blocked_shots,shot_xg,OPTIONAL,53,Ligue1,2023/2024,8774,1731,19.7287,0,0,306,306,100.0,-2.2347,2.1723,2020/2021,2025/2026,False,False,OK
fact_player_match_stats,blocked_shots,shot_xg,OPTIONAL,53,Ligue1,2024/2025,8795,1646,18.7152,0,0,304,306,99.3464,-2.2721,-1.0135,2020/2021,2025/2026,False,False,OK
fact_player_match_stats,blocked_shots,shot_xg,OPTIONAL,53,Ligue1,2025/2026,8784,1653,18.8183,0,0,305,306,99.6732,-2.254,0.1031,2020/2021,2025/2026,False,False,OK
fact_player_match_stats,blocked_shots,shot_xg,OPTIONAL,54,Bundesliga,2020/2021,8652,1500,17.337,0,0,305,306,99.6732,-3.3007,,2020/2021,2025/2026,False,False,OK
fact_player_match_stats,blocked_shots,shot_xg,OPTIONAL,54,Bundesliga,2021/2022,8775,1557,17.7436,0,0,304,306,99.3464,-4.4638,0.4066,2020/2021,2025/2026,False,False,OK
fact_player_match_stats,blocked_shots,shot_xg,OPTIONAL,54,Bundesliga,2022/2023,8865,1612,18.1839,0,0,305,306,99.6732,-2.4024,0.4403,2020/2021,2025/2026,False,False,OK
fact_player_match_stats,blocked_shots,shot_xg,OPTIONAL,54,Bundesliga,2023/2024,8912,1865,20.9268,0,0,306,306,100.0,-1.0366,2.7429,2020/2021,2025/2026,False,False,OK
fact_player_match_stats,blocked_shots,shot_xg,OPTIONAL,54,Bundesliga,2024/2025,8906,1776,19.9416,0,0,305,306,99.6732,-1.0457,-0.9852,2020/2021,2025/2026,False,False,OK
fact_player_match_stats,blocked_shots,shot_xg,OPTIONAL,54,Bundesliga,2025/2026,8935,1753,19.6195,0,0,306,306,100.0,-1.4528,-0.3221,2020/2021,2025/2026,False,False,OK
fact_player_match_stats,blocked_shots,shot_xg,OPTIONAL,55,SerieA,2020/2021,10842,1986,18.3177,0,0,378,379,99.7361,-2.32,,2020/2021,2025/2026,False,False,OK
fact_player_match_stats,blocked_shots,shot_xg,OPTIONAL,55,SerieA,2021/2022,10945,2113,19.3056,0,0,380,380,100.0,-2.9018,0.9879,2020/2021,2025/2026,False,False,OK
fact_player_match_stats,blocked_shots,shot_xg,OPTIONAL,55,SerieA,2022/2023,11144,2139,19.1942,0,0,380,381,99.7375,-1.3921,-0.1114,2020/2021,2025/2026,False,False,OK
fact_player_match_stats,blocked_shots,shot_xg,OPTIONAL,55,SerieA,2023/2024,11137,2123,19.0626,0,0,379,380,99.7368,-2.9008,-0.1316,2020/2021,2025/2026,False,False,OK
fact_player_match_stats,blocked_shots,shot_xg,OPTIONAL,55,SerieA,2024/2025,11118,2095,18.8433,0,0,380,380,100.0,-2.144,-0.2193,2020/2021,2025/2026,False,False,OK
fact_player_match_stats,blocked_shots,shot_xg,OPTIONAL,55,SerieA,2025/2026,11157,2102,18.8402,0,0,379,380,99.7368,-2.2321,-0.0031,2020/2021,2025/2026,False,False,OK
fact_player_match_stats,blocked_shots,shot_xg,OPTIONAL,87,LaLiga,2020/2021,10842,1516,13.9827,0,0,369,380,97.1053,-6.655,,2020/2021,2025/2026,False,False,OK
fact_player_match_stats,blocked_shots,shot_xg,OPTIONAL,87,LaLiga,2021/2022,11038,1893,17.1498,0,0,378,380,99.4737,-5.0576,3.1671,2020/2021,2025/2026,False,False,OK
fact_player_match_stats,blocked_shots,shot_xg,OPTIONAL,87,LaLiga,2022/2023,11032,1898,17.2045,0,0,378,379,99.7361,-3.3818,0.0547,2020/2021,2025/2026,False,False,OK
fact_player_match_stats,blocked_shots,shot_xg,OPTIONAL,87,LaLiga,2023/2024,11083,1947,17.5674,0,0,379,379,100.0,-4.396,0.3629,2020/2021,2025/2026,False,False,OK
fact_player_match_stats,blocked_shots,shot_xg,OPTIONAL,87,LaLiga,2024/2025,11130,1920,17.2507,0,0,378,380,99.4737,-3.7366,-0.3167,2020/2021,2025/2026,False,False,OK
fact_player_match_stats,blocked_shots,shot_xg,OPTIONAL,87,LaLiga,2025/2026,11191,2040,18.2289,0,0,380,380,100.0,-2.8434,0.9782,2020/2021,2025/2026,False,False,OK
fact_player_match_stats,chances_created,defensive_duel_passing,REQUIRED,47,EPL,2020/2021,9628,9628,100.0,0,5509,380,380,100.0,,,2020/2021,2025/2026,False,False,OK
fact_player_match_stats,chances_created,defensive_duel_passing,REQUIRED,47,EPL,2021/2022,9722,9722,100.0,0,5454,380,380,100.0,,0.0,2020/2021,2025/2026,False,False,OK
fact_player_match_stats,chances_created,defensive_duel_passing,REQUIRED,47,EPL,2022/2023,10575,10575,100.0,0,6254,380,380,100.0,,0.0,2020/2021,2025/2026,False,False,OK
fact_player_match_stats,chances_created,defensive_duel_passing,REQUIRED,47,EPL,2023/2024,10604,10604,100.0,0,6058,380,380,100.0,,0.0,2020/2021,2025/2026,False,False,OK
fact_player_match_stats,chances_created,defensive_duel_passing,REQUIRED,47,EPL,2024/2025,10797,10797,100.0,0,6315,380,380,100.0,,0.0,2020/2021,2025/2026,False,False,OK
fact_player_match_stats,chances_created,defensive_duel_passing,REQUIRED,47,EPL,2025/2026,10725,10725,100.0,0,6359,380,380,100.0,,0.0,2020/2021,2025/2026,False,False,OK
fact_player_match_stats,chances_created,defensive_duel_passing,REQUIRED,53,Ligue1,2020/2021,10730,10730,100.0,0,6637,380,380,100.0,0.0,,2020/2021,2025/2026,False,False,OK
fact_player_match_stats,chances_created,defensive_duel_passing,REQUIRED,53,Ligue1,2021/2022,10753,10753,100.0,0,6514,380,380,100.0,0.0,0.0,2020/2021,2025/2026,False,False,OK
fact_player_match_stats,chances_created,defensive_duel_passing,REQUIRED,53,Ligue1,2022/2023,10771,10771,100.0,0,6525,380,380,100.0,0.0,0.0,2020/2021,2025/2026,False,False,OK
fact_player_match_stats,chances_created,defensive_duel_passing,REQUIRED,53,Ligue1,2023/2024,8774,8774,100.0,0,5141,306,306,100.0,0.0,0.0,2020/2021,2025/2026,False,False,OK
fact_player_match_stats,chances_created,defensive_duel_passing,REQUIRED,53,Ligue1,2024/2025,8795,8795,100.0,0,5266,306,306,100.0,0.0,0.0,2020/2021,2025/2026,False,False,OK
fact_player_match_stats,chances_created,defensive_duel_passing,REQUIRED,53,Ligue1,2025/2026,8784,8784,100.0,0,5251,306,306,100.0,0.0,0.0,2020/2021,2025/2026,False,False,OK
fact_player_match_stats,chances_created,defensive_duel_passing,REQUIRED,54,Bundesliga,2020/2021,8652,8652,100.0,0,5170,306,306,100.0,0.0,,2020/2021,2025/2026,False,False,OK
fact_player_match_stats,chances_created,defensive_duel_passing,REQUIRED,54,Bundesliga,2021/2022,8775,8775,100.0,0,5235,306,306,100.0,0.0,0.0,2020/2021,2025/2026,False,False,OK
fact_player_match_stats,chances_created,defensive_duel_passing,REQUIRED,54,Bundesliga,2022/2023,8865,8865,100.0,0,5325,306,306,100.0,0.0,0.0,2020/2021,2025/2026,False,False,OK
fact_player_match_stats,chances_created,defensive_duel_passing,REQUIRED,54,Bundesliga,2023/2024,8912,8912,100.0,0,5140,306,306,100.0,0.0,0.0,2020/2021,2025/2026,False,False,OK
fact_player_match_stats,chances_created,defensive_duel_passing,REQUIRED,54,Bundesliga,2024/2025,8906,8906,100.0,0,5293,306,306,100.0,0.0,0.0,2020/2021,2025/2026,False,False,OK
fact_player_match_stats,chances_created,defensive_duel_passing,REQUIRED,54,Bundesliga,2025/2026,8935,8935,100.0,0,5201,306,306,100.0,0.0,0.0,2020/2021,2025/2026,False,False,OK
fact_player_match_stats,chances_created,defensive_duel_passing,REQUIRED,55,SerieA,2020/2021,10842,10842,100.0,0,6510,379,379,100.0,0.0,,2020/2021,2025/2026,False,False,OK
fact_player_match_stats,chances_created,defensive_duel_passing,REQUIRED,55,SerieA,2021/2022,10945,10945,100.0,0,6436,380,380,100.0,0.0,0.0,2020/2021,2025/2026,False,False,OK
fact_player_match_stats,chances_created,defensive_duel_passing,REQUIRED,55,SerieA,2022/2023,11144,11144,100.0,0,6597,381,381,100.0,0.0,0.0,2020/2021,2025/2026,False,False,OK
fact_player_match_stats,chances_created,defensive_duel_passing,REQUIRED,55,SerieA,2023/2024,11137,11137,100.0,0,6528,380,380,100.0,0.0,0.0,2020/2021,2025/2026,False,False,OK
fact_player_match_stats,chances_created,defensive_duel_passing,REQUIRED,55,SerieA,2024/2025,11118,11118,100.0,0,6695,380,380,100.0,0.0,0.0,2020/2021,2025/2026,False,False,OK
fact_player_match_stats,chances_created,defensive_duel_passing,REQUIRED,55,SerieA,2025/2026,11157,11157,100.0,0,6734,380,380,100.0,0.0,0.0,2020/2021,2025/2026,False,False,OK
fact_player_match_stats,chances_created,defensive_duel_passing,REQUIRED,87,LaLiga,2020/2021,10842,10842,100.0,0,6924,380,380,100.0,0.0,,2020/2021,2025/2026,False,False,OK
fact_player_match_stats,chances_created,defensive_duel_passing,REQUIRED,87,LaLiga,2021/2022,11038,11038,100.0,0,6830,380,380,100.0,0.0,0.0,2020/2021,2025/2026,False,False,OK
fact_player_match_stats,chances_created,defensive_duel_passing,REQUIRED,87,LaLiga,2022/2023,11032,11032,100.0,0,6666,379,379,100.0,0.0,0.0,2020/2021,2025/2026,False,False,OK
fact_player_match_stats,chances_created,defensive_duel_passing,REQUIRED,87,LaLiga,2023/2024,11083,11083,100.0,0,6731,379,379,100.0,0.0,0.0,2020/2021,2025/2026,False,False,OK
fact_player_match_stats,chances_created,defensive_duel_passing,REQUIRED,87,LaLiga,2024/2025,11130,11130,100.0,0,6829,380,380,100.0,0.0,0.0,2020/2021,2025/2026,False,False,OK
fact_player_match_stats,chances_created,defensive_duel_passing,REQUIRED,87,LaLiga,2025/2026,11191,11191,100.0,0,6707,380,380,100.0,0.0,0.0,2020/2021,2025/2026,False,False,OK
fact_player_match_stats,clearances,defensive_duel_passing,REQUIRED,47,EPL,2020/2021,9628,9628,100.0,0,4578,380,380,100.0,,,2020/2021,2025/2026,False,False,OK
fact_player_match_stats,clearances,defensive_duel_passing,REQUIRED,47,EPL,2021/2022,9722,9722,100.0,0,4484,380,380,100.0,,0.0,2020/2021,2025/2026,False,False,OK
fact_player_match_stats,clearances,defensive_duel_passing,REQUIRED,47,EPL,2022/2023,10575,10575,100.0,0,5202,380,380,100.0,,0.0,2020/2021,2025/2026,False,False,OK
fact_player_match_stats,clearances,defensive_duel_passing,REQUIRED,47,EPL,2023/2024,10604,10604,100.0,0,5048,380,380,100.0,,0.0,2020/2021,2025/2026,False,False,OK
fact_player_match_stats,clearances,defensive_duel_passing,REQUIRED,47,EPL,2024/2025,10797,10797,100.0,0,4793,380,380,100.0,,0.0,2020/2021,2025/2026,False,False,OK
fact_player_match_stats,clearances,defensive_duel_passing,REQUIRED,47,EPL,2025/2026,10725,10725,100.0,0,4276,380,380,100.0,,0.0,2020/2021,2025/2026,False,False,OK
fact_player_match_stats,clearances,defensive_duel_passing,REQUIRED,53,Ligue1,2020/2021,10730,10730,100.0,0,5833,380,380,100.0,0.0,,2020/2021,2025/2026,False,False,OK
fact_player_match_stats,clearances,defensive_duel_passing,REQUIRED,53,Ligue1,2021/2022,10753,10753,100.0,0,5949,380,380,100.0,0.0,0.0,2020/2021,2025/2026,False,False,OK
fact_player_match_stats,clearances,defensive_duel_passing,REQUIRED,53,Ligue1,2022/2023,10771,10771,100.0,0,5850,380,380,100.0,0.0,0.0,2020/2021,2025/2026,False,False,OK
fact_player_match_stats,clearances,defensive_duel_passing,REQUIRED,53,Ligue1,2023/2024,8774,8774,100.0,0,4484,306,306,100.0,0.0,0.0,2020/2021,2025/2026,False,False,OK
fact_player_match_stats,clearances,defensive_duel_passing,REQUIRED,53,Ligue1,2024/2025,8795,8795,100.0,0,4190,306,306,100.0,0.0,0.0,2020/2021,2025/2026,False,False,OK
fact_player_match_stats,clearances,defensive_duel_passing,REQUIRED,53,Ligue1,2025/2026,8784,8784,100.0,0,4122,306,306,100.0,0.0,0.0,2020/2021,2025/2026,False,False,OK
fact_player_match_stats,clearances,defensive_duel_passing,REQUIRED,54,Bundesliga,2020/2021,8652,8652,100.0,0,4385,306,306,100.0,0.0,,2020/2021,2025/2026,False,False,OK
fact_player_match_stats,clearances,defensive_duel_passing,REQUIRED,54,Bundesliga,2021/2022,8775,8775,100.0,0,4398,306,306,100.0,0.0,0.0,2020/2021,2025/2026,False,False,OK
fact_player_match_stats,clearances,defensive_duel_passing,REQUIRED,54,Bundesliga,2022/2023,8865,8865,100.0,0,4394,306,306,100.0,0.0,0.0,2020/2021,2025/2026,False,False,OK
fact_player_match_stats,clearances,defensive_duel_passing,REQUIRED,54,Bundesliga,2023/2024,8912,8912,100.0,0,4255,306,306,100.0,0.0,0.0,2020/2021,2025/2026,False,False,OK
fact_player_match_stats,clearances,defensive_duel_passing,REQUIRED,54,Bundesliga,2024/2025,8906,8906,100.0,0,3745,306,306,100.0,0.0,0.0,2020/2021,2025/2026,False,False,OK
fact_player_match_stats,clearances,defensive_duel_passing,REQUIRED,54,Bundesliga,2025/2026,8935,8935,100.0,0,3655,306,306,100.0,0.0,0.0,2020/2021,2025/2026,False,False,OK
fact_player_match_stats,clearances,defensive_duel_passing,REQUIRED,55,SerieA,2020/2021,10842,10842,100.0,0,5547,379,379,100.0,0.0,,2020/2021,2025/2026,False,False,OK
fact_player_match_stats,clearances,defensive_duel_passing,REQUIRED,55,SerieA,2021/2022,10945,10945,100.0,0,5729,380,380,100.0,0.0,0.0,2020/2021,2025/2026,False,False,OK
fact_player_match_stats,clearances,defensive_duel_passing,REQUIRED,55,SerieA,2022/2023,11144,11144,100.0,0,5829,381,381,100.0,0.0,0.0,2020/2021,2025/2026,False,False,OK
fact_player_match_stats,clearances,defensive_duel_passing,REQUIRED,55,SerieA,2023/2024,11137,11137,100.0,0,5632,380,380,100.0,0.0,0.0,2020/2021,2025/2026,False,False,OK
fact_player_match_stats,clearances,defensive_duel_passing,REQUIRED,55,SerieA,2024/2025,11118,11118,100.0,0,5182,380,380,100.0,0.0,0.0,2020/2021,2025/2026,False,False,OK
fact_player_match_stats,clearances,defensive_duel_passing,REQUIRED,55,SerieA,2025/2026,11157,11157,100.0,0,5020,380,380,100.0,0.0,0.0,2020/2021,2025/2026,False,False,OK
fact_player_match_stats,clearances,defensive_duel_passing,REQUIRED,87,LaLiga,2020/2021,10842,10842,100.0,0,5714,380,380,100.0,0.0,,2020/2021,2025/2026,False,False,OK
fact_player_match_stats,clearances,defensive_duel_passing,REQUIRED,87,LaLiga,2021/2022,11038,11038,100.0,0,5688,380,380,100.0,0.0,0.0,2020/2021,2025/2026,False,False,OK
fact_player_match_stats,clearances,defensive_duel_passing,REQUIRED,87,LaLiga,2022/2023,11032,11032,100.0,0,5779,379,379,100.0,0.0,0.0,2020/2021,2025/2026,False,False,OK
fact_player_match_stats,clearances,defensive_duel_passing,REQUIRED,87,LaLiga,2023/2024,11083,11083,100.0,0,5582,379,379,100.0,0.0,0.0,2020/2021,2025/2026,False,False,OK
fact_player_match_stats,clearances,defensive_duel_passing,REQUIRED,87,LaLiga,2024/2025,11130,11130,100.0,0,5160,380,380,100.0,0.0,0.0,2020/2021,2025/2026,False,False,OK
fact_player_match_stats,clearances,defensive_duel_passing,REQUIRED,87,LaLiga,2025/2026,11191,11191,100.0,0,5055,380,380,100.0,0.0,0.0,2020/2021,2025/2026,False,False,OK
fact_player_match_stats,dispossessed,defensive_duel_passing,REQUIRED,47,EPL,2020/2021,9628,9628,100.0,0,5661,380,380,100.0,,,2020/2021,2025/2026,False,False,OK
fact_player_match_stats,dispossessed,defensive_duel_passing,REQUIRED,47,EPL,2021/2022,9722,9722,100.0,0,5590,380,380,100.0,,0.0,2020/2021,2025/2026,False,False,OK
fact_player_match_stats,dispossessed,defensive_duel_passing,REQUIRED,47,EPL,2022/2023,10575,10575,100.0,0,6255,380,380,100.0,,0.0,2020/2021,2025/2026,False,False,OK
fact_player_match_stats,dispossessed,defensive_duel_passing,REQUIRED,47,EPL,2023/2024,10604,10604,100.0,0,6239,380,380,100.0,,0.0,2020/2021,2025/2026,False,False,OK
fact_player_match_stats,dispossessed,defensive_duel_passing,REQUIRED,47,EPL,2024/2025,10797,10797,100.0,0,6438,380,380,100.0,,0.0,2020/2021,2025/2026,False,False,OK
fact_player_match_stats,dispossessed,defensive_duel_passing,REQUIRED,47,EPL,2025/2026,10725,10725,100.0,0,6517,380,380,100.0,,0.0,2020/2021,2025/2026,False,False,OK
fact_player_match_stats,dispossessed,defensive_duel_passing,REQUIRED,53,Ligue1,2020/2021,10730,10730,100.0,0,6527,380,380,100.0,0.0,,2020/2021,2025/2026,False,False,OK
fact_player_match_stats,dispossessed,defensive_duel_passing,REQUIRED,53,Ligue1,2021/2022,10753,10753,100.0,0,6495,380,380,100.0,0.0,0.0,2020/2021,2025/2026,False,False,OK
fact_player_match_stats,dispossessed,defensive_duel_passing,REQUIRED,53,Ligue1,2022/2023,10771,10771,100.0,0,6348,380,380,100.0,0.0,0.0,2020/2021,2025/2026,False,False,OK
fact_player_match_stats,dispossessed,defensive_duel_passing,REQUIRED,53,Ligue1,2023/2024,8774,8774,100.0,0,5256,306,306,100.0,0.0,0.0,2020/2021,2025/2026,False,False,OK
fact_player_match_stats,dispossessed,defensive_duel_passing,REQUIRED,53,Ligue1,2024/2025,8795,8795,100.0,0,5212,306,306,100.0,0.0,0.0,2020/2021,2025/2026,False,False,OK
fact_player_match_stats,dispossessed,defensive_duel_passing,REQUIRED,53,Ligue1,2025/2026,8784,8784,100.0,0,5466,306,306,100.0,0.0,0.0,2020/2021,2025/2026,False,False,OK
fact_player_match_stats,dispossessed,defensive_duel_passing,REQUIRED,54,Bundesliga,2020/2021,8652,8652,100.0,0,5233,306,306,100.0,0.0,,2020/2021,2025/2026,False,False,OK
fact_player_match_stats,dispossessed,defensive_duel_passing,REQUIRED,54,Bundesliga,2021/2022,8775,8775,100.0,0,5385,306,306,100.0,0.0,0.0,2020/2021,2025/2026,False,False,OK
fact_player_match_stats,dispossessed,defensive_duel_passing,REQUIRED,54,Bundesliga,2022/2023,8865,8865,100.0,0,5459,306,306,100.0,0.0,0.0,2020/2021,2025/2026,False,False,OK
fact_player_match_stats,dispossessed,defensive_duel_passing,REQUIRED,54,Bundesliga,2023/2024,8912,8912,100.0,0,5583,306,306,100.0,0.0,0.0,2020/2021,2025/2026,False,False,OK
fact_player_match_stats,dispossessed,defensive_duel_passing,REQUIRED,54,Bundesliga,2024/2025,8906,8906,100.0,0,5715,306,306,100.0,0.0,0.0,2020/2021,2025/2026,False,False,OK
fact_player_match_stats,dispossessed,defensive_duel_passing,REQUIRED,54,Bundesliga,2025/2026,8935,8935,100.0,0,5700,306,306,100.0,0.0,0.0,2020/2021,2025/2026,False,False,OK
fact_player_match_stats,dispossessed,defensive_duel_passing,REQUIRED,55,SerieA,2020/2021,10842,10842,100.0,0,6804,379,379,100.0,0.0,,2020/2021,2025/2026,False,False,OK
fact_player_match_stats,dispossessed,defensive_duel_passing,REQUIRED,55,SerieA,2021/2022,10945,10945,100.0,0,6866,380,380,100.0,0.0,0.0,2020/2021,2025/2026,False,False,OK
fact_player_match_stats,dispossessed,defensive_duel_passing,REQUIRED,55,SerieA,2022/2023,11144,11144,100.0,0,6920,381,381,100.0,0.0,0.0,2020/2021,2025/2026,False,False,OK
fact_player_match_stats,dispossessed,defensive_duel_passing,REQUIRED,55,SerieA,2023/2024,11137,11137,100.0,0,7134,380,380,100.0,0.0,0.0,2020/2021,2025/2026,False,False,OK
fact_player_match_stats,dispossessed,defensive_duel_passing,REQUIRED,55,SerieA,2024/2025,11118,11118,100.0,0,7060,380,380,100.0,0.0,0.0,2020/2021,2025/2026,False,False,OK
fact_player_match_stats,dispossessed,defensive_duel_passing,REQUIRED,55,SerieA,2025/2026,11157,11157,100.0,0,7151,380,380,100.0,0.0,0.0,2020/2021,2025/2026,False,False,OK
fact_player_match_stats,dispossessed,defensive_duel_passing,REQUIRED,87,LaLiga,2020/2021,10842,10842,100.0,0,6735,380,380,100.0,0.0,,2020/2021,2025/2026,False,False,OK
fact_player_match_stats,dispossessed,defensive_duel_passing,REQUIRED,87,LaLiga,2021/2022,11038,11038,100.0,0,6857,380,380,100.0,0.0,0.0,2020/2021,2025/2026,False,False,OK
fact_player_match_stats,dispossessed,defensive_duel_passing,REQUIRED,87,LaLiga,2022/2023,11032,11032,100.0,0,6909,379,379,100.0,0.0,0.0,2020/2021,2025/2026,False,False,OK
fact_player_match_stats,dispossessed,defensive_duel_passing,REQUIRED,87,LaLiga,2023/2024,11083,11083,100.0,0,6876,379,379,100.0,0.0,0.0,2020/2021,2025/2026,False,False,OK
fact_player_match_stats,dispossessed,defensive_duel_passing,REQUIRED,87,LaLiga,2024/2025,11130,11130,100.0,0,6995,380,380,100.0,0.0,0.0,2020/2021,2025/2026,False,False,OK
fact_player_match_stats,dispossessed,defensive_duel_passing,REQUIRED,87,LaLiga,2025/2026,11191,11191,100.0,0,6973,380,380,100.0,0.0,0.0,2020/2021,2025/2026,False,False,OK
fact_player_match_stats,dribbled_past,defensive_duel_passing,REQUIRED,47,EPL,2020/2021,9628,9628,100.0,0,5185,380,380,100.0,,,2020/2021,2025/2026,False,False,OK
fact_player_match_stats,dribbled_past,defensive_duel_passing,REQUIRED,47,EPL,2021/2022,9722,9722,100.0,0,5408,380,380,100.0,,0.0,2020/2021,2025/2026,False,False,OK
fact_player_match_stats,dribbled_past,defensive_duel_passing,REQUIRED,47,EPL,2022/2023,10575,10575,100.0,0,6324,380,380,100.0,,0.0,2020/2021,2025/2026,False,False,OK
fact_player_match_stats,dribbled_past,defensive_duel_passing,REQUIRED,47,EPL,2023/2024,10604,10604,100.0,0,6323,380,380,100.0,,0.0,2020/2021,2025/2026,False,False,OK
fact_player_match_stats,dribbled_past,defensive_duel_passing,REQUIRED,47,EPL,2024/2025,10797,10797,100.0,0,6750,380,380,100.0,,0.0,2020/2021,2025/2026,False,False,OK
fact_player_match_stats,dribbled_past,defensive_duel_passing,REQUIRED,47,EPL,2025/2026,10725,10725,100.0,0,7029,380,380,100.0,,0.0,2020/2021,2025/2026,False,False,OK
fact_player_match_stats,dribbled_past,defensive_duel_passing,REQUIRED,53,Ligue1,2020/2021,10730,10730,100.0,0,5983,380,380,100.0,0.0,,2020/2021,2025/2026,False,False,OK
fact_player_match_stats,dribbled_past,defensive_duel_passing,REQUIRED,53,Ligue1,2021/2022,10753,10753,100.0,0,6249,380,380,100.0,0.0,0.0,2020/2021,2025/2026,False,False,OK
fact_player_match_stats,dribbled_past,defensive_duel_passing,REQUIRED,53,Ligue1,2022/2023,10771,10771,100.0,0,6204,380,380,100.0,0.0,0.0,2020/2021,2025/2026,False,False,OK
fact_player_match_stats,dribbled_past,defensive_duel_passing,REQUIRED,53,Ligue1,2023/2024,8774,8774,100.0,0,5185,306,306,100.0,0.0,0.0,2020/2021,2025/2026,False,False,OK
fact_player_match_stats,dribbled_past,defensive_duel_passing,REQUIRED,53,Ligue1,2024/2025,8795,8795,100.0,0,5507,306,306,100.0,0.0,0.0,2020/2021,2025/2026,False,False,OK
fact_player_match_stats,dribbled_past,defensive_duel_passing,REQUIRED,53,Ligue1,2025/2026,8784,8784,100.0,0,5765,306,306,100.0,0.0,0.0,2020/2021,2025/2026,False,False,OK
fact_player_match_stats,dribbled_past,defensive_duel_passing,REQUIRED,54,Bundesliga,2020/2021,8652,8652,100.0,0,5114,306,306,100.0,0.0,,2020/2021,2025/2026,False,False,OK
fact_player_match_stats,dribbled_past,defensive_duel_passing,REQUIRED,54,Bundesliga,2021/2022,8775,8775,100.0,0,5139,306,306,100.0,0.0,0.0,2020/2021,2025/2026,False,False,OK
fact_player_match_stats,dribbled_past,defensive_duel_passing,REQUIRED,54,Bundesliga,2022/2023,8865,8865,100.0,0,5518,306,306,100.0,0.0,0.0,2020/2021,2025/2026,False,False,OK
fact_player_match_stats,dribbled_past,defensive_duel_passing,REQUIRED,54,Bundesliga,2023/2024,8912,8912,100.0,0,5601,306,306,100.0,0.0,0.0,2020/2021,2025/2026,False,False,OK
fact_player_match_stats,dribbled_past,defensive_duel_passing,REQUIRED,54,Bundesliga,2024/2025,8906,8906,100.0,0,5907,306,306,100.0,0.0,0.0,2020/2021,2025/2026,False,False,OK
fact_player_match_stats,dribbled_past,defensive_duel_passing,REQUIRED,54,Bundesliga,2025/2026,8935,8935,100.0,0,6054,306,306,100.0,0.0,0.0,2020/2021,2025/2026,False,False,OK
fact_player_match_stats,dribbled_past,defensive_duel_passing,REQUIRED,55,SerieA,2020/2021,10842,10842,100.0,0,6292,379,379,100.0,0.0,,2020/2021,2025/2026,False,False,OK
fact_player_match_stats,dribbled_past,defensive_duel_passing,REQUIRED,55,SerieA,2021/2022,10945,10945,100.0,0,6600,380,380,100.0,0.0,0.0,2020/2021,2025/2026,False,False,OK
fact_player_match_stats,dribbled_past,defensive_duel_passing,REQUIRED,55,SerieA,2022/2023,11144,11144,100.0,0,7121,381,381,100.0,0.0,0.0,2020/2021,2025/2026,False,False,OK
fact_player_match_stats,dribbled_past,defensive_duel_passing,REQUIRED,55,SerieA,2023/2024,11137,11137,100.0,0,7337,380,380,100.0,0.0,0.0,2020/2021,2025/2026,False,False,OK
fact_player_match_stats,dribbled_past,defensive_duel_passing,REQUIRED,55,SerieA,2024/2025,11118,11118,100.0,0,7581,380,380,100.0,0.0,0.0,2020/2021,2025/2026,False,False,OK
fact_player_match_stats,dribbled_past,defensive_duel_passing,REQUIRED,55,SerieA,2025/2026,11157,11157,100.0,0,7666,380,380,100.0,0.0,0.0,2020/2021,2025/2026,False,False,OK
fact_player_match_stats,dribbled_past,defensive_duel_passing,REQUIRED,87,LaLiga,2020/2021,10842,10842,100.0,0,6365,380,380,100.0,0.0,,2020/2021,2025/2026,False,False,OK
fact_player_match_stats,dribbled_past,defensive_duel_passing,REQUIRED,87,LaLiga,2021/2022,11038,11038,100.0,0,6526,380,380,100.0,0.0,0.0,2020/2021,2025/2026,False,False,OK
fact_player_match_stats,dribbled_past,defensive_duel_passing,REQUIRED,87,LaLiga,2022/2023,11032,11032,100.0,0,6795,379,379,100.0,0.0,0.0,2020/2021,2025/2026,False,False,OK
fact_player_match_stats,dribbled_past,defensive_duel_passing,REQUIRED,87,LaLiga,2023/2024,11083,11083,100.0,0,6881,379,379,100.0,0.0,0.0,2020/2021,2025/2026,False,False,OK
fact_player_match_stats,dribbled_past,defensive_duel_passing,REQUIRED,87,LaLiga,2024/2025,11130,11130,100.0,0,7094,380,380,100.0,0.0,0.0,2020/2021,2025/2026,False,False,OK
fact_player_match_stats,dribbled_past,defensive_duel_passing,REQUIRED,87,LaLiga,2025/2026,11191,11191,100.0,0,7151,380,380,100.0,0.0,0.0,2020/2021,2025/2026,False,False,OK
fact_player_match_stats,dribbles_succeeded,defensive_duel_passing,OPTIONAL,47,EPL,2020/2021,9628,5356,55.6294,0,1288,380,380,100.0,,,2020/2021,2025/2026,False,False,OK
fact_player_match_stats,dribbles_succeeded,defensive_duel_passing,OPTIONAL,47,EPL,2021/2022,9722,5419,55.7396,0,1450,380,380,100.0,,0.1102,2020/2021,2025/2026,False,False,OK
fact_player_match_stats,dribbles_succeeded,defensive_duel_passing,OPTIONAL,47,EPL,2022/2023,10575,5579,52.7565,0,1677,380,380,100.0,,-2.9831,2020/2021,2025/2026,False,False,OK
fact_player_match_stats,dribbles_succeeded,defensive_duel_passing,OPTIONAL,47,EPL,2023/2024,10604,5715,53.8948,0,1774,380,380,100.0,,1.1383,2020/2021,2025/2026,False,False,OK
fact_player_match_stats,dribbles_succeeded,defensive_duel_passing,OPTIONAL,47,EPL,2024/2025,10797,5551,51.4124,0,1843,380,380,100.0,,-2.4824,2020/2021,2025/2026,False,False,OK
fact_player_match_stats,dribbles_succeeded,defensive_duel_passing,OPTIONAL,47,EPL,2025/2026,10725,5450,50.8159,0,2033,380,380,100.0,,-0.5965,2020/2021,2025/2026,False,False,OK
fact_player_match_stats,dribbles_succeeded,defensive_duel_passing,OPTIONAL,53,Ligue1,2020/2021,10730,5915,55.1258,0,1540,380,380,100.0,-0.5036,,2020/2021,2025/2026,False,False,OK
fact_player_match_stats,dribbles_succeeded,defensive_duel_passing,OPTIONAL,53,Ligue1,2021/2022,10753,5743,53.4084,0,1588,380,380,100.0,-2.3312,-1.7174,2020/2021,2025/2026,False,False,OK
fact_player_match_stats,dribbles_succeeded,defensive_duel_passing,OPTIONAL,53,Ligue1,2022/2023,10771,6083,56.4757,0,1817,380,380,100.0,3.7192,3.0673,2020/2021,2025/2026,False,False,OK
fact_player_match_stats,dribbles_succeeded,defensive_duel_passing,OPTIONAL,53,Ligue1,2023/2024,8774,4846,55.2314,0,1493,306,306,100.0,1.3366,-1.2443,2020/2021,2025/2026,False,False,OK
fact_player_match_stats,dribbles_succeeded,defensive_duel_passing,OPTIONAL,53,Ligue1,2024/2025,8795,4772,54.2581,0,1681,306,306,100.0,2.8457,-0.9733,2020/2021,2025/2026,False,False,OK
fact_player_match_stats,dribbles_succeeded,defensive_duel_passing,OPTIONAL,53,Ligue1,2025/2026,8784,4572,52.0492,0,1696,306,306,100.0,1.2333,-2.2089,2020/2021,2025/2026,False,False,OK
fact_player_match_stats,dribbles_succeeded,defensive_duel_passing,OPTIONAL,54,Bundesliga,2020/2021,8652,4491,51.9071,0,1194,306,306,100.0,-3.7223,,2020/2021,2025/2026,False,False,OK
fact_player_match_stats,dribbles_succeeded,defensive_duel_passing,OPTIONAL,54,Bundesliga,2021/2022,8775,4676,53.2877,0,1339,306,306,100.0,-2.4519,1.3806,2020/2021,2025/2026,False,False,OK
fact_player_match_stats,dribbles_succeeded,defensive_duel_passing,OPTIONAL,54,Bundesliga,2022/2023,8865,4489,50.6373,0,1497,306,306,100.0,-2.1192,-2.6504,2020/2021,2025/2026,False,False,OK
fact_player_match_stats,dribbles_succeeded,defensive_duel_passing,OPTIONAL,54,Bundesliga,2023/2024,8912,4463,50.0785,0,1492,306,306,100.0,-3.8163,-0.5588,2020/2021,2025/2026,False,False,OK
fact_player_match_stats,dribbles_succeeded,defensive_duel_passing,OPTIONAL,54,Bundesliga,2024/2025,8906,4261,47.8442,0,1471,306,306,100.0,-3.5682,-2.2343,2020/2021,2025/2026,False,False,OK
fact_player_match_stats,dribbles_succeeded,defensive_duel_passing,OPTIONAL,54,Bundesliga,2025/2026,8935,4325,48.4051,0,1656,306,306,100.0,-2.4108,0.5609,2020/2021,2025/2026,False,False,OK
fact_player_match_stats,dribbles_succeeded,defensive_duel_passing,OPTIONAL,55,SerieA,2020/2021,10842,5527,50.9777,0,1327,379,379,100.0,-4.6517,,2020/2021,2025/2026,False,False,OK
fact_player_match_stats,dribbles_succeeded,defensive_duel_passing,OPTIONAL,55,SerieA,2021/2022,10945,5651,51.6309,0,1611,380,380,100.0,-4.1087,0.6532,2020/2021,2025/2026,False,False,OK
fact_player_match_stats,dribbles_succeeded,defensive_duel_passing,OPTIONAL,55,SerieA,2022/2023,11144,5589,50.1525,0,1890,381,381,100.0,-2.604,-1.4784,2020/2021,2025/2026,False,False,OK
fact_player_match_stats,dribbles_succeeded,defensive_duel_passing,OPTIONAL,55,SerieA,2023/2024,11137,5356,48.0919,0,1874,380,380,100.0,-5.8029,-2.0606,2020/2021,2025/2026,False,False,OK
fact_player_match_stats,dribbles_succeeded,defensive_duel_passing,OPTIONAL,55,SerieA,2024/2025,11118,5279,47.4816,0,1941,380,380,100.0,-3.9308,-0.6103,2020/2021,2025/2026,False,False,OK
fact_player_match_stats,dribbles_succeeded,defensive_duel_passing,OPTIONAL,55,SerieA,2025/2026,11157,5236,46.9302,0,2066,380,380,100.0,-3.8857,-0.5514,2020/2021,2025/2026,False,False,OK
fact_player_match_stats,dribbles_succeeded,defensive_duel_passing,OPTIONAL,87,LaLiga,2020/2021,10842,5446,50.2306,0,1350,380,380,100.0,-5.3988,,2020/2021,2025/2026,False,False,OK
fact_player_match_stats,dribbles_succeeded,defensive_duel_passing,OPTIONAL,87,LaLiga,2021/2022,11038,5574,50.4983,0,1495,380,380,100.0,-5.2413,0.2677,2020/2021,2025/2026,False,False,OK
fact_player_match_stats,dribbles_succeeded,defensive_duel_passing,OPTIONAL,87,LaLiga,2022/2023,11032,5629,51.0243,0,1684,379,379,100.0,-1.7322,0.526,2020/2021,2025/2026,False,False,OK
fact_player_match_stats,dribbles_succeeded,defensive_duel_passing,OPTIONAL,87,LaLiga,2023/2024,11083,5579,50.3384,0,1733,379,379,100.0,-3.5564,-0.6859,2020/2021,2025/2026,False,False,OK
fact_player_match_stats,dribbles_succeeded,defensive_duel_passing,OPTIONAL,87,LaLiga,2024/2025,11130,5580,50.1348,0,1935,380,380,100.0,-1.2776,-0.2036,2020/2021,2025/2026,False,False,OK
fact_player_match_stats,dribbles_succeeded,defensive_duel_passing,OPTIONAL,87,LaLiga,2025/2026,11191,5675,50.7104,0,1949,380,380,100.0,-0.1055,0.5756,2020/2021,2025/2026,False,False,OK
fact_player_match_stats,duel_lost,defensive_duel_passing,REQUIRED,47,EPL,2020/2021,9628,8753,90.9119,0,0,380,380,100.0,,,2020/2021,2025/2026,False,False,OK
fact_player_match_stats,duel_lost,defensive_duel_passing,REQUIRED,47,EPL,2021/2022,9722,8832,90.8455,0,0,380,380,100.0,,-0.0664,2020/2021,2025/2026,False,False,OK
fact_player_match_stats,duel_lost,defensive_duel_passing,REQUIRED,47,EPL,2022/2023,10575,9396,88.8511,0,0,380,380,100.0,,-1.9944,2020/2021,2025/2026,False,False,OK
fact_player_match_stats,duel_lost,defensive_duel_passing,REQUIRED,47,EPL,2023/2024,10604,9455,89.1645,0,0,380,380,100.0,,0.3134,2020/2021,2025/2026,False,False,OK
fact_player_match_stats,duel_lost,defensive_duel_passing,REQUIRED,47,EPL,2024/2025,10797,9511,88.0893,0,0,380,380,100.0,,-1.0752,2020/2021,2025/2026,False,False,OK
fact_player_match_stats,duel_lost,defensive_duel_passing,REQUIRED,47,EPL,2025/2026,10725,9485,88.4382,0,0,380,380,100.0,,0.3489,2020/2021,2025/2026,False,False,OK
fact_player_match_stats,duel_lost,defensive_duel_passing,REQUIRED,53,Ligue1,2020/2021,10730,9594,89.4129,0,0,380,380,100.0,-1.499,,2020/2021,2025/2026,False,False,OK
fact_player_match_stats,duel_lost,defensive_duel_passing,REQUIRED,53,Ligue1,2021/2022,10753,9518,88.5148,0,0,380,380,100.0,-2.3307,-0.8981,2020/2021,2025/2026,False,False,OK
fact_player_match_stats,duel_lost,defensive_duel_passing,REQUIRED,53,Ligue1,2022/2023,10771,9633,89.4346,0,0,380,380,100.0,0.5835,0.9198,2020/2021,2025/2026,False,False,OK
fact_player_match_stats,duel_lost,defensive_duel_passing,REQUIRED,53,Ligue1,2023/2024,8774,7850,89.4689,0,0,306,306,100.0,0.3044,0.0343,2020/2021,2025/2026,False,False,OK
fact_player_match_stats,duel_lost,defensive_duel_passing,REQUIRED,53,Ligue1,2024/2025,8795,7759,88.2206,0,0,306,306,100.0,0.1313,-1.2483,2020/2021,2025/2026,False,False,OK
fact_player_match_stats,duel_lost,defensive_duel_passing,REQUIRED,53,Ligue1,2025/2026,8784,7717,87.8529,0,0,306,306,100.0,-0.5853,-0.3677,2020/2021,2025/2026,False,False,OK
fact_player_match_stats,duel_lost,defensive_duel_passing,REQUIRED,54,Bundesliga,2020/2021,8652,7738,89.436,0,0,306,306,100.0,-1.4759,,2020/2021,2025/2026,False,False,OK
fact_player_match_stats,duel_lost,defensive_duel_passing,REQUIRED,54,Bundesliga,2021/2022,8775,7870,89.6866,0,0,306,306,100.0,-1.1589,0.2506,2020/2021,2025/2026,False,False,OK
fact_player_match_stats,duel_lost,defensive_duel_passing,REQUIRED,54,Bundesliga,2022/2023,8865,7958,89.7688,0,0,306,306,100.0,0.9177,0.0822,2020/2021,2025/2026,False,False,OK
fact_player_match_stats,duel_lost,defensive_duel_passing,REQUIRED,54,Bundesliga,2023/2024,8912,7864,88.2406,0,0,306,306,100.0,-0.9239,-1.5282,2020/2021,2025/2026,False,False,OK
fact_player_match_stats,duel_lost,defensive_duel_passing,REQUIRED,54,Bundesliga,2024/2025,8906,7757,87.0986,0,0,306,306,100.0,-0.9907,-1.142,2020/2021,2025/2026,False,False,OK
fact_player_match_stats,duel_lost,defensive_duel_passing,REQUIRED,54,Bundesliga,2025/2026,8935,7814,87.4538,0,0,306,306,100.0,-0.9844,0.3552,2020/2021,2025/2026,False,False,OK
fact_player_match_stats,duel_lost,defensive_duel_passing,REQUIRED,55,SerieA,2020/2021,10842,9622,88.7475,0,0,379,379,100.0,-2.1644,,2020/2021,2025/2026,False,False,OK
fact_player_match_stats,duel_lost,defensive_duel_passing,REQUIRED,55,SerieA,2021/2022,10945,9739,88.9813,0,0,380,380,100.0,-1.8642,0.2338,2020/2021,2025/2026,False,False,OK
fact_player_match_stats,duel_lost,defensive_duel_passing,REQUIRED,55,SerieA,2022/2023,11144,9871,88.5768,0,0,381,381,100.0,-0.2743,-0.4045,2020/2021,2025/2026,False,False,OK
fact_player_match_stats,duel_lost,defensive_duel_passing,REQUIRED,55,SerieA,2023/2024,11137,9783,87.8423,0,0,380,380,100.0,-1.3222,-0.7345,2020/2021,2025/2026,False,False,OK
fact_player_match_stats,duel_lost,defensive_duel_passing,REQUIRED,55,SerieA,2024/2025,11118,9763,87.8126,0,0,380,380,100.0,-0.2767,-0.0297,2020/2021,2025/2026,False,False,OK
fact_player_match_stats,duel_lost,defensive_duel_passing,REQUIRED,55,SerieA,2025/2026,11157,9815,87.9717,0,0,380,380,100.0,-0.4665,0.1591,2020/2021,2025/2026,False,False,OK
fact_player_match_stats,duel_lost,defensive_duel_passing,REQUIRED,87,LaLiga,2020/2021,10842,9704,89.5038,0,0,380,380,100.0,-1.4081,,2020/2021,2025/2026,False,False,OK
fact_player_match_stats,duel_lost,defensive_duel_passing,REQUIRED,87,LaLiga,2021/2022,11038,9827,89.0288,0,0,380,380,100.0,-1.8167,-0.475,2020/2021,2025/2026,False,False,OK
fact_player_match_stats,duel_lost,defensive_duel_passing,REQUIRED,87,LaLiga,2022/2023,11032,9768,88.5424,0,0,379,379,100.0,-0.3087,-0.4864,2020/2021,2025/2026,False,False,OK
fact_player_match_stats,duel_lost,defensive_duel_passing,REQUIRED,87,LaLiga,2023/2024,11083,9871,89.0643,0,0,379,379,100.0,-0.1002,0.5219,2020/2021,2025/2026,False,False,OK
fact_player_match_stats,duel_lost,defensive_duel_passing,REQUIRED,87,LaLiga,2024/2025,11130,9840,88.4097,0,0,380,380,100.0,0.3204,-0.6546,2020/2021,2025/2026,False,False,OK
fact_player_match_stats,duel_lost,defensive_duel_passing,REQUIRED,87,LaLiga,2025/2026,11191,9879,88.2763,0,0,380,380,100.0,-0.1619,-0.1334,2020/2021,2025/2026,False,False,OK
fact_player_match_stats,duel_won,defensive_duel_passing,REQUIRED,47,EPL,2020/2021,9628,8670,90.0499,0,0,380,380,100.0,,,2020/2021,2025/2026,False,False,OK
fact_player_match_stats,duel_won,defensive_duel_passing,REQUIRED,47,EPL,2021/2022,9722,8773,90.2386,0,0,380,380,100.0,,0.1887,2020/2021,2025/2026,False,False,OK
fact_player_match_stats,duel_won,defensive_duel_passing,REQUIRED,47,EPL,2022/2023,10575,9201,87.0071,0,0,380,380,100.0,,-3.2315,2020/2021,2025/2026,False,False,OK
fact_player_match_stats,duel_won,defensive_duel_passing,REQUIRED,47,EPL,2023/2024,10604,9290,87.6084,0,0,380,380,100.0,,0.6013,2020/2021,2025/2026,False,False,OK
fact_player_match_stats,duel_won,defensive_duel_passing,REQUIRED,47,EPL,2024/2025,10797,9409,87.1446,0,0,380,380,100.0,,-0.4638,2020/2021,2025/2026,False,False,OK
fact_player_match_stats,duel_won,defensive_duel_passing,REQUIRED,47,EPL,2025/2026,10725,9267,86.4056,0,0,380,380,100.0,,-0.739,2020/2021,2025/2026,False,False,OK
fact_player_match_stats,duel_won,defensive_duel_passing,REQUIRED,53,Ligue1,2020/2021,10730,9463,88.192,0,0,380,380,100.0,-1.8579,,2020/2021,2025/2026,False,False,OK
fact_player_match_stats,duel_won,defensive_duel_passing,REQUIRED,53,Ligue1,2021/2022,10753,9279,86.2922,0,0,380,380,100.0,-3.9464,-1.8998,2020/2021,2025/2026,False,False,OK
fact_player_match_stats,duel_won,defensive_duel_passing,REQUIRED,53,Ligue1,2022/2023,10771,9502,88.2184,0,0,380,380,100.0,1.2113,1.9262,2020/2021,2025/2026,False,False,OK
fact_player_match_stats,duel_won,defensive_duel_passing,REQUIRED,53,Ligue1,2023/2024,8774,7713,87.9075,0,0,306,306,100.0,0.2991,-0.3109,2020/2021,2025/2026,False,False,OK
fact_player_match_stats,duel_won,defensive_duel_passing,REQUIRED,53,Ligue1,2024/2025,8795,7654,87.0267,0,0,306,306,100.0,-0.1179,-0.8808,2020/2021,2025/2026,False,False,OK
fact_player_match_stats,duel_won,defensive_duel_passing,REQUIRED,53,Ligue1,2025/2026,8784,7564,86.1111,0,0,306,306,100.0,-0.2945,-0.9156,2020/2021,2025/2026,False,False,OK
fact_player_match_stats,duel_won,defensive_duel_passing,REQUIRED,54,Bundesliga,2020/2021,8652,7625,88.1299,0,0,306,306,100.0,-1.92,,2020/2021,2025/2026,False,False,OK
fact_player_match_stats,duel_won,defensive_duel_passing,REQUIRED,54,Bundesliga,2021/2022,8775,7675,87.4644,0,0,306,306,100.0,-2.7742,-0.6655,2020/2021,2025/2026,False,False,OK
fact_player_match_stats,duel_won,defensive_duel_passing,REQUIRED,54,Bundesliga,2022/2023,8865,7798,87.9639,0,0,306,306,100.0,0.9568,0.4995,2020/2021,2025/2026,False,False,OK
fact_player_match_stats,duel_won,defensive_duel_passing,REQUIRED,54,Bundesliga,2023/2024,8912,7702,86.4228,0,0,306,306,100.0,-1.1856,-1.5411,2020/2021,2025/2026,False,False,OK
fact_player_match_stats,duel_won,defensive_duel_passing,REQUIRED,54,Bundesliga,2024/2025,8906,7629,85.6614,0,0,306,306,100.0,-1.4832,-0.7614,2020/2021,2025/2026,False,False,OK
fact_player_match_stats,duel_won,defensive_duel_passing,REQUIRED,54,Bundesliga,2025/2026,8935,7654,85.6631,0,0,306,306,100.0,-0.7425,0.0017,2020/2021,2025/2026,False,False,OK
fact_player_match_stats,duel_won,defensive_duel_passing,REQUIRED,55,SerieA,2020/2021,10842,9491,87.5392,0,0,379,379,100.0,-2.5107,,2020/2021,2025/2026,False,False,OK
fact_player_match_stats,duel_won,defensive_duel_passing,REQUIRED,55,SerieA,2021/2022,10945,9574,87.4737,0,0,380,380,100.0,-2.7649,-0.0655,2020/2021,2025/2026,False,False,OK
fact_player_match_stats,duel_won,defensive_duel_passing,REQUIRED,55,SerieA,2022/2023,11144,9792,87.8679,0,0,381,381,100.0,0.8608,0.3942,2020/2021,2025/2026,False,False,OK
fact_player_match_stats,duel_won,defensive_duel_passing,REQUIRED,55,SerieA,2023/2024,11137,9652,86.6661,0,0,380,380,100.0,-0.9423,-1.2018,2020/2021,2025/2026,False,False,OK
fact_player_match_stats,duel_won,defensive_duel_passing,REQUIRED,55,SerieA,2024/2025,11118,9642,86.7242,0,0,380,380,100.0,-0.4204,0.0581,2020/2021,2025/2026,False,False,OK
fact_player_match_stats,duel_won,defensive_duel_passing,REQUIRED,55,SerieA,2025/2026,11157,9634,86.3494,0,0,380,380,100.0,-0.0562,-0.3748,2020/2021,2025/2026,False,False,OK
fact_player_match_stats,duel_won,defensive_duel_passing,REQUIRED,87,LaLiga,2020/2021,10842,9588,88.4339,0,0,380,380,100.0,-1.616,,2020/2021,2025/2026,False,False,OK
fact_player_match_stats,duel_won,defensive_duel_passing,REQUIRED,87,LaLiga,2021/2022,11038,9729,88.141,0,0,380,380,100.0,-2.0976,-0.2929,2020/2021,2025/2026,False,False,OK
fact_player_match_stats,duel_won,defensive_duel_passing,REQUIRED,87,LaLiga,2022/2023,11032,9675,87.6994,0,0,379,379,100.0,0.6923,-0.4416,2020/2021,2025/2026,False,False,OK
fact_player_match_stats,duel_won,defensive_duel_passing,REQUIRED,87,LaLiga,2023/2024,11083,9753,87.9996,0,0,379,379,100.0,0.3912,0.3002,2020/2021,2025/2026,False,False,OK
fact_player_match_stats,duel_won,defensive_duel_passing,REQUIRED,87,LaLiga,2024/2025,11130,9727,87.3944,0,0,380,380,100.0,0.2498,-0.6052,2020/2021,2025/2026,False,False,OK
fact_player_match_stats,duel_won,defensive_duel_passing,REQUIRED,87,LaLiga,2025/2026,11191,9726,86.9091,0,0,380,380,100.0,0.5035,-0.4853,2020/2021,2025/2026,False,False,OK
fact_player_match_stats,expected_assists,player_attacking_xg_xa,OPTIONAL,47,EPL,2020/2021,9628,7166,74.4287,0,0,380,380,100.0,,,2020/2021,2025/2026,False,False,OK
fact_player_match_stats,expected_assists,player_attacking_xg_xa,OPTIONAL,47,EPL,2021/2022,9722,7237,74.4394,0,0,380,380,100.0,,0.0107,2020/2021,2025/2026,False,False,OK
fact_player_match_stats,expected_assists,player_attacking_xg_xa,OPTIONAL,47,EPL,2022/2023,10575,7557,71.461,0,0,380,380,100.0,,-2.9784,2020/2021,2025/2026,False,False,OK
fact_player_match_stats,expected_assists,player_attacking_xg_xa,OPTIONAL,47,EPL,2023/2024,10604,7832,73.8589,0,0,380,380,100.0,,2.3979,2020/2021,2025/2026,False,False,OK
fact_player_match_stats,expected_assists,player_attacking_xg_xa,OPTIONAL,47,EPL,2024/2025,10797,7900,73.1685,0,0,380,380,100.0,,-0.6904,2020/2021,2025/2026,False,False,OK
fact_player_match_stats,expected_assists,player_attacking_xg_xa,OPTIONAL,47,EPL,2025/2026,10725,7827,72.979,0,0,380,380,100.0,,-0.1895,2020/2021,2025/2026,False,False,OK
fact_player_match_stats,expected_assists,player_attacking_xg_xa,OPTIONAL,53,Ligue1,2020/2021,10730,7714,71.8919,0,0,379,380,99.7368,-2.5368,,2020/2021,2025/2026,False,False,OK
fact_player_match_stats,expected_assists,player_attacking_xg_xa,OPTIONAL,53,Ligue1,2021/2022,10753,7672,71.3475,0,0,380,380,100.0,-3.0919,-0.5444,2020/2021,2025/2026,False,False,OK
fact_player_match_stats,expected_assists,player_attacking_xg_xa,OPTIONAL,53,Ligue1,2022/2023,10771,7981,74.0971,0,0,380,380,100.0,2.6361,2.7496,2020/2021,2025/2026,False,False,OK
fact_player_match_stats,expected_assists,player_attacking_xg_xa,OPTIONAL,53,Ligue1,2023/2024,8774,6600,75.2222,0,0,306,306,100.0,1.3633,1.1251,2020/2021,2025/2026,False,False,OK
fact_player_match_stats,expected_assists,player_attacking_xg_xa,OPTIONAL,53,Ligue1,2024/2025,8795,6501,73.917,0,0,306,306,100.0,0.7485,-1.3052,2020/2021,2025/2026,False,False,OK
fact_player_match_stats,expected_assists,player_attacking_xg_xa,OPTIONAL,53,Ligue1,2025/2026,8784,6413,73.0077,0,0,306,306,100.0,0.0287,-0.9093,2020/2021,2025/2026,False,False,OK
fact_player_match_stats,expected_assists,player_attacking_xg_xa,OPTIONAL,54,Bundesliga,2020/2021,8652,6534,75.5201,0,0,306,306,100.0,1.0914,,2020/2021,2025/2026,False,False,OK
fact_player_match_stats,expected_assists,player_attacking_xg_xa,OPTIONAL,54,Bundesliga,2021/2022,8775,6536,74.4843,0,0,306,306,100.0,0.0449,-1.0358,2020/2021,2025/2026,False,False,OK
fact_player_match_stats,expected_assists,player_attacking_xg_xa,OPTIONAL,54,Bundesliga,2022/2023,8865,6595,74.3937,0,0,306,306,100.0,2.9327,-0.0906,2020/2021,2025/2026,False,False,OK
fact_player_match_stats,expected_assists,player_attacking_xg_xa,OPTIONAL,54,Bundesliga,2023/2024,8912,6813,76.4475,0,0,306,306,100.0,2.5886,2.0538,2020/2021,2025/2026,False,False,OK
fact_player_match_stats,expected_assists,player_attacking_xg_xa,OPTIONAL,54,Bundesliga,2024/2025,8906,6810,76.4653,0,0,306,306,100.0,3.2968,0.0178,2020/2021,2025/2026,False,False,OK
fact_player_match_stats,expected_assists,player_attacking_xg_xa,OPTIONAL,54,Bundesliga,2025/2026,8935,6989,78.2205,0,0,306,306,100.0,5.2415,1.7552,2020/2021,2025/2026,False,False,OK
fact_player_match_stats,expected_assists,player_attacking_xg_xa,OPTIONAL,55,SerieA,2020/2021,10842,7872,72.6065,0,0,379,379,100.0,-1.8222,,2020/2021,2025/2026,False,False,OK
fact_player_match_stats,expected_assists,player_attacking_xg_xa,OPTIONAL,55,SerieA,2021/2022,10945,7852,71.7405,0,0,380,380,100.0,-2.6989,-0.866,2020/2021,2025/2026,False,False,OK
fact_player_match_stats,expected_assists,player_attacking_xg_xa,OPTIONAL,55,SerieA,2022/2023,11144,7930,71.1594,0,0,381,381,100.0,-0.3016,-0.5811,2020/2021,2025/2026,False,False,OK
fact_player_match_stats,expected_assists,player_attacking_xg_xa,OPTIONAL,55,SerieA,2023/2024,11137,7782,69.8752,0,0,380,380,100.0,-3.9837,-1.2842,2020/2021,2025/2026,False,False,OK
fact_player_match_stats,expected_assists,player_attacking_xg_xa,OPTIONAL,55,SerieA,2024/2025,11118,7745,69.6618,0,0,380,380,100.0,-3.5067,-0.2134,2020/2021,2025/2026,False,False,OK
fact_player_match_stats,expected_assists,player_attacking_xg_xa,OPTIONAL,55,SerieA,2025/2026,11157,7781,69.741,0,0,380,380,100.0,-3.238,0.0792,2020/2021,2025/2026,False,False,OK
fact_player_match_stats,expected_assists,player_attacking_xg_xa,OPTIONAL,87,LaLiga,2020/2021,10842,7585,69.9594,0,0,380,380,100.0,-4.4693,,2020/2021,2025/2026,False,False,OK
fact_player_match_stats,expected_assists,player_attacking_xg_xa,OPTIONAL,87,LaLiga,2021/2022,11038,7781,70.4928,0,0,380,380,100.0,-3.9466,0.5334,2020/2021,2025/2026,False,False,OK
fact_player_match_stats,expected_assists,player_attacking_xg_xa,OPTIONAL,87,LaLiga,2022/2023,11032,7907,71.6733,0,0,379,379,100.0,0.2123,1.1805,2020/2021,2025/2026,False,False,OK
fact_player_match_stats,expected_assists,player_attacking_xg_xa,OPTIONAL,87,LaLiga,2023/2024,11083,7910,71.3706,0,0,379,379,100.0,-2.4883,-0.3027,2020/2021,2025/2026,False,False,OK
fact_player_match_stats,expected_assists,player_attacking_xg_xa,OPTIONAL,87,LaLiga,2024/2025,11130,7840,70.4403,0,0,380,380,100.0,-2.7282,-0.9303,2020/2021,2025/2026,False,False,OK
fact_player_match_stats,expected_assists,player_attacking_xg_xa,OPTIONAL,87,LaLiga,2025/2026,11191,8116,72.5226,0,0,380,380,100.0,-0.4564,2.0823,2020/2021,2025/2026,False,False,OK
fact_player_match_stats,expected_goals,player_attacking_xg_xa,OPTIONAL,47,EPL,2020/2021,9628,4912,51.0179,0,0,380,380,100.0,,,2020/2021,2025/2026,False,False,OK
fact_player_match_stats,expected_goals,player_attacking_xg_xa,OPTIONAL,47,EPL,2021/2022,9722,5161,53.0858,0,0,380,380,100.0,,2.0679,2020/2021,2025/2026,False,False,OK
fact_player_match_stats,expected_goals,player_attacking_xg_xa,OPTIONAL,47,EPL,2022/2023,10575,5248,49.6265,0,0,380,380,100.0,,-3.4593,2020/2021,2025/2026,False,False,OK
fact_player_match_stats,expected_goals,player_attacking_xg_xa,OPTIONAL,47,EPL,2023/2024,10604,5516,52.0181,0,0,380,380,100.0,,2.3916,2020/2021,2025/2026,False,False,OK
fact_player_match_stats,expected_goals,player_attacking_xg_xa,OPTIONAL,47,EPL,2024/2025,10797,5325,49.3193,0,0,380,380,100.0,,-2.6988,2020/2021,2025/2026,False,False,OK
fact_player_match_stats,expected_goals,player_attacking_xg_xa,OPTIONAL,47,EPL,2025/2026,10725,5368,50.0513,0,0,380,380,100.0,,0.732,2020/2021,2025/2026,False,False,OK
fact_player_match_stats,expected_goals,player_attacking_xg_xa,OPTIONAL,53,Ligue1,2020/2021,10730,5072,47.2693,0,0,379,380,99.7368,-3.7486,,2020/2021,2025/2026,False,False,OK
fact_player_match_stats,expected_goals,player_attacking_xg_xa,OPTIONAL,53,Ligue1,2021/2022,10753,5227,48.6097,0,0,380,380,100.0,-4.4761,1.3404,2020/2021,2025/2026,False,False,OK
fact_player_match_stats,expected_goals,player_attacking_xg_xa,OPTIONAL,53,Ligue1,2022/2023,10771,5290,49.1134,0,0,380,380,100.0,-0.5131,0.5037,2020/2021,2025/2026,False,False,OK
fact_player_match_stats,expected_goals,player_attacking_xg_xa,OPTIONAL,53,Ligue1,2023/2024,8774,4464,50.8776,0,0,306,306,100.0,-1.1405,1.7642,2020/2021,2025/2026,False,False,OK
fact_player_match_stats,expected_goals,player_attacking_xg_xa,OPTIONAL,53,Ligue1,2024/2025,8795,4295,48.8346,0,0,306,306,100.0,-0.4847,-2.043,2020/2021,2025/2026,False,False,OK
fact_player_match_stats,expected_goals,player_attacking_xg_xa,OPTIONAL,53,Ligue1,2025/2026,8784,4256,48.4517,0,0,306,306,100.0,-1.5996,-0.3829,2020/2021,2025/2026,False,False,OK
fact_player_match_stats,expected_goals,player_attacking_xg_xa,OPTIONAL,54,Bundesliga,2020/2021,8652,4184,48.3588,0,0,306,306,100.0,-2.6591,,2020/2021,2025/2026,False,False,OK
fact_player_match_stats,expected_goals,player_attacking_xg_xa,OPTIONAL,54,Bundesliga,2021/2022,8775,4512,51.4188,0,0,306,306,100.0,-1.667,3.06,2020/2021,2025/2026,False,False,OK
fact_player_match_stats,expected_goals,player_attacking_xg_xa,OPTIONAL,54,Bundesliga,2022/2023,8865,4409,49.7349,0,0,306,306,100.0,0.1084,-1.6839,2020/2021,2025/2026,False,False,OK
fact_player_match_stats,expected_goals,player_attacking_xg_xa,OPTIONAL,54,Bundesliga,2023/2024,8912,4674,52.4461,0,0,306,306,100.0,0.428,2.7112,2020/2021,2025/2026,False,False,OK
fact_player_match_stats,expected_goals,player_attacking_xg_xa,OPTIONAL,54,Bundesliga,2024/2025,8906,4369,49.0568,0,0,306,306,100.0,-0.2625,-3.3893,2020/2021,2025/2026,False,False,OK
fact_player_match_stats,expected_goals,player_attacking_xg_xa,OPTIONAL,54,Bundesliga,2025/2026,8935,4491,50.263,0,0,306,306,100.0,0.2117,1.2062,2020/2021,2025/2026,False,False,OK
fact_player_match_stats,expected_goals,player_attacking_xg_xa,OPTIONAL,55,SerieA,2020/2021,10842,5206,48.017,0,0,379,379,100.0,-3.0009,,2020/2021,2025/2026,False,False,OK
fact_player_match_stats,expected_goals,player_attacking_xg_xa,OPTIONAL,55,SerieA,2021/2022,10945,5349,48.8716,0,0,380,380,100.0,-4.2142,0.8546,2020/2021,2025/2026,False,False,OK
fact_player_match_stats,expected_goals,player_attacking_xg_xa,OPTIONAL,55,SerieA,2022/2023,11144,5576,50.0359,0,0,381,381,100.0,0.4094,1.1643,2020/2021,2025/2026,False,False,OK
fact_player_match_stats,expected_goals,player_attacking_xg_xa,OPTIONAL,55,SerieA,2023/2024,11137,5559,49.9147,0,0,380,380,100.0,-2.1034,-0.1212,2020/2021,2025/2026,False,False,OK
fact_player_match_stats,expected_goals,player_attacking_xg_xa,OPTIONAL,55,SerieA,2024/2025,11118,5300,47.6704,0,0,380,380,100.0,-1.6489,-2.2443,2020/2021,2025/2026,False,False,OK
fact_player_match_stats,expected_goals,player_attacking_xg_xa,OPTIONAL,55,SerieA,2025/2026,11157,5348,47.934,0,0,380,380,100.0,-2.1173,0.2636,2020/2021,2025/2026,False,False,OK
fact_player_match_stats,expected_goals,player_attacking_xg_xa,OPTIONAL,87,LaLiga,2020/2021,10842,4821,44.466,0,0,380,380,100.0,-6.5519,,2020/2021,2025/2026,False,False,OK
fact_player_match_stats,expected_goals,player_attacking_xg_xa,OPTIONAL,87,LaLiga,2021/2022,11038,5282,47.8529,0,0,380,380,100.0,-5.2329,3.3869,2020/2021,2025/2026,False,False,OK
fact_player_match_stats,expected_goals,player_attacking_xg_xa,OPTIONAL,87,LaLiga,2022/2023,11032,5335,48.3593,0,0,379,379,100.0,-1.2672,0.5064,2020/2021,2025/2026,False,False,OK
fact_player_match_stats,expected_goals,player_attacking_xg_xa,OPTIONAL,87,LaLiga,2023/2024,11083,5403,48.7503,0,0,379,379,100.0,-3.2678,0.391,2020/2021,2025/2026,False,False,OK
fact_player_match_stats,expected_goals,player_attacking_xg_xa,OPTIONAL,87,LaLiga,2024/2025,11130,5208,46.7925,0,0,380,380,100.0,-2.5268,-1.9578,2020/2021,2025/2026,False,False,OK
fact_player_match_stats,expected_goals,player_attacking_xg_xa,OPTIONAL,87,LaLiga,2025/2026,11191,5331,47.6365,0,0,380,380,100.0,-2.4148,0.844,2020/2021,2025/2026,False,False,OK
fact_player_match_stats,expected_goals_non_penalty,player_attacking_xg_xa,OPTIONAL,47,EPL,2020/2021,9628,4884,50.727,0,0,380,380,100.0,,,2020/2021,2025/2026,False,False,OK
fact_player_match_stats,expected_goals_non_penalty,player_attacking_xg_xa,OPTIONAL,47,EPL,2021/2022,9722,5146,52.9315,0,0,380,380,100.0,,2.2045,2020/2021,2025/2026,False,False,OK
fact_player_match_stats,expected_goals_non_penalty,player_attacking_xg_xa,OPTIONAL,47,EPL,2022/2023,10575,5239,49.5414,0,0,380,380,100.0,,-3.3901,2020/2021,2025/2026,False,False,OK
fact_player_match_stats,expected_goals_non_penalty,player_attacking_xg_xa,OPTIONAL,47,EPL,2023/2024,10604,5501,51.8767,0,0,380,380,100.0,,2.3353,2020/2021,2025/2026,False,False,OK
fact_player_match_stats,expected_goals_non_penalty,player_attacking_xg_xa,OPTIONAL,47,EPL,2024/2025,10797,5309,49.1711,0,0,380,380,100.0,,-2.7056,2020/2021,2025/2026,False,False,OK
fact_player_match_stats,expected_goals_non_penalty,player_attacking_xg_xa,OPTIONAL,47,EPL,2025/2026,10725,5346,49.8462,0,0,380,380,100.0,,0.6751,2020/2021,2025/2026,False,False,OK
fact_player_match_stats,expected_goals_non_penalty,player_attacking_xg_xa,OPTIONAL,53,Ligue1,2020/2021,10730,5047,47.0363,0,0,379,380,99.7368,-3.6907,,2020/2021,2025/2026,False,False,OK
fact_player_match_stats,expected_goals_non_penalty,player_attacking_xg_xa,OPTIONAL,53,Ligue1,2021/2022,10753,5211,48.4609,0,0,380,380,100.0,-4.4706,1.4246,2020/2021,2025/2026,False,False,OK
fact_player_match_stats,expected_goals_non_penalty,player_attacking_xg_xa,OPTIONAL,53,Ligue1,2022/2023,10771,5259,48.8256,0,0,380,380,100.0,-0.7158,0.3647,2020/2021,2025/2026,False,False,OK
fact_player_match_stats,expected_goals_non_penalty,player_attacking_xg_xa,OPTIONAL,53,Ligue1,2023/2024,8774,4442,50.6269,0,0,306,306,100.0,-1.2498,1.8013,2020/2021,2025/2026,False,False,OK
fact_player_match_stats,expected_goals_non_penalty,player_attacking_xg_xa,OPTIONAL,53,Ligue1,2024/2025,8795,4265,48.4935,0,0,306,306,100.0,-0.6776,-2.1334,2020/2021,2025/2026,False,False,OK
fact_player_match_stats,expected_goals_non_penalty,player_attacking_xg_xa,OPTIONAL,53,Ligue1,2025/2026,8784,4231,48.1671,0,0,306,306,100.0,-1.6791,-0.3264,2020/2021,2025/2026,False,False,OK
fact_player_match_stats,expected_goals_non_penalty,player_attacking_xg_xa,OPTIONAL,54,Bundesliga,2020/2021,8652,4166,48.1507,0,0,306,306,100.0,-2.5763,,2020/2021,2025/2026,False,False,OK
fact_player_match_stats,expected_goals_non_penalty,player_attacking_xg_xa,OPTIONAL,54,Bundesliga,2021/2022,8775,4492,51.1909,0,0,306,306,100.0,-1.7406,3.0402,2020/2021,2025/2026,False,False,OK
fact_player_match_stats,expected_goals_non_penalty,player_attacking_xg_xa,OPTIONAL,54,Bundesliga,2022/2023,8865,4386,49.4755,0,0,306,306,100.0,-0.0659,-1.7154,2020/2021,2025/2026,False,False,OK
fact_player_match_stats,expected_goals_non_penalty,player_attacking_xg_xa,OPTIONAL,54,Bundesliga,2023/2024,8912,4652,52.1993,0,0,306,306,100.0,0.3226,2.7238,2020/2021,2025/2026,False,False,OK
fact_player_match_stats,expected_goals_non_penalty,player_attacking_xg_xa,OPTIONAL,54,Bundesliga,2024/2025,8906,4354,48.8884,0,0,306,306,100.0,-0.2827,-3.3109,2020/2021,2025/2026,False,False,OK
fact_player_match_stats,expected_goals_non_penalty,player_attacking_xg_xa,OPTIONAL,54,Bundesliga,2025/2026,8935,4463,49.9496,0,0,306,306,100.0,0.1034,1.0612,2020/2021,2025/2026,False,False,OK
fact_player_match_stats,expected_goals_non_penalty,player_attacking_xg_xa,OPTIONAL,55,SerieA,2020/2021,10842,5175,47.731,0,0,379,379,100.0,-2.996,,2020/2021,2025/2026,False,False,OK
fact_player_match_stats,expected_goals_non_penalty,player_attacking_xg_xa,OPTIONAL,55,SerieA,2021/2022,10945,5331,48.7072,0,0,380,380,100.0,-4.2243,0.9762,2020/2021,2025/2026,False,False,OK
fact_player_match_stats,expected_goals_non_penalty,player_attacking_xg_xa,OPTIONAL,55,SerieA,2022/2023,11144,5561,49.9013,0,0,381,381,100.0,0.3599,1.1941,2020/2021,2025/2026,False,False,OK
fact_player_match_stats,expected_goals_non_penalty,player_attacking_xg_xa,OPTIONAL,55,SerieA,2023/2024,11137,5527,49.6274,0,0,380,380,100.0,-2.2493,-0.2739,2020/2021,2025/2026,False,False,OK
fact_player_match_stats,expected_goals_non_penalty,player_attacking_xg_xa,OPTIONAL,55,SerieA,2024/2025,11118,5277,47.4636,0,0,380,380,100.0,-1.7075,-2.1638,2020/2021,2025/2026,False,False,OK
fact_player_match_stats,expected_goals_non_penalty,player_attacking_xg_xa,OPTIONAL,55,SerieA,2025/2026,11157,5327,47.7458,0,0,380,380,100.0,-2.1004,0.2822,2020/2021,2025/2026,False,False,OK
fact_player_match_stats,expected_goals_non_penalty,player_attacking_xg_xa,OPTIONAL,87,LaLiga,2020/2021,10842,4786,44.1431,0,0,380,380,100.0,-6.5839,,2020/2021,2025/2026,False,False,OK
fact_player_match_stats,expected_goals_non_penalty,player_attacking_xg_xa,OPTIONAL,87,LaLiga,2021/2022,11038,5260,47.6536,0,0,380,380,100.0,-5.2779,3.5105,2020/2021,2025/2026,False,False,OK
fact_player_match_stats,expected_goals_non_penalty,player_attacking_xg_xa,OPTIONAL,87,LaLiga,2022/2023,11032,5308,48.1146,0,0,379,379,100.0,-1.4268,0.461,2020/2021,2025/2026,False,False,OK
fact_player_match_stats,expected_goals_non_penalty,player_attacking_xg_xa,OPTIONAL,87,LaLiga,2023/2024,11083,5381,48.5518,0,0,379,379,100.0,-3.3249,0.4372,2020/2021,2025/2026,False,False,OK
fact_player_match_stats,expected_goals_non_penalty,player_attacking_xg_xa,OPTIONAL,87,LaLiga,2024/2025,11130,5179,46.5319,0,0,380,380,100.0,-2.6392,-2.0199,2020/2021,2025/2026,False,False,OK
fact_player_match_stats,expected_goals_non_penalty,player_attacking_xg_xa,OPTIONAL,87,LaLiga,2025/2026,11191,5305,47.4042,0,0,380,380,100.0,-2.442,0.8723,2020/2021,2025/2026,False,False,OK
fact_player_match_stats,expected_goals_on_target_faced,goalkeeper_advanced,REQUIRED,47,EPL,2020/2021,765,746,97.5163,0,0,380,380,100.0,,,2020/2021,2025/2026,False,False,OK
fact_player_match_stats,expected_goals_on_target_faced,goalkeeper_advanced,REQUIRED,47,EPL,2021/2022,763,741,97.1166,0,0,380,380,100.0,,-0.3997,2020/2021,2025/2026,False,False,OK
fact_player_match_stats,expected_goals_on_target_faced,goalkeeper_advanced,REQUIRED,47,EPL,2022/2023,770,744,96.6234,0,0,380,380,100.0,,-0.4932,2020/2021,2025/2026,False,False,OK
fact_player_match_stats,expected_goals_on_target_faced,goalkeeper_advanced,REQUIRED,47,EPL,2023/2024,776,766,98.7113,0,0,380,380,100.0,,2.0879,2020/2021,2025/2026,False,False,OK
fact_player_match_stats,expected_goals_on_target_faced,goalkeeper_advanced,REQUIRED,47,EPL,2024/2025,770,746,96.8831,0,0,380,380,100.0,,-1.8282,2020/2021,2025/2026,False,False,OK
fact_player_match_stats,expected_goals_on_target_faced,goalkeeper_advanced,REQUIRED,47,EPL,2025/2026,767,748,97.5228,0,0,380,380,100.0,,0.6397,2020/2021,2025/2026,False,False,OK
fact_player_match_stats,expected_goals_on_target_faced,goalkeeper_advanced,REQUIRED,53,Ligue1,2020/2021,768,742,96.6146,0,0,379,380,99.7368,-0.9017,,2020/2021,2025/2026,False,False,OK
fact_player_match_stats,expected_goals_on_target_faced,goalkeeper_advanced,REQUIRED,53,Ligue1,2021/2022,774,748,96.6408,0,0,380,380,100.0,-0.4758,0.0262,2020/2021,2025/2026,False,False,OK
fact_player_match_stats,expected_goals_on_target_faced,goalkeeper_advanced,REQUIRED,53,Ligue1,2022/2023,770,744,96.6234,0,0,379,380,99.7368,0.0,-0.0174,2020/2021,2025/2026,False,False,OK
fact_player_match_stats,expected_goals_on_target_faced,goalkeeper_advanced,REQUIRED,53,Ligue1,2023/2024,618,604,97.7346,0,0,306,306,100.0,-0.9767,1.1112,2020/2021,2025/2026,False,False,OK
fact_player_match_stats,expected_goals_on_target_faced,goalkeeper_advanced,REQUIRED,53,Ligue1,2024/2025,618,599,96.9256,0,0,306,306,100.0,0.0425,-0.809,2020/2021,2025/2026,False,False,OK
fact_player_match_stats,expected_goals_on_target_faced,goalkeeper_advanced,REQUIRED,53,Ligue1,2025/2026,624,605,96.9551,0,0,306,306,100.0,-0.5677,0.0295,2020/2021,2025/2026,False,False,OK
fact_player_match_stats,expected_goals_on_target_faced,goalkeeper_advanced,REQUIRED,54,Bundesliga,2020/2021,619,598,96.6074,0,0,305,306,99.6732,-0.9089,,2020/2021,2025/2026,False,False,OK
fact_player_match_stats,expected_goals_on_target_faced,goalkeeper_advanced,REQUIRED,54,Bundesliga,2021/2022,616,598,97.0779,0,0,306,306,100.0,-0.0387,0.4705,2020/2021,2025/2026,False,False,OK
fact_player_match_stats,expected_goals_on_target_faced,goalkeeper_advanced,REQUIRED,54,Bundesliga,2022/2023,615,602,97.8862,0,0,306,306,100.0,1.2628,0.8083,2020/2021,2025/2026,False,False,OK
fact_player_match_stats,expected_goals_on_target_faced,goalkeeper_advanced,REQUIRED,54,Bundesliga,2023/2024,614,601,97.8827,0,0,306,306,100.0,-0.8286,-0.0035,2020/2021,2025/2026,False,False,OK
fact_player_match_stats,expected_goals_on_target_faced,goalkeeper_advanced,REQUIRED,54,Bundesliga,2024/2025,622,607,97.5884,0,0,306,306,100.0,0.7053,-0.2943,2020/2021,2025/2026,False,False,OK
fact_player_match_stats,expected_goals_on_target_faced,goalkeeper_advanced,REQUIRED,54,Bundesliga,2025/2026,620,607,97.9032,0,0,306,306,100.0,0.3804,0.3148,2020/2021,2025/2026,False,False,OK
fact_player_match_stats,expected_goals_on_target_faced,goalkeeper_advanced,REQUIRED,55,SerieA,2020/2021,770,744,96.6234,0,0,378,379,99.7361,-0.8929,,2020/2021,2025/2026,False,False,OK
fact_player_match_stats,expected_goals_on_target_faced,goalkeeper_advanced,REQUIRED,55,SerieA,2021/2022,772,753,97.5389,0,0,380,380,100.0,0.4223,0.9155,2020/2021,2025/2026,False,False,OK
fact_player_match_stats,expected_goals_on_target_faced,goalkeeper_advanced,REQUIRED,55,SerieA,2022/2023,772,749,97.0207,0,0,381,381,100.0,0.3973,-0.5182,2020/2021,2025/2026,False,False,OK
fact_player_match_stats,expected_goals_on_target_faced,goalkeeper_advanced,REQUIRED,55,SerieA,2023/2024,773,753,97.4127,0,0,379,380,99.7368,-1.2986,0.392,2020/2021,2025/2026,False,False,OK
fact_player_match_stats,expected_goals_on_target_faced,goalkeeper_advanced,REQUIRED,55,SerieA,2024/2025,769,748,97.2692,0,0,380,380,100.0,0.3861,-0.1435,2020/2021,2025/2026,False,False,OK
fact_player_match_stats,expected_goals_on_target_faced,goalkeeper_advanced,REQUIRED,55,SerieA,2025/2026,771,735,95.3307,0,0,380,380,100.0,-2.1921,-1.9385,2020/2021,2025/2026,False,False,OK
fact_player_match_stats,expected_goals_on_target_faced,goalkeeper_advanced,REQUIRED,87,LaLiga,2020/2021,765,743,97.1242,0,0,380,380,100.0,-0.3921,,2020/2021,2025/2026,False,False,OK
fact_player_match_stats,expected_goals_on_target_faced,goalkeeper_advanced,REQUIRED,87,LaLiga,2021/2022,768,743,96.7448,0,0,380,380,100.0,-0.3718,-0.3794,2020/2021,2025/2026,False,False,OK
fact_player_match_stats,expected_goals_on_target_faced,goalkeeper_advanced,REQUIRED,87,LaLiga,2022/2023,769,747,97.1391,0,0,379,379,100.0,0.5157,0.3943,2020/2021,2025/2026,False,False,OK
fact_player_match_stats,expected_goals_on_target_faced,goalkeeper_advanced,REQUIRED,87,LaLiga,2023/2024,771,748,97.0169,0,0,379,379,100.0,-1.6944,-0.1222,2020/2021,2025/2026,False,False,OK
fact_player_match_stats,expected_goals_on_target_faced,goalkeeper_advanced,REQUIRED,87,LaLiga,2024/2025,770,742,96.3636,0,0,380,380,100.0,-0.5195,-0.6533,2020/2021,2025/2026,False,False,OK
fact_player_match_stats,expected_goals_on_target_faced,goalkeeper_advanced,REQUIRED,87,LaLiga,2025/2026,762,738,96.8504,0,0,380,380,100.0,-0.6724,0.4868,2020/2021,2025/2026,False,False,OK
fact_player_match_stats,expected_goals_on_target_variant,shot_xg,OPTIONAL,47,EPL,2020/2021,9628,2437,25.3116,0,0,380,380,100.0,,,2020/2021,2025/2026,False,False,OK
fact_player_match_stats,expected_goals_on_target_variant,shot_xg,OPTIONAL,47,EPL,2021/2022,9722,2529,26.0132,0,0,379,380,99.7368,,0.7016,2020/2021,2025/2026,False,False,OK
fact_player_match_stats,expected_goals_on_target_variant,shot_xg,OPTIONAL,47,EPL,2022/2023,10575,2447,23.1395,0,0,372,380,97.8947,,-2.8737,2020/2021,2025/2026,False,False,OK
fact_player_match_stats,expected_goals_on_target_variant,shot_xg,OPTIONAL,47,EPL,2023/2024,10604,2756,25.9902,0,0,377,380,99.2105,,2.8507,2020/2021,2025/2026,False,False,OK
fact_player_match_stats,expected_goals_on_target_variant,shot_xg,OPTIONAL,47,EPL,2024/2025,10797,2567,23.7751,0,0,380,380,100.0,,-2.2151,2020/2021,2025/2026,False,False,OK
fact_player_match_stats,expected_goals_on_target_variant,shot_xg,OPTIONAL,47,EPL,2025/2026,10725,2456,22.8998,0,0,380,380,100.0,,-0.8753,2020/2021,2025/2026,False,False,OK
fact_player_match_stats,expected_goals_on_target_variant,shot_xg,OPTIONAL,53,Ligue1,2020/2021,10730,2393,22.302,0,0,379,380,99.7368,-3.0096,,2020/2021,2025/2026,False,False,OK
fact_player_match_stats,expected_goals_on_target_variant,shot_xg,OPTIONAL,53,Ligue1,2021/2022,10753,2396,22.2822,0,0,374,380,98.4211,-3.731,-0.0198,2020/2021,2025/2026,False,False,OK
fact_player_match_stats,expected_goals_on_target_variant,shot_xg,OPTIONAL,53,Ligue1,2022/2023,10771,2530,23.489,0,0,367,380,96.5789,0.3495,1.2068,2020/2021,2025/2026,False,False,OK
fact_player_match_stats,expected_goals_on_target_variant,shot_xg,OPTIONAL,53,Ligue1,2023/2024,8774,2099,23.923,0,0,296,306,96.732,-2.0672,0.434,2020/2021,2025/2026,False,False,OK
fact_player_match_stats,expected_goals_on_target_variant,shot_xg,OPTIONAL,53,Ligue1,2024/2025,8795,2115,24.0478,0,0,306,306,100.0,0.2727,0.1248,2020/2021,2025/2026,False,False,OK
fact_player_match_stats,expected_goals_on_target_variant,shot_xg,OPTIONAL,53,Ligue1,2025/2026,8784,2035,23.1671,0,0,306,306,100.0,0.2673,-0.8807,2020/2021,2025/2026,False,False,OK
fact_player_match_stats,expected_goals_on_target_variant,shot_xg,OPTIONAL,54,Bundesliga,2020/2021,8652,2084,24.0869,0,0,305,306,99.6732,-1.2247,,2020/2021,2025/2026,False,False,OK
fact_player_match_stats,expected_goals_on_target_variant,shot_xg,OPTIONAL,54,Bundesliga,2021/2022,8775,2192,24.9801,0,0,306,306,100.0,-1.0331,0.8932,2020/2021,2025/2026,False,False,OK
fact_player_match_stats,expected_goals_on_target_variant,shot_xg,OPTIONAL,54,Bundesliga,2022/2023,8865,2075,23.4067,0,0,294,306,96.0784,0.2672,-1.5734,2020/2021,2025/2026,False,False,OK
fact_player_match_stats,expected_goals_on_target_variant,shot_xg,OPTIONAL,54,Bundesliga,2023/2024,8912,2180,24.4614,0,0,298,306,97.3856,-1.5288,1.0547,2020/2021,2025/2026,False,False,OK
fact_player_match_stats,expected_goals_on_target_variant,shot_xg,OPTIONAL,54,Bundesliga,2024/2025,8906,2090,23.4673,0,0,306,306,100.0,-0.3078,-0.9941,2020/2021,2025/2026,False,False,OK
fact_player_match_stats,expected_goals_on_target_variant,shot_xg,OPTIONAL,54,Bundesliga,2025/2026,8935,2158,24.1522,0,0,306,306,100.0,1.2524,0.6849,2020/2021,2025/2026,False,False,OK
fact_player_match_stats,expected_goals_on_target_variant,shot_xg,OPTIONAL,55,SerieA,2020/2021,10842,2505,23.1046,0,0,378,379,99.7361,-2.207,,2020/2021,2025/2026,False,False,OK
fact_player_match_stats,expected_goals_on_target_variant,shot_xg,OPTIONAL,55,SerieA,2021/2022,10945,2589,23.6546,0,0,380,380,100.0,-2.3586,0.55,2020/2021,2025/2026,False,False,OK
fact_player_match_stats,expected_goals_on_target_variant,shot_xg,OPTIONAL,55,SerieA,2022/2023,11144,2403,21.5632,0,0,369,381,96.8504,-1.5763,-2.0914,2020/2021,2025/2026,False,False,OK
fact_player_match_stats,expected_goals_on_target_variant,shot_xg,OPTIONAL,55,SerieA,2023/2024,11137,2445,21.9538,0,0,364,380,95.7895,-4.0364,0.3906,2020/2021,2025/2026,False,False,OK
fact_player_match_stats,expected_goals_on_target_variant,shot_xg,OPTIONAL,55,SerieA,2024/2025,11118,2388,21.4787,0,0,380,380,100.0,-2.2964,-0.4751,2020/2021,2025/2026,False,False,OK
fact_player_match_stats,expected_goals_on_target_variant,shot_xg,OPTIONAL,55,SerieA,2025/2026,11157,2378,21.314,0,0,380,380,100.0,-1.5858,-0.1647,2020/2021,2025/2026,False,False,OK
fact_player_match_stats,expected_goals_on_target_variant,shot_xg,OPTIONAL,87,LaLiga,2020/2021,10842,2205,20.3376,0,0,380,380,100.0,-4.974,,2020/2021,2025/2026,False,False,OK
fact_player_match_stats,expected_goals_on_target_variant,shot_xg,OPTIONAL,87,LaLiga,2021/2022,11038,2371,21.4803,0,0,380,380,100.0,-4.5329,1.1427,2020/2021,2025/2026,False,False,OK
fact_player_match_stats,expected_goals_on_target_variant,shot_xg,OPTIONAL,87,LaLiga,2022/2023,11032,2407,21.8183,0,0,371,379,97.8892,-1.3212,0.338,2020/2021,2025/2026,False,False,OK
fact_player_match_stats,expected_goals_on_target_variant,shot_xg,OPTIONAL,87,LaLiga,2023/2024,11083,2518,22.7195,0,0,372,379,98.153,-3.2707,0.9012,2020/2021,2025/2026,False,False,OK
fact_player_match_stats,expected_goals_on_target_variant,shot_xg,OPTIONAL,87,LaLiga,2024/2025,11130,2400,21.5633,0,0,380,380,100.0,-2.2118,-1.1562,2020/2021,2025/2026,False,False,OK
fact_player_match_stats,expected_goals_on_target_variant,shot_xg,OPTIONAL,87,LaLiga,2025/2026,11191,2476,22.1249,0,0,380,380,100.0,-0.7749,0.5616,2020/2021,2025/2026,False,False,OK
fact_player_match_stats,fouls,defensive_duel_passing,REQUIRED,47,EPL,2020/2021,9628,9628,100.0,0,4419,380,380,100.0,,,2020/2021,2025/2026,False,False,OK
fact_player_match_stats,fouls,defensive_duel_passing,REQUIRED,47,EPL,2021/2022,9722,9722,100.0,0,4771,380,380,100.0,,0.0,2020/2021,2025/2026,False,False,OK
fact_player_match_stats,fouls,defensive_duel_passing,REQUIRED,47,EPL,2022/2023,10575,10575,100.0,0,5293,380,380,100.0,,0.0,2020/2021,2025/2026,False,False,OK
fact_player_match_stats,fouls,defensive_duel_passing,REQUIRED,47,EPL,2023/2024,10604,10604,100.0,0,5219,380,380,100.0,,0.0,2020/2021,2025/2026,False,False,OK
fact_player_match_stats,fouls,defensive_duel_passing,REQUIRED,47,EPL,2024/2025,10797,10797,100.0,0,5454,380,380,100.0,,0.0,2020/2021,2025/2026,False,False,OK
fact_player_match_stats,fouls,defensive_duel_passing,REQUIRED,47,EPL,2025/2026,10725,10725,100.0,0,5412,380,380,100.0,,0.0,2020/2021,2025/2026,False,False,OK
fact_player_match_stats,fouls,defensive_duel_passing,REQUIRED,53,Ligue1,2020/2021,10730,10730,100.0,0,4801,380,380,100.0,0.0,,2020/2021,2025/2026,False,False,OK
fact_player_match_stats,fouls,defensive_duel_passing,REQUIRED,53,Ligue1,2021/2022,10753,10753,100.0,0,5144,380,380,100.0,0.0,0.0,2020/2021,2025/2026,False,False,OK
fact_player_match_stats,fouls,defensive_duel_passing,REQUIRED,53,Ligue1,2022/2023,10771,10771,100.0,0,4997,380,380,100.0,0.0,0.0,2020/2021,2025/2026,False,False,OK
fact_player_match_stats,fouls,defensive_duel_passing,REQUIRED,53,Ligue1,2023/2024,8774,8774,100.0,0,4026,306,306,100.0,0.0,0.0,2020/2021,2025/2026,False,False,OK
fact_player_match_stats,fouls,defensive_duel_passing,REQUIRED,53,Ligue1,2024/2025,8795,8795,100.0,0,4130,306,306,100.0,0.0,0.0,2020/2021,2025/2026,False,False,OK
fact_player_match_stats,fouls,defensive_duel_passing,REQUIRED,53,Ligue1,2025/2026,8784,8784,100.0,0,4169,306,306,100.0,0.0,0.0,2020/2021,2025/2026,False,False,OK
fact_player_match_stats,fouls,defensive_duel_passing,REQUIRED,54,Bundesliga,2020/2021,8652,8652,100.0,0,4003,306,306,100.0,0.0,,2020/2021,2025/2026,False,False,OK
fact_player_match_stats,fouls,defensive_duel_passing,REQUIRED,54,Bundesliga,2021/2022,8775,8775,100.0,0,4198,306,306,100.0,0.0,0.0,2020/2021,2025/2026,False,False,OK
fact_player_match_stats,fouls,defensive_duel_passing,REQUIRED,54,Bundesliga,2022/2023,8865,8865,100.0,0,4275,306,306,100.0,0.0,0.0,2020/2021,2025/2026,False,False,OK
fact_player_match_stats,fouls,defensive_duel_passing,REQUIRED,54,Bundesliga,2023/2024,8912,8912,100.0,0,4485,306,306,100.0,0.0,0.0,2020/2021,2025/2026,False,False,OK
fact_player_match_stats,fouls,defensive_duel_passing,REQUIRED,54,Bundesliga,2024/2025,8906,8906,100.0,0,4629,306,306,100.0,0.0,0.0,2020/2021,2025/2026,False,False,OK
fact_player_match_stats,fouls,defensive_duel_passing,REQUIRED,54,Bundesliga,2025/2026,8935,8935,100.0,0,4732,306,306,100.0,0.0,0.0,2020/2021,2025/2026,False,False,OK
fact_player_match_stats,fouls,defensive_duel_passing,REQUIRED,55,SerieA,2020/2021,10842,10842,100.0,0,4686,379,379,100.0,0.0,,2020/2021,2025/2026,False,False,OK
fact_player_match_stats,fouls,defensive_duel_passing,REQUIRED,55,SerieA,2021/2022,10945,10945,100.0,0,4815,380,380,100.0,0.0,0.0,2020/2021,2025/2026,False,False,OK
fact_player_match_stats,fouls,defensive_duel_passing,REQUIRED,55,SerieA,2022/2023,11144,11144,100.0,0,5192,381,381,100.0,0.0,0.0,2020/2021,2025/2026,False,False,OK
fact_player_match_stats,fouls,defensive_duel_passing,REQUIRED,55,SerieA,2023/2024,11137,11137,100.0,0,5302,380,380,100.0,0.0,0.0,2020/2021,2025/2026,False,False,OK
fact_player_match_stats,fouls,defensive_duel_passing,REQUIRED,55,SerieA,2024/2025,11118,11118,100.0,0,5178,380,380,100.0,0.0,0.0,2020/2021,2025/2026,False,False,OK
fact_player_match_stats,fouls,defensive_duel_passing,REQUIRED,55,SerieA,2025/2026,11157,11157,100.0,0,5186,380,380,100.0,0.0,0.0,2020/2021,2025/2026,False,False,OK
fact_player_match_stats,fouls,defensive_duel_passing,REQUIRED,87,LaLiga,2020/2021,10842,10842,100.0,0,4820,380,380,100.0,0.0,,2020/2021,2025/2026,False,False,OK
fact_player_match_stats,fouls,defensive_duel_passing,REQUIRED,87,LaLiga,2021/2022,11038,11038,100.0,0,4945,380,380,100.0,0.0,0.0,2020/2021,2025/2026,False,False,OK
fact_player_match_stats,fouls,defensive_duel_passing,REQUIRED,87,LaLiga,2022/2023,11032,11032,100.0,0,5047,379,379,100.0,0.0,0.0,2020/2021,2025/2026,False,False,OK
fact_player_match_stats,fouls,defensive_duel_passing,REQUIRED,87,LaLiga,2023/2024,11083,11083,100.0,0,5074,379,379,100.0,0.0,0.0,2020/2021,2025/2026,False,False,OK
fact_player_match_stats,fouls,defensive_duel_passing,REQUIRED,87,LaLiga,2024/2025,11130,11130,100.0,0,5286,380,380,100.0,0.0,0.0,2020/2021,2025/2026,False,False,OK
fact_player_match_stats,fouls,defensive_duel_passing,REQUIRED,87,LaLiga,2025/2026,11191,11191,100.0,0,5266,380,380,100.0,0.0,0.0,2020/2021,2025/2026,False,False,OK
fact_player_match_stats,goals,shot_xg,REQUIRED,47,EPL,2020/2021,9628,9628,100.0,0,8750,380,380,100.0,,,2020/2021,2025/2026,False,False,OK
fact_player_match_stats,goals,shot_xg,REQUIRED,47,EPL,2021/2022,9722,9722,100.0,0,8785,380,380,100.0,,0.0,2020/2021,2025/2026,False,False,OK
fact_player_match_stats,goals,shot_xg,REQUIRED,47,EPL,2022/2023,10575,10575,100.0,0,9646,380,380,100.0,,0.0,2020/2021,2025/2026,False,False,OK
fact_player_match_stats,goals,shot_xg,REQUIRED,47,EPL,2023/2024,10604,10604,100.0,0,9536,380,380,100.0,,0.0,2020/2021,2025/2026,False,False,OK
fact_player_match_stats,goals,shot_xg,REQUIRED,47,EPL,2024/2025,10797,10797,100.0,0,9810,380,380,100.0,,0.0,2020/2021,2025/2026,False,False,OK
fact_player_match_stats,goals,shot_xg,REQUIRED,47,EPL,2025/2026,10725,10725,100.0,0,9813,380,380,100.0,,0.0,2020/2021,2025/2026,False,False,OK
fact_player_match_stats,goals,shot_xg,REQUIRED,53,Ligue1,2020/2021,10730,10730,100.0,0,9802,380,380,100.0,0.0,,2020/2021,2025/2026,False,False,OK
fact_player_match_stats,goals,shot_xg,REQUIRED,53,Ligue1,2021/2022,10753,10753,100.0,0,9821,380,380,100.0,0.0,0.0,2020/2021,2025/2026,False,False,OK
fact_player_match_stats,goals,shot_xg,REQUIRED,53,Ligue1,2022/2023,10771,10771,100.0,0,9844,380,380,100.0,0.0,0.0,2020/2021,2025/2026,False,False,OK
fact_player_match_stats,goals,shot_xg,REQUIRED,53,Ligue1,2023/2024,8774,8774,100.0,0,8047,306,306,100.0,0.0,0.0,2020/2021,2025/2026,False,False,OK
fact_player_match_stats,goals,shot_xg,REQUIRED,53,Ligue1,2024/2025,8795,8795,100.0,0,7998,306,306,100.0,0.0,0.0,2020/2021,2025/2026,False,False,OK
fact_player_match_stats,goals,shot_xg,REQUIRED,53,Ligue1,2025/2026,8784,8784,100.0,0,8026,306,306,100.0,0.0,0.0,2020/2021,2025/2026,False,False,OK
fact_player_match_stats,goals,shot_xg,REQUIRED,54,Bundesliga,2020/2021,8652,8652,100.0,0,7852,306,306,100.0,0.0,,2020/2021,2025/2026,False,False,OK
fact_player_match_stats,goals,shot_xg,REQUIRED,54,Bundesliga,2021/2022,8775,8775,100.0,0,7940,306,306,100.0,0.0,0.0,2020/2021,2025/2026,False,False,OK
fact_player_match_stats,goals,shot_xg,REQUIRED,54,Bundesliga,2022/2023,8865,8865,100.0,0,7998,306,306,100.0,0.0,0.0,2020/2021,2025/2026,False,False,OK
fact_player_match_stats,goals,shot_xg,REQUIRED,54,Bundesliga,2023/2024,8912,8912,100.0,0,8059,306,306,100.0,0.0,0.0,2020/2021,2025/2026,False,False,OK
fact_player_match_stats,goals,shot_xg,REQUIRED,54,Bundesliga,2024/2025,8906,8906,100.0,0,8086,306,306,100.0,0.0,0.0,2020/2021,2025/2026,False,False,OK
fact_player_match_stats,goals,shot_xg,REQUIRED,54,Bundesliga,2025/2026,8935,8935,100.0,0,8065,306,306,100.0,0.0,0.0,2020/2021,2025/2026,False,False,OK
fact_player_match_stats,goals,shot_xg,REQUIRED,55,SerieA,2020/2021,10842,10842,100.0,0,9835,379,379,100.0,0.0,,2020/2021,2025/2026,False,False,OK
fact_player_match_stats,goals,shot_xg,REQUIRED,55,SerieA,2021/2022,10945,10945,100.0,0,9994,380,380,100.0,0.0,0.0,2020/2021,2025/2026,False,False,OK
fact_player_match_stats,goals,shot_xg,REQUIRED,55,SerieA,2022/2023,11144,11144,100.0,0,10258,381,381,100.0,0.0,0.0,2020/2021,2025/2026,False,False,OK
fact_player_match_stats,goals,shot_xg,REQUIRED,55,SerieA,2023/2024,11137,11137,100.0,0,10238,380,380,100.0,0.0,0.0,2020/2021,2025/2026,False,False,OK
fact_player_match_stats,goals,shot_xg,REQUIRED,55,SerieA,2024/2025,11118,11118,100.0,0,10255,380,380,100.0,0.0,0.0,2020/2021,2025/2026,False,False,OK
fact_player_match_stats,goals,shot_xg,REQUIRED,55,SerieA,2025/2026,11157,11157,100.0,0,10315,380,380,100.0,0.0,0.0,2020/2021,2025/2026,False,False,OK
fact_player_match_stats,goals,shot_xg,REQUIRED,87,LaLiga,2020/2021,10842,10842,100.0,0,10011,380,380,100.0,0.0,,2020/2021,2025/2026,False,False,OK
fact_player_match_stats,goals,shot_xg,REQUIRED,87,LaLiga,2021/2022,11038,11038,100.0,0,10205,380,380,100.0,0.0,0.0,2020/2021,2025/2026,False,False,OK
fact_player_match_stats,goals,shot_xg,REQUIRED,87,LaLiga,2022/2023,11032,11032,100.0,0,10191,379,379,100.0,0.0,0.0,2020/2021,2025/2026,False,False,OK
fact_player_match_stats,goals,shot_xg,REQUIRED,87,LaLiga,2023/2024,11083,11083,100.0,0,10213,379,379,100.0,0.0,0.0,2020/2021,2025/2026,False,False,OK
fact_player_match_stats,goals,shot_xg,REQUIRED,87,LaLiga,2024/2025,11130,11130,100.0,0,10253,380,380,100.0,0.0,0.0,2020/2021,2025/2026,False,False,OK
fact_player_match_stats,goals,shot_xg,REQUIRED,87,LaLiga,2025/2026,11191,11191,100.0,0,10284,380,380,100.0,0.0,0.0,2020/2021,2025/2026,False,False,OK
fact_player_match_stats,goals_conceded,goalkeeper_advanced,REQUIRED,47,EPL,2020/2021,765,765,100.0,0,228,380,380,100.0,,,2020/2021,2025/2026,False,False,OK
fact_player_match_stats,goals_conceded,goalkeeper_advanced,REQUIRED,47,EPL,2021/2022,763,763,100.0,0,214,380,380,100.0,,0.0,2020/2021,2025/2026,False,False,OK
fact_player_match_stats,goals_conceded,goalkeeper_advanced,REQUIRED,47,EPL,2022/2023,770,770,100.0,0,214,380,380,100.0,,0.0,2020/2021,2025/2026,False,False,OK
fact_player_match_stats,goals_conceded,goalkeeper_advanced,REQUIRED,47,EPL,2023/2024,776,776,100.0,0,166,380,380,100.0,,0.0,2020/2021,2025/2026,False,False,OK
fact_player_match_stats,goals_conceded,goalkeeper_advanced,REQUIRED,47,EPL,2024/2025,770,770,100.0,0,184,380,380,100.0,,0.0,2020/2021,2025/2026,False,False,OK
fact_player_match_stats,goals_conceded,goalkeeper_advanced,REQUIRED,47,EPL,2025/2026,767,767,100.0,0,200,380,380,100.0,,0.0,2020/2021,2025/2026,False,False,OK
fact_player_match_stats,goals_conceded,goalkeeper_advanced,REQUIRED,53,Ligue1,2020/2021,768,768,100.0,0,207,380,380,100.0,0.0,,2020/2021,2025/2026,False,False,OK
fact_player_match_stats,goals_conceded,goalkeeper_advanced,REQUIRED,53,Ligue1,2021/2022,774,774,100.0,0,203,380,380,100.0,0.0,0.0,2020/2021,2025/2026,False,False,OK
fact_player_match_stats,goals_conceded,goalkeeper_advanced,REQUIRED,53,Ligue1,2022/2023,770,770,100.0,0,193,380,380,100.0,0.0,0.0,2020/2021,2025/2026,False,False,OK
fact_player_match_stats,goals_conceded,goalkeeper_advanced,REQUIRED,53,Ligue1,2023/2024,618,618,100.0,0,173,306,306,100.0,0.0,0.0,2020/2021,2025/2026,False,False,OK
fact_player_match_stats,goals_conceded,goalkeeper_advanced,REQUIRED,53,Ligue1,2024/2025,618,618,100.0,0,151,306,306,100.0,0.0,0.0,2020/2021,2025/2026,False,False,OK
fact_player_match_stats,goals_conceded,goalkeeper_advanced,REQUIRED,53,Ligue1,2025/2026,624,624,100.0,0,183,306,306,100.0,0.0,0.0,2020/2021,2025/2026,False,False,OK
fact_player_match_stats,goals_conceded,goalkeeper_advanced,REQUIRED,54,Bundesliga,2020/2021,619,619,100.0,0,146,306,306,100.0,0.0,,2020/2021,2025/2026,False,False,OK
fact_player_match_stats,goals_conceded,goalkeeper_advanced,REQUIRED,54,Bundesliga,2021/2022,616,616,100.0,0,140,306,306,100.0,0.0,0.0,2020/2021,2025/2026,False,False,OK
fact_player_match_stats,goals_conceded,goalkeeper_advanced,REQUIRED,54,Bundesliga,2022/2023,615,615,100.0,0,142,306,306,100.0,0.0,0.0,2020/2021,2025/2026,False,False,OK
fact_player_match_stats,goals_conceded,goalkeeper_advanced,REQUIRED,54,Bundesliga,2023/2024,614,614,100.0,0,131,306,306,100.0,0.0,0.0,2020/2021,2025/2026,False,False,OK
fact_player_match_stats,goals_conceded,goalkeeper_advanced,REQUIRED,54,Bundesliga,2024/2025,622,622,100.0,0,163,306,306,100.0,0.0,0.0,2020/2021,2025/2026,False,False,OK
fact_player_match_stats,goals_conceded,goalkeeper_advanced,REQUIRED,54,Bundesliga,2025/2026,620,620,100.0,0,136,306,306,100.0,0.0,0.0,2020/2021,2025/2026,False,False,OK
fact_player_match_stats,goals_conceded,goalkeeper_advanced,REQUIRED,55,SerieA,2020/2021,770,770,100.0,0,182,379,379,100.0,0.0,,2020/2021,2025/2026,False,False,OK
fact_player_match_stats,goals_conceded,goalkeeper_advanced,REQUIRED,55,SerieA,2021/2022,772,772,100.0,0,194,380,380,100.0,0.0,0.0,2020/2021,2025/2026,False,False,OK
fact_player_match_stats,goals_conceded,goalkeeper_advanced,REQUIRED,55,SerieA,2022/2023,772,772,100.0,0,218,381,381,100.0,0.0,0.0,2020/2021,2025/2026,False,False,OK
fact_player_match_stats,goals_conceded,goalkeeper_advanced,REQUIRED,55,SerieA,2023/2024,773,773,100.0,0,222,380,380,100.0,0.0,0.0,2020/2021,2025/2026,False,False,OK
fact_player_match_stats,goals_conceded,goalkeeper_advanced,REQUIRED,55,SerieA,2024/2025,769,769,100.0,0,221,380,380,100.0,0.0,0.0,2020/2021,2025/2026,False,False,OK
fact_player_match_stats,goals_conceded,goalkeeper_advanced,REQUIRED,55,SerieA,2025/2026,771,771,100.0,0,254,380,380,100.0,0.0,0.0,2020/2021,2025/2026,False,False,OK
fact_player_match_stats,goals_conceded,goalkeeper_advanced,REQUIRED,87,LaLiga,2020/2021,765,765,100.0,0,217,380,380,100.0,0.0,,2020/2021,2025/2026,False,False,OK
fact_player_match_stats,goals_conceded,goalkeeper_advanced,REQUIRED,87,LaLiga,2021/2022,768,768,100.0,0,246,380,380,100.0,0.0,0.0,2020/2021,2025/2026,False,False,OK
fact_player_match_stats,goals_conceded,goalkeeper_advanced,REQUIRED,87,LaLiga,2022/2023,769,769,100.0,0,222,379,379,100.0,0.0,0.0,2020/2021,2025/2026,False,False,OK
fact_player_match_stats,goals_conceded,goalkeeper_advanced,REQUIRED,87,LaLiga,2023/2024,771,771,100.0,0,233,379,379,100.0,0.0,0.0,2020/2021,2025/2026,False,False,OK
fact_player_match_stats,goals_conceded,goalkeeper_advanced,REQUIRED,87,LaLiga,2024/2025,770,770,100.0,0,204,380,380,100.0,0.0,0.0,2020/2021,2025/2026,False,False,OK
fact_player_match_stats,goals_conceded,goalkeeper_advanced,REQUIRED,87,LaLiga,2025/2026,762,762,100.0,0,180,380,380,100.0,0.0,0.0,2020/2021,2025/2026,False,False,OK
fact_player_match_stats,goals_prevented,goalkeeper_advanced,OPTIONAL,47,EPL,2020/2021,765,12,1.5686,0,0,6,380,1.5789,,,2020/2021,2025/2026,False,False,OK
fact_player_match_stats,goals_prevented,goalkeeper_advanced,OPTIONAL,47,EPL,2021/2022,763,8,1.0485,0,0,4,380,1.0526,,-0.5201,2020/2021,2025/2026,False,False,OK
fact_player_match_stats,goals_prevented,goalkeeper_advanced,OPTIONAL,47,EPL,2022/2023,770,20,2.5974,0,0,10,380,2.6316,,1.5489,2020/2021,2025/2026,False,False,OK
fact_player_match_stats,goals_prevented,goalkeeper_advanced,OPTIONAL,47,EPL,2023/2024,776,14,1.8041,0,0,7,380,1.8421,,-0.7933,2020/2021,2025/2026,False,False,OK
fact_player_match_stats,goals_prevented,goalkeeper_advanced,OPTIONAL,47,EPL,2024/2025,770,669,86.8831,0,2,343,380,90.2632,,85.079,2020/2021,2025/2026,False,False,OK
fact_player_match_stats,goals_prevented,goalkeeper_advanced,OPTIONAL,47,EPL,2025/2026,767,749,97.6532,0,3,380,380,100.0,,10.7701,2020/2021,2025/2026,False,False,OK
fact_player_match_stats,goals_prevented,goalkeeper_advanced,OPTIONAL,53,Ligue1,2020/2021,768,5,0.651,0,0,3,380,0.7895,-0.9176,,2020/2021,2025/2026,False,False,OK
fact_player_match_stats,goals_prevented,goalkeeper_advanced,OPTIONAL,53,Ligue1,2021/2022,774,22,2.8424,0,0,11,380,2.8947,1.7939,2.1914,2020/2021,2025/2026,False,False,OK
fact_player_match_stats,goals_prevented,goalkeeper_advanced,OPTIONAL,53,Ligue1,2022/2023,770,23,2.987,0,0,12,380,3.1579,0.3896,0.1446,2020/2021,2025/2026,False,False,OK
fact_player_match_stats,goals_prevented,goalkeeper_advanced,OPTIONAL,53,Ligue1,2023/2024,618,30,4.8544,0,0,16,306,5.2288,3.0503,1.8674,2020/2021,2025/2026,False,False,OK
fact_player_match_stats,goals_prevented,goalkeeper_advanced,OPTIONAL,53,Ligue1,2024/2025,618,537,86.8932,0,2,274,306,89.5425,0.0101,82.0388,2020/2021,2025/2026,False,False,OK
fact_player_match_stats,goals_prevented,goalkeeper_advanced,OPTIONAL,53,Ligue1,2025/2026,624,604,96.7949,0,2,306,306,100.0,-0.8583,9.9017,2020/2021,2025/2026,False,False,OK
fact_player_match_stats,goals_prevented,goalkeeper_advanced,OPTIONAL,54,Bundesliga,2020/2021,619,4,0.6462,0,0,2,306,0.6536,-0.9224,,2020/2021,2025/2026,False,False,OK
fact_player_match_stats,goals_prevented,goalkeeper_advanced,OPTIONAL,54,Bundesliga,2021/2022,616,9,1.461,0,0,5,306,1.634,0.4125,0.8148,2020/2021,2025/2026,False,False,OK
fact_player_match_stats,goals_prevented,goalkeeper_advanced,OPTIONAL,54,Bundesliga,2022/2023,615,29,4.7154,0,0,15,306,4.902,2.118,3.2544,2020/2021,2025/2026,False,False,OK
fact_player_match_stats,goals_prevented,goalkeeper_advanced,OPTIONAL,54,Bundesliga,2023/2024,614,18,2.9316,0,0,9,306,2.9412,1.1275,-1.7838,2020/2021,2025/2026,False,False,OK
fact_player_match_stats,goals_prevented,goalkeeper_advanced,OPTIONAL,54,Bundesliga,2024/2025,622,571,91.8006,0,1,288,306,94.1176,4.9175,88.869,2020/2021,2025/2026,False,False,OK
fact_player_match_stats,goals_prevented,goalkeeper_advanced,OPTIONAL,54,Bundesliga,2025/2026,620,607,97.9032,0,3,306,306,100.0,0.25,6.1026,2020/2021,2025/2026,False,False,OK
fact_player_match_stats,goals_prevented,goalkeeper_advanced,OPTIONAL,55,SerieA,2020/2021,770,10,1.2987,0,0,5,379,1.3193,-0.2699,,2020/2021,2025/2026,False,False,OK
fact_player_match_stats,goals_prevented,goalkeeper_advanced,OPTIONAL,55,SerieA,2021/2022,772,0,0.0,0,0,0,380,0.0,-1.0485,-1.2987,2020/2021,2025/2026,True,False,OK
fact_player_match_stats,goals_prevented,goalkeeper_advanced,OPTIONAL,55,SerieA,2022/2023,772,67,8.6788,0,0,35,381,9.1864,6.0814,8.6788,2020/2021,2025/2026,False,False,OK
fact_player_match_stats,goals_prevented,goalkeeper_advanced,OPTIONAL,55,SerieA,2023/2024,773,70,9.0556,0,2,36,380,9.4737,7.2515,0.3768,2020/2021,2025/2026,False,False,OK
fact_player_match_stats,goals_prevented,goalkeeper_advanced,OPTIONAL,55,SerieA,2024/2025,769,681,88.5566,0,4,346,380,91.0526,1.6735,79.501,2020/2021,2025/2026,False,False,OK
fact_player_match_stats,goals_prevented,goalkeeper_advanced,OPTIONAL,55,SerieA,2025/2026,771,735,95.3307,0,2,380,380,100.0,-2.3225,6.7741,2020/2021,2025/2026,False,False,OK
fact_player_match_stats,goals_prevented,goalkeeper_advanced,OPTIONAL,87,LaLiga,2020/2021,765,12,1.5686,0,0,6,380,1.5789,0.0,,2020/2021,2025/2026,False,False,OK
fact_player_match_stats,goals_prevented,goalkeeper_advanced,OPTIONAL,87,LaLiga,2021/2022,768,4,0.5208,0,0,2,380,0.5263,-0.5277,-1.0478,2020/2021,2025/2026,False,False,OK
fact_player_match_stats,goals_prevented,goalkeeper_advanced,OPTIONAL,87,LaLiga,2022/2023,769,18,2.3407,0,1,9,379,2.3747,-0.2567,1.8199,2020/2021,2025/2026,False,False,OK
fact_player_match_stats,goals_prevented,goalkeeper_advanced,OPTIONAL,87,LaLiga,2023/2024,771,17,2.2049,0,0,9,379,2.3747,0.4008,-0.1358,2020/2021,2025/2026,False,False,OK
fact_player_match_stats,goals_prevented,goalkeeper_advanced,OPTIONAL,87,LaLiga,2024/2025,770,691,89.7403,0,3,356,380,93.6842,2.8572,87.5354,2020/2021,2025/2026,False,False,OK
fact_player_match_stats,goals_prevented,goalkeeper_advanced,OPTIONAL,87,LaLiga,2025/2026,762,741,97.2441,0,6,380,380,100.0,-0.4091,7.5038,2020/2021,2025/2026,False,False,OK
fact_player_match_stats,ground_duels_won,defensive_duel_passing,REQUIRED,47,EPL,2020/2021,9628,8978,93.2489,0,1003,380,380,100.0,,,2020/2021,2025/2026,False,False,OK
fact_player_match_stats,ground_duels_won,defensive_duel_passing,REQUIRED,47,EPL,2021/2022,9722,9054,93.129,0,1023,380,380,100.0,,-0.1199,2020/2021,2025/2026,False,False,OK
fact_player_match_stats,ground_duels_won,defensive_duel_passing,REQUIRED,47,EPL,2022/2023,10575,9706,91.7825,0,1218,380,380,100.0,,-1.3465,2020/2021,2025/2026,False,False,OK
fact_player_match_stats,ground_duels_won,defensive_duel_passing,REQUIRED,47,EPL,2023/2024,10604,9784,92.2671,0,1138,380,380,100.0,,0.4846,2020/2021,2025/2026,False,False,OK
fact_player_match_stats,ground_duels_won,defensive_duel_passing,REQUIRED,47,EPL,2024/2025,10797,9910,91.7848,0,1219,380,380,100.0,,-0.4823,2020/2021,2025/2026,False,False,OK
fact_player_match_stats,ground_duels_won,defensive_duel_passing,REQUIRED,47,EPL,2025/2026,10725,9787,91.2541,0,1348,380,380,100.0,,-0.5307,2020/2021,2025/2026,False,False,OK
fact_player_match_stats,ground_duels_won,defensive_duel_passing,REQUIRED,53,Ligue1,2020/2021,10730,9915,92.4045,0,1147,380,380,100.0,-0.8444,,2020/2021,2025/2026,False,False,OK
fact_player_match_stats,ground_duels_won,defensive_duel_passing,REQUIRED,53,Ligue1,2021/2022,10753,9840,91.5093,0,1237,380,380,100.0,-1.6197,-0.8952,2020/2021,2025/2026,False,False,OK
fact_player_match_stats,ground_duels_won,defensive_duel_passing,REQUIRED,53,Ligue1,2022/2023,10771,9995,92.7955,0,1149,380,380,100.0,1.013,1.2862,2020/2021,2025/2026,False,False,OK
fact_player_match_stats,ground_duels_won,defensive_duel_passing,REQUIRED,53,Ligue1,2023/2024,8774,8202,93.4807,0,1002,306,306,100.0,1.2136,0.6852,2020/2021,2025/2026,False,False,OK
fact_player_match_stats,ground_duels_won,defensive_duel_passing,REQUIRED,53,Ligue1,2024/2025,8795,8160,92.78,0,997,306,306,100.0,0.9952,-0.7007,2020/2021,2025/2026,False,False,OK
fact_player_match_stats,ground_duels_won,defensive_duel_passing,REQUIRED,53,Ligue1,2025/2026,8784,8066,91.826,0,1075,306,306,100.0,0.5719,-0.954,2020/2021,2025/2026,False,False,OK
fact_player_match_stats,ground_duels_won,defensive_duel_passing,REQUIRED,54,Bundesliga,2020/2021,8652,7995,92.4064,0,988,306,306,100.0,-0.8425,,2020/2021,2025/2026,False,False,OK
fact_player_match_stats,ground_duels_won,defensive_duel_passing,REQUIRED,54,Bundesliga,2021/2022,8775,8088,92.1709,0,1032,306,306,100.0,-0.9581,-0.2355,2020/2021,2025/2026,False,False,OK
fact_player_match_stats,ground_duels_won,defensive_duel_passing,REQUIRED,54,Bundesliga,2022/2023,8865,8135,91.7654,0,1038,306,306,100.0,-0.0171,-0.4055,2020/2021,2025/2026,False,False,OK
fact_player_match_stats,ground_duels_won,defensive_duel_passing,REQUIRED,54,Bundesliga,2023/2024,8912,8087,90.7428,0,1098,306,306,100.0,-1.5243,-1.0226,2020/2021,2025/2026,False,False,OK
fact_player_match_stats,ground_duels_won,defensive_duel_passing,REQUIRED,54,Bundesliga,2024/2025,8906,7982,89.625,0,1128,306,306,100.0,-2.1598,-1.1178,2020/2021,2025/2026,False,False,OK
fact_player_match_stats,ground_duels_won,defensive_duel_passing,REQUIRED,54,Bundesliga,2025/2026,8935,8079,90.4197,0,1195,306,306,100.0,-0.8344,0.7947,2020/2021,2025/2026,False,False,OK
fact_player_match_stats,ground_duels_won,defensive_duel_passing,REQUIRED,55,SerieA,2020/2021,10842,10022,92.4368,0,1232,379,379,100.0,-0.8121,,2020/2021,2025/2026,False,False,OK
fact_player_match_stats,ground_duels_won,defensive_duel_passing,REQUIRED,55,SerieA,2021/2022,10945,10128,92.5354,0,1243,380,380,100.0,-0.5936,0.0986,2020/2021,2025/2026,False,False,OK
fact_player_match_stats,ground_duels_won,defensive_duel_passing,REQUIRED,55,SerieA,2022/2023,11144,10332,92.7136,0,1328,381,381,100.0,0.9311,0.1782,2020/2021,2025/2026,False,False,OK
fact_player_match_stats,ground_duels_won,defensive_duel_passing,REQUIRED,55,SerieA,2023/2024,11137,10156,91.1915,0,1405,380,380,100.0,-1.0756,-1.5221,2020/2021,2025/2026,False,False,OK
fact_player_match_stats,ground_duels_won,defensive_duel_passing,REQUIRED,55,SerieA,2024/2025,11118,10205,91.7881,0,1430,380,380,100.0,0.0033,0.5966,2020/2021,2025/2026,False,False,OK
fact_player_match_stats,ground_duels_won,defensive_duel_passing,REQUIRED,55,SerieA,2025/2026,11157,10198,91.4045,0,1456,380,380,100.0,0.1504,-0.3836,2020/2021,2025/2026,False,False,OK
fact_player_match_stats,ground_duels_won,defensive_duel_passing,REQUIRED,87,LaLiga,2020/2021,10842,9974,91.9941,0,1294,380,380,100.0,-1.2548,,2020/2021,2025/2026,False,False,OK
fact_player_match_stats,ground_duels_won,defensive_duel_passing,REQUIRED,87,LaLiga,2021/2022,11038,10178,92.2087,0,1284,380,380,100.0,-0.9203,0.2146,2020/2021,2025/2026,False,False,OK
fact_player_match_stats,ground_duels_won,defensive_duel_passing,REQUIRED,87,LaLiga,2022/2023,11032,10170,92.1864,0,1313,379,379,100.0,0.4039,-0.0223,2020/2021,2025/2026,False,False,OK
fact_player_match_stats,ground_duels_won,defensive_duel_passing,REQUIRED,87,LaLiga,2023/2024,11083,10264,92.6103,0,1337,379,379,100.0,0.3432,0.4239,2020/2021,2025/2026,False,False,OK
fact_player_match_stats,ground_duels_won,defensive_duel_passing,REQUIRED,87,LaLiga,2024/2025,11130,10214,91.77,0,1317,380,380,100.0,-0.0148,-0.8403,2020/2021,2025/2026,False,False,OK
fact_player_match_stats,ground_duels_won,defensive_duel_passing,REQUIRED,87,LaLiga,2025/2026,11191,10343,92.4225,0,1400,380,380,100.0,1.1684,0.6525,2020/2021,2025/2026,False,False,OK
fact_player_match_stats,headed_clearance,defensive_duel_passing,OPTIONAL,47,EPL,2020/2021,9628,3693,38.3569,0,0,380,380,100.0,,,2020/2021,2025/2026,False,False,OK
fact_player_match_stats,headed_clearance,defensive_duel_passing,OPTIONAL,47,EPL,2021/2022,9722,3790,38.9837,0,0,380,380,100.0,,0.6268,2020/2021,2025/2026,False,False,OK
fact_player_match_stats,headed_clearance,defensive_duel_passing,OPTIONAL,47,EPL,2022/2023,10575,3901,36.8889,0,0,380,380,100.0,,-2.0948,2020/2021,2025/2026,False,False,OK
fact_player_match_stats,headed_clearance,defensive_duel_passing,OPTIONAL,47,EPL,2023/2024,10604,3991,37.6367,0,0,380,380,100.0,,0.7478,2020/2021,2025/2026,False,False,OK
fact_player_match_stats,headed_clearance,defensive_duel_passing,OPTIONAL,47,EPL,2024/2025,10797,4325,40.0574,0,0,380,380,100.0,,2.4207,2020/2021,2025/2026,False,False,OK
fact_player_match_stats,headed_clearance,defensive_duel_passing,OPTIONAL,47,EPL,2025/2026,10725,4819,44.9324,0,0,380,380,100.0,,4.875,2020/2021,2025/2026,False,False,OK
fact_player_match_stats,headed_clearance,defensive_duel_passing,OPTIONAL,53,Ligue1,2020/2021,10730,3401,31.6962,0,0,380,380,100.0,-6.6607,,2020/2021,2025/2026,False,False,OK
fact_player_match_stats,headed_clearance,defensive_duel_passing,OPTIONAL,53,Ligue1,2021/2022,10753,3204,29.7963,0,0,380,380,100.0,-9.1874,-1.8999,2020/2021,2025/2026,False,False,OK
fact_player_match_stats,headed_clearance,defensive_duel_passing,OPTIONAL,53,Ligue1,2022/2023,10771,3365,31.2413,0,0,380,380,100.0,-5.6476,1.445,2020/2021,2025/2026,False,False,OK
fact_player_match_stats,headed_clearance,defensive_duel_passing,OPTIONAL,53,Ligue1,2023/2024,8774,2962,33.7588,0,0,306,306,100.0,-3.8779,2.5175,2020/2021,2025/2026,False,False,OK
fact_player_match_stats,headed_clearance,defensive_duel_passing,OPTIONAL,53,Ligue1,2024/2025,8795,3142,35.7248,0,0,306,306,100.0,-4.3326,1.966,2020/2021,2025/2026,False,False,OK
fact_player_match_stats,headed_clearance,defensive_duel_passing,OPTIONAL,53,Ligue1,2025/2026,8784,3339,38.0123,0,0,306,306,100.0,-6.9201,2.2875,2020/2021,2025/2026,False,False,OK
fact_player_match_stats,headed_clearance,defensive_duel_passing,OPTIONAL,54,Bundesliga,2020/2021,8652,2977,34.4082,0,0,306,306,100.0,-3.9487,,2020/2021,2025/2026,False,False,OK
fact_player_match_stats,headed_clearance,defensive_duel_passing,OPTIONAL,54,Bundesliga,2021/2022,8775,3033,34.5641,0,0,306,306,100.0,-4.4196,0.1559,2020/2021,2025/2026,False,False,OK
fact_player_match_stats,headed_clearance,defensive_duel_passing,OPTIONAL,54,Bundesliga,2022/2023,8865,3143,35.454,0,0,306,306,100.0,-1.4349,0.8899,2020/2021,2025/2026,False,False,OK
fact_player_match_stats,headed_clearance,defensive_duel_passing,OPTIONAL,54,Bundesliga,2023/2024,8912,3282,36.8268,0,0,306,306,100.0,-0.8099,1.3728,2020/2021,2025/2026,False,False,OK
fact_player_match_stats,headed_clearance,defensive_duel_passing,OPTIONAL,54,Bundesliga,2024/2025,8906,3686,41.3878,0,0,306,306,100.0,1.3304,4.561,2020/2021,2025/2026,False,False,OK
fact_player_match_stats,headed_clearance,defensive_duel_passing,OPTIONAL,54,Bundesliga,2025/2026,8935,3926,43.9396,0,0,306,306,100.0,-0.9928,2.5518,2020/2021,2025/2026,False,False,OK
fact_player_match_stats,headed_clearance,defensive_duel_passing,OPTIONAL,55,SerieA,2020/2021,10842,3731,34.4125,0,0,379,379,100.0,-3.9444,,2020/2021,2025/2026,False,False,OK
fact_player_match_stats,headed_clearance,defensive_duel_passing,OPTIONAL,55,SerieA,2021/2022,10945,3591,32.8095,0,0,380,380,100.0,-6.1742,-1.603,2020/2021,2025/2026,False,False,OK
fact_player_match_stats,headed_clearance,defensive_duel_passing,OPTIONAL,55,SerieA,2022/2023,11144,3712,33.3094,0,0,381,381,100.0,-3.5795,0.4999,2020/2021,2025/2026,False,False,OK
fact_player_match_stats,headed_clearance,defensive_duel_passing,OPTIONAL,55,SerieA,2023/2024,11137,3819,34.2911,0,0,380,380,100.0,-3.3456,0.9817,2020/2021,2025/2026,False,False,OK
fact_player_match_stats,headed_clearance,defensive_duel_passing,OPTIONAL,55,SerieA,2024/2025,11118,4165,37.4618,0,0,380,380,100.0,-2.5956,3.1707,2020/2021,2025/2026,False,False,OK
fact_player_match_stats,headed_clearance,defensive_duel_passing,OPTIONAL,55,SerieA,2025/2026,11157,4370,39.1682,0,0,380,380,100.0,-5.7642,1.7064,2020/2021,2025/2026,False,False,OK
fact_player_match_stats,headed_clearance,defensive_duel_passing,OPTIONAL,87,LaLiga,2020/2021,10842,3653,33.693,0,0,380,380,100.0,-4.6639,,2020/2021,2025/2026,False,False,OK
fact_player_match_stats,headed_clearance,defensive_duel_passing,OPTIONAL,87,LaLiga,2021/2022,11038,3822,34.6258,0,0,380,380,100.0,-4.3579,0.9328,2020/2021,2025/2026,False,False,OK
fact_player_match_stats,headed_clearance,defensive_duel_passing,OPTIONAL,87,LaLiga,2022/2023,11032,3785,34.3093,0,0,379,379,100.0,-2.5796,-0.3165,2020/2021,2025/2026,False,False,OK
fact_player_match_stats,headed_clearance,defensive_duel_passing,OPTIONAL,87,LaLiga,2023/2024,11083,3853,34.765,0,0,379,379,100.0,-2.8717,0.4557,2020/2021,2025/2026,False,False,OK
fact_player_match_stats,headed_clearance,defensive_duel_passing,OPTIONAL,87,LaLiga,2024/2025,11130,4131,37.1159,0,0,380,380,100.0,-2.9415,2.3509,2020/2021,2025/2026,False,False,OK
fact_player_match_stats,headed_clearance,defensive_duel_passing,OPTIONAL,87,LaLiga,2025/2026,11191,4408,39.3888,0,0,380,380,100.0,-5.5436,2.2729,2020/2021,2025/2026,False,False,OK
fact_player_match_stats,interceptions,defensive_duel_passing,REQUIRED,47,EPL,2020/2021,9628,9628,100.0,0,5097,380,380,100.0,,,2020/2021,2025/2026,False,False,OK
fact_player_match_stats,interceptions,defensive_duel_passing,REQUIRED,47,EPL,2021/2022,9722,9722,100.0,0,5317,380,380,100.0,,0.0,2020/2021,2025/2026,False,False,OK
fact_player_match_stats,interceptions,defensive_duel_passing,REQUIRED,47,EPL,2022/2023,10575,10575,100.0,0,6297,380,380,100.0,,0.0,2020/2021,2025/2026,False,False,OK
fact_player_match_stats,interceptions,defensive_duel_passing,REQUIRED,47,EPL,2023/2024,10604,10604,100.0,0,6500,380,380,100.0,,0.0,2020/2021,2025/2026,False,False,OK
fact_player_match_stats,interceptions,defensive_duel_passing,REQUIRED,47,EPL,2024/2025,10797,10797,100.0,0,6773,380,380,100.0,,0.0,2020/2021,2025/2026,False,False,OK
fact_player_match_stats,interceptions,defensive_duel_passing,REQUIRED,47,EPL,2025/2026,10725,10725,100.0,0,6608,380,380,100.0,,0.0,2020/2021,2025/2026,False,False,OK
fact_player_match_stats,interceptions,defensive_duel_passing,REQUIRED,53,Ligue1,2020/2021,10730,10730,100.0,0,5693,380,380,100.0,0.0,,2020/2021,2025/2026,False,False,OK
fact_player_match_stats,interceptions,defensive_duel_passing,REQUIRED,53,Ligue1,2021/2022,10753,10753,100.0,0,5988,380,380,100.0,0.0,0.0,2020/2021,2025/2026,False,False,OK
fact_player_match_stats,interceptions,defensive_duel_passing,REQUIRED,53,Ligue1,2022/2023,10771,10771,100.0,0,5995,380,380,100.0,0.0,0.0,2020/2021,2025/2026,False,False,OK
fact_player_match_stats,interceptions,defensive_duel_passing,REQUIRED,53,Ligue1,2023/2024,8774,8774,100.0,0,5160,306,306,100.0,0.0,0.0,2020/2021,2025/2026,False,False,OK
fact_player_match_stats,interceptions,defensive_duel_passing,REQUIRED,53,Ligue1,2024/2025,8795,8795,100.0,0,5263,306,306,100.0,0.0,0.0,2020/2021,2025/2026,False,False,OK
fact_player_match_stats,interceptions,defensive_duel_passing,REQUIRED,53,Ligue1,2025/2026,8784,8784,100.0,0,5282,306,306,100.0,0.0,0.0,2020/2021,2025/2026,False,False,OK
fact_player_match_stats,interceptions,defensive_duel_passing,REQUIRED,54,Bundesliga,2020/2021,8652,8652,100.0,0,4495,306,306,100.0,0.0,,2020/2021,2025/2026,False,False,OK
fact_player_match_stats,interceptions,defensive_duel_passing,REQUIRED,54,Bundesliga,2021/2022,8775,8775,100.0,0,4951,306,306,100.0,0.0,0.0,2020/2021,2025/2026,False,False,OK
fact_player_match_stats,interceptions,defensive_duel_passing,REQUIRED,54,Bundesliga,2022/2023,8865,8865,100.0,0,5376,306,306,100.0,0.0,0.0,2020/2021,2025/2026,False,False,OK
fact_player_match_stats,interceptions,defensive_duel_passing,REQUIRED,54,Bundesliga,2023/2024,8912,8912,100.0,0,5573,306,306,100.0,0.0,0.0,2020/2021,2025/2026,False,False,OK
fact_player_match_stats,interceptions,defensive_duel_passing,REQUIRED,54,Bundesliga,2024/2025,8906,8906,100.0,0,5560,306,306,100.0,0.0,0.0,2020/2021,2025/2026,False,False,OK
fact_player_match_stats,interceptions,defensive_duel_passing,REQUIRED,54,Bundesliga,2025/2026,8935,8935,100.0,0,5547,306,306,100.0,0.0,0.0,2020/2021,2025/2026,False,False,OK
fact_player_match_stats,interceptions,defensive_duel_passing,REQUIRED,55,SerieA,2020/2021,10842,10842,100.0,0,5975,379,379,100.0,0.0,,2020/2021,2025/2026,False,False,OK
fact_player_match_stats,interceptions,defensive_duel_passing,REQUIRED,55,SerieA,2021/2022,10945,10945,100.0,0,6512,380,380,100.0,0.0,0.0,2020/2021,2025/2026,False,False,OK
fact_player_match_stats,interceptions,defensive_duel_passing,REQUIRED,55,SerieA,2022/2023,11144,11144,100.0,0,7008,381,381,100.0,0.0,0.0,2020/2021,2025/2026,False,False,OK
fact_player_match_stats,interceptions,defensive_duel_passing,REQUIRED,55,SerieA,2023/2024,11137,11137,100.0,0,7374,380,380,100.0,0.0,0.0,2020/2021,2025/2026,False,False,OK
fact_player_match_stats,interceptions,defensive_duel_passing,REQUIRED,55,SerieA,2024/2025,11118,11118,100.0,0,7316,380,380,100.0,0.0,0.0,2020/2021,2025/2026,False,False,OK
fact_player_match_stats,interceptions,defensive_duel_passing,REQUIRED,55,SerieA,2025/2026,11157,11157,100.0,0,7265,380,380,100.0,0.0,0.0,2020/2021,2025/2026,False,False,OK
fact_player_match_stats,interceptions,defensive_duel_passing,REQUIRED,87,LaLiga,2020/2021,10842,10842,100.0,0,6097,380,380,100.0,0.0,,2020/2021,2025/2026,False,False,OK
fact_player_match_stats,interceptions,defensive_duel_passing,REQUIRED,87,LaLiga,2021/2022,11038,11038,100.0,0,6626,380,380,100.0,0.0,0.0,2020/2021,2025/2026,False,False,OK
fact_player_match_stats,interceptions,defensive_duel_passing,REQUIRED,87,LaLiga,2022/2023,11032,11032,100.0,0,7000,379,379,100.0,0.0,0.0,2020/2021,2025/2026,False,False,OK
fact_player_match_stats,interceptions,defensive_duel_passing,REQUIRED,87,LaLiga,2023/2024,11083,11083,100.0,0,7118,379,379,100.0,0.0,0.0,2020/2021,2025/2026,False,False,OK
fact_player_match_stats,interceptions,defensive_duel_passing,REQUIRED,87,LaLiga,2024/2025,11130,11130,100.0,0,7073,380,380,100.0,0.0,0.0,2020/2021,2025/2026,False,False,OK
fact_player_match_stats,interceptions,defensive_duel_passing,REQUIRED,87,LaLiga,2025/2026,11191,11191,100.0,0,7120,380,380,100.0,0.0,0.0,2020/2021,2025/2026,False,False,OK
fact_player_match_stats,is_captain,standard_match,REQUIRED,47,EPL,2020/2021,10393,10393,100.0,0,10393,380,380,100.0,,,2020/2021,2025/2026,False,True,OK
fact_player_match_stats,is_captain,standard_match,REQUIRED,47,EPL,2021/2022,10485,10485,100.0,0,10485,380,380,100.0,,0.0,2020/2021,2025/2026,False,True,OK
fact_player_match_stats,is_captain,standard_match,REQUIRED,47,EPL,2022/2023,11345,11345,100.0,0,11345,380,380,100.0,,0.0,2020/2021,2025/2026,False,True,OK
fact_player_match_stats,is_captain,standard_match,REQUIRED,47,EPL,2023/2024,11380,11380,100.0,0,11380,380,380,100.0,,0.0,2020/2021,2025/2026,False,True,OK
fact_player_match_stats,is_captain,standard_match,REQUIRED,47,EPL,2024/2025,11567,11567,100.0,0,11567,380,380,100.0,,0.0,2020/2021,2025/2026,False,True,OK
fact_player_match_stats,is_captain,standard_match,REQUIRED,47,EPL,2025/2026,11492,11492,100.0,0,11492,380,380,100.0,,0.0,2020/2021,2025/2026,False,True,OK
fact_player_match_stats,is_captain,standard_match,REQUIRED,53,Ligue1,2020/2021,11498,11498,100.0,0,11498,380,380,100.0,0.0,,2020/2021,2025/2026,False,True,OK
fact_player_match_stats,is_captain,standard_match,REQUIRED,53,Ligue1,2021/2022,11527,11527,100.0,0,11527,380,380,100.0,0.0,0.0,2020/2021,2025/2026,False,True,OK
fact_player_match_stats,is_captain,standard_match,REQUIRED,53,Ligue1,2022/2023,11541,11541,100.0,0,11541,380,380,100.0,0.0,0.0,2020/2021,2025/2026,False,True,OK
fact_player_match_stats,is_captain,standard_match,REQUIRED,53,Ligue1,2023/2024,9392,9392,100.0,0,9392,306,306,100.0,0.0,0.0,2020/2021,2025/2026,False,True,OK
fact_player_match_stats,is_captain,standard_match,REQUIRED,53,Ligue1,2024/2025,9413,9413,100.0,0,9413,306,306,100.0,0.0,0.0,2020/2021,2025/2026,False,True,OK
fact_player_match_stats,is_captain,standard_match,REQUIRED,53,Ligue1,2025/2026,9408,9408,100.0,0,9408,306,306,100.0,0.0,0.0,2020/2021,2025/2026,False,True,OK
fact_player_match_stats,is_captain,standard_match,REQUIRED,54,Bundesliga,2020/2021,9271,9271,100.0,0,9271,306,306,100.0,0.0,,2020/2021,2025/2026,False,True,OK
fact_player_match_stats,is_captain,standard_match,REQUIRED,54,Bundesliga,2021/2022,9391,9391,100.0,0,9391,306,306,100.0,0.0,0.0,2020/2021,2025/2026,False,True,OK
fact_player_match_stats,is_captain,standard_match,REQUIRED,54,Bundesliga,2022/2023,9480,9480,100.0,0,9480,306,306,100.0,0.0,0.0,2020/2021,2025/2026,False,True,OK
fact_player_match_stats,is_captain,standard_match,REQUIRED,54,Bundesliga,2023/2024,9526,9526,100.0,0,9526,306,306,100.0,0.0,0.0,2020/2021,2025/2026,False,True,OK
fact_player_match_stats,is_captain,standard_match,REQUIRED,54,Bundesliga,2024/2025,9528,9528,100.0,0,9528,306,306,100.0,0.0,0.0,2020/2021,2025/2026,False,True,OK
fact_player_match_stats,is_captain,standard_match,REQUIRED,54,Bundesliga,2025/2026,9555,9555,100.0,0,9555,306,306,100.0,0.0,0.0,2020/2021,2025/2026,False,True,OK
fact_player_match_stats,is_captain,standard_match,REQUIRED,55,SerieA,2020/2021,11612,11612,100.0,0,11612,379,379,100.0,0.0,,2020/2021,2025/2026,False,True,OK
fact_player_match_stats,is_captain,standard_match,REQUIRED,55,SerieA,2021/2022,11717,11717,100.0,0,11717,380,380,100.0,0.0,0.0,2020/2021,2025/2026,False,True,OK
fact_player_match_stats,is_captain,standard_match,REQUIRED,55,SerieA,2022/2023,11916,11916,100.0,0,11916,381,381,100.0,0.0,0.0,2020/2021,2025/2026,False,True,OK
fact_player_match_stats,is_captain,standard_match,REQUIRED,55,SerieA,2023/2024,11910,11910,100.0,0,11910,380,380,100.0,0.0,0.0,2020/2021,2025/2026,False,True,OK
fact_player_match_stats,is_captain,standard_match,REQUIRED,55,SerieA,2024/2025,11887,11887,100.0,0,11887,380,380,100.0,0.0,0.0,2020/2021,2025/2026,False,True,OK
fact_player_match_stats,is_captain,standard_match,REQUIRED,55,SerieA,2025/2026,11928,11928,100.0,0,11928,380,380,100.0,0.0,0.0,2020/2021,2025/2026,False,True,OK
fact_player_match_stats,is_captain,standard_match,REQUIRED,87,LaLiga,2020/2021,11607,11607,100.0,0,11607,380,380,100.0,0.0,,2020/2021,2025/2026,False,True,OK
fact_player_match_stats,is_captain,standard_match,REQUIRED,87,LaLiga,2021/2022,11806,11806,100.0,0,11806,380,380,100.0,0.0,0.0,2020/2021,2025/2026,False,True,OK
fact_player_match_stats,is_captain,standard_match,REQUIRED,87,LaLiga,2022/2023,11801,11801,100.0,0,11801,379,379,100.0,0.0,0.0,2020/2021,2025/2026,False,True,OK
fact_player_match_stats,is_captain,standard_match,REQUIRED,87,LaLiga,2023/2024,11854,11854,100.0,0,11854,379,379,100.0,0.0,0.0,2020/2021,2025/2026,False,True,OK
fact_player_match_stats,is_captain,standard_match,REQUIRED,87,LaLiga,2024/2025,11900,11900,100.0,0,11900,380,380,100.0,0.0,0.0,2020/2021,2025/2026,False,True,OK
fact_player_match_stats,is_captain,standard_match,REQUIRED,87,LaLiga,2025/2026,11953,11953,100.0,0,11953,380,380,100.0,0.0,0.0,2020/2021,2025/2026,False,True,OK
fact_player_match_stats,keeper_diving_save,goalkeeper_advanced,REQUIRED,47,EPL,2020/2021,765,765,100.0,0,223,380,380,100.0,,,2020/2021,2025/2026,False,False,OK
fact_player_match_stats,keeper_diving_save,goalkeeper_advanced,REQUIRED,47,EPL,2021/2022,763,763,100.0,0,216,380,380,100.0,,0.0,2020/2021,2025/2026,False,False,OK
fact_player_match_stats,keeper_diving_save,goalkeeper_advanced,REQUIRED,47,EPL,2022/2023,770,770,100.0,0,226,380,380,100.0,,0.0,2020/2021,2025/2026,False,False,OK
fact_player_match_stats,keeper_diving_save,goalkeeper_advanced,REQUIRED,47,EPL,2023/2024,776,776,100.0,0,207,380,380,100.0,,0.0,2020/2021,2025/2026,False,False,OK
fact_player_match_stats,keeper_diving_save,goalkeeper_advanced,REQUIRED,47,EPL,2024/2025,770,770,100.0,0,201,380,380,100.0,,0.0,2020/2021,2025/2026,False,False,OK
fact_player_match_stats,keeper_diving_save,goalkeeper_advanced,REQUIRED,47,EPL,2025/2026,767,767,100.0,0,198,380,380,100.0,,0.0,2020/2021,2025/2026,False,False,OK
fact_player_match_stats,keeper_diving_save,goalkeeper_advanced,REQUIRED,53,Ligue1,2020/2021,768,768,100.0,0,221,380,380,100.0,0.0,,2020/2021,2025/2026,False,False,OK
fact_player_match_stats,keeper_diving_save,goalkeeper_advanced,REQUIRED,53,Ligue1,2021/2022,774,774,100.0,0,240,380,380,100.0,0.0,0.0,2020/2021,2025/2026,False,False,OK
fact_player_match_stats,keeper_diving_save,goalkeeper_advanced,REQUIRED,53,Ligue1,2022/2023,770,770,100.0,0,226,380,380,100.0,0.0,0.0,2020/2021,2025/2026,False,False,OK
fact_player_match_stats,keeper_diving_save,goalkeeper_advanced,REQUIRED,53,Ligue1,2023/2024,618,618,100.0,0,165,306,306,100.0,0.0,0.0,2020/2021,2025/2026,False,False,OK
fact_player_match_stats,keeper_diving_save,goalkeeper_advanced,REQUIRED,53,Ligue1,2024/2025,618,618,100.0,0,156,306,306,100.0,0.0,0.0,2020/2021,2025/2026,False,False,OK
fact_player_match_stats,keeper_diving_save,goalkeeper_advanced,REQUIRED,53,Ligue1,2025/2026,624,624,100.0,0,173,306,306,100.0,0.0,0.0,2020/2021,2025/2026,False,False,OK
fact_player_match_stats,keeper_diving_save,goalkeeper_advanced,REQUIRED,54,Bundesliga,2020/2021,619,619,100.0,0,191,306,306,100.0,0.0,,2020/2021,2025/2026,False,False,OK
fact_player_match_stats,keeper_diving_save,goalkeeper_advanced,REQUIRED,54,Bundesliga,2021/2022,616,616,100.0,0,195,306,306,100.0,0.0,0.0,2020/2021,2025/2026,False,False,OK
fact_player_match_stats,keeper_diving_save,goalkeeper_advanced,REQUIRED,54,Bundesliga,2022/2023,615,615,100.0,0,185,306,306,100.0,0.0,0.0,2020/2021,2025/2026,False,False,OK
fact_player_match_stats,keeper_diving_save,goalkeeper_advanced,REQUIRED,54,Bundesliga,2023/2024,614,614,100.0,0,173,306,306,100.0,0.0,0.0,2020/2021,2025/2026,False,False,OK
fact_player_match_stats,keeper_diving_save,goalkeeper_advanced,REQUIRED,54,Bundesliga,2024/2025,622,622,100.0,0,197,306,306,100.0,0.0,0.0,2020/2021,2025/2026,False,False,OK
fact_player_match_stats,keeper_diving_save,goalkeeper_advanced,REQUIRED,54,Bundesliga,2025/2026,620,620,100.0,0,169,306,306,100.0,0.0,0.0,2020/2021,2025/2026,False,False,OK
fact_player_match_stats,keeper_diving_save,goalkeeper_advanced,REQUIRED,55,SerieA,2020/2021,770,770,100.0,0,202,379,379,100.0,0.0,,2020/2021,2025/2026,False,False,OK
fact_player_match_stats,keeper_diving_save,goalkeeper_advanced,REQUIRED,55,SerieA,2021/2022,772,772,100.0,0,193,380,380,100.0,0.0,0.0,2020/2021,2025/2026,False,False,OK
fact_player_match_stats,keeper_diving_save,goalkeeper_advanced,REQUIRED,55,SerieA,2022/2023,772,772,100.0,0,192,381,381,100.0,0.0,0.0,2020/2021,2025/2026,False,False,OK
fact_player_match_stats,keeper_diving_save,goalkeeper_advanced,REQUIRED,55,SerieA,2023/2024,773,773,100.0,0,211,380,380,100.0,0.0,0.0,2020/2021,2025/2026,False,False,OK
fact_player_match_stats,keeper_diving_save,goalkeeper_advanced,REQUIRED,55,SerieA,2024/2025,769,769,100.0,0,201,380,380,100.0,0.0,0.0,2020/2021,2025/2026,False,False,OK
fact_player_match_stats,keeper_diving_save,goalkeeper_advanced,REQUIRED,55,SerieA,2025/2026,771,771,100.0,0,219,380,380,100.0,0.0,0.0,2020/2021,2025/2026,False,False,OK
fact_player_match_stats,keeper_diving_save,goalkeeper_advanced,REQUIRED,87,LaLiga,2020/2021,765,765,100.0,0,256,380,380,100.0,0.0,,2020/2021,2025/2026,False,False,OK
fact_player_match_stats,keeper_diving_save,goalkeeper_advanced,REQUIRED,87,LaLiga,2021/2022,768,768,100.0,0,260,380,380,100.0,0.0,0.0,2020/2021,2025/2026,False,False,OK
fact_player_match_stats,keeper_diving_save,goalkeeper_advanced,REQUIRED,87,LaLiga,2022/2023,769,769,100.0,0,220,379,379,100.0,0.0,0.0,2020/2021,2025/2026,False,False,OK
fact_player_match_stats,keeper_diving_save,goalkeeper_advanced,REQUIRED,87,LaLiga,2023/2024,771,771,100.0,0,230,379,379,100.0,0.0,0.0,2020/2021,2025/2026,False,False,OK
fact_player_match_stats,keeper_diving_save,goalkeeper_advanced,REQUIRED,87,LaLiga,2024/2025,770,770,100.0,0,240,380,380,100.0,0.0,0.0,2020/2021,2025/2026,False,False,OK
fact_player_match_stats,keeper_diving_save,goalkeeper_advanced,REQUIRED,87,LaLiga,2025/2026,762,762,100.0,0,209,380,380,100.0,0.0,0.0,2020/2021,2025/2026,False,False,OK
fact_player_match_stats,keeper_high_claim,goalkeeper_advanced,REQUIRED,47,EPL,2020/2021,765,765,100.0,0,446,380,380,100.0,,,2020/2021,2025/2026,False,False,OK
fact_player_match_stats,keeper_high_claim,goalkeeper_advanced,REQUIRED,47,EPL,2021/2022,763,763,100.0,0,406,380,380,100.0,,0.0,2020/2021,2025/2026,False,False,OK
fact_player_match_stats,keeper_high_claim,goalkeeper_advanced,REQUIRED,47,EPL,2022/2023,770,770,100.0,0,395,380,380,100.0,,0.0,2020/2021,2025/2026,False,False,OK
fact_player_match_stats,keeper_high_claim,goalkeeper_advanced,REQUIRED,47,EPL,2023/2024,776,776,100.0,0,390,380,380,100.0,,0.0,2020/2021,2025/2026,False,False,OK
fact_player_match_stats,keeper_high_claim,goalkeeper_advanced,REQUIRED,47,EPL,2024/2025,770,770,100.0,0,343,380,380,100.0,,0.0,2020/2021,2025/2026,False,False,OK
fact_player_match_stats,keeper_high_claim,goalkeeper_advanced,REQUIRED,47,EPL,2025/2026,767,767,100.0,0,376,380,380,100.0,,0.0,2020/2021,2025/2026,False,False,OK
fact_player_match_stats,keeper_high_claim,goalkeeper_advanced,REQUIRED,53,Ligue1,2020/2021,768,768,100.0,0,528,380,380,100.0,0.0,,2020/2021,2025/2026,False,False,OK
fact_player_match_stats,keeper_high_claim,goalkeeper_advanced,REQUIRED,53,Ligue1,2021/2022,774,774,100.0,0,436,380,380,100.0,0.0,0.0,2020/2021,2025/2026,False,False,OK
fact_player_match_stats,keeper_high_claim,goalkeeper_advanced,REQUIRED,53,Ligue1,2022/2023,770,770,100.0,0,379,380,380,100.0,0.0,0.0,2020/2021,2025/2026,False,False,OK
fact_player_match_stats,keeper_high_claim,goalkeeper_advanced,REQUIRED,53,Ligue1,2023/2024,618,618,100.0,0,298,306,306,100.0,0.0,0.0,2020/2021,2025/2026,False,False,OK
fact_player_match_stats,keeper_high_claim,goalkeeper_advanced,REQUIRED,53,Ligue1,2024/2025,618,618,100.0,0,296,306,306,100.0,0.0,0.0,2020/2021,2025/2026,False,False,OK
fact_player_match_stats,keeper_high_claim,goalkeeper_advanced,REQUIRED,53,Ligue1,2025/2026,624,624,100.0,0,333,306,306,100.0,0.0,0.0,2020/2021,2025/2026,False,False,OK
fact_player_match_stats,keeper_high_claim,goalkeeper_advanced,REQUIRED,54,Bundesliga,2020/2021,619,619,100.0,0,414,306,306,100.0,0.0,,2020/2021,2025/2026,False,False,OK
fact_player_match_stats,keeper_high_claim,goalkeeper_advanced,REQUIRED,54,Bundesliga,2021/2022,616,616,100.0,0,351,306,306,100.0,0.0,0.0,2020/2021,2025/2026,False,False,OK
fact_player_match_stats,keeper_high_claim,goalkeeper_advanced,REQUIRED,54,Bundesliga,2022/2023,615,615,100.0,0,297,306,306,100.0,0.0,0.0,2020/2021,2025/2026,False,False,OK
fact_player_match_stats,keeper_high_claim,goalkeeper_advanced,REQUIRED,54,Bundesliga,2023/2024,614,614,100.0,0,311,306,306,100.0,0.0,0.0,2020/2021,2025/2026,False,False,OK
fact_player_match_stats,keeper_high_claim,goalkeeper_advanced,REQUIRED,54,Bundesliga,2024/2025,622,622,100.0,0,324,306,306,100.0,0.0,0.0,2020/2021,2025/2026,False,False,OK
fact_player_match_stats,keeper_high_claim,goalkeeper_advanced,REQUIRED,54,Bundesliga,2025/2026,620,620,100.0,0,322,306,306,100.0,0.0,0.0,2020/2021,2025/2026,False,False,OK
fact_player_match_stats,keeper_high_claim,goalkeeper_advanced,REQUIRED,55,SerieA,2020/2021,770,770,100.0,0,530,379,379,100.0,0.0,,2020/2021,2025/2026,False,False,OK
fact_player_match_stats,keeper_high_claim,goalkeeper_advanced,REQUIRED,55,SerieA,2021/2022,772,772,100.0,0,476,380,380,100.0,0.0,0.0,2020/2021,2025/2026,False,False,OK
fact_player_match_stats,keeper_high_claim,goalkeeper_advanced,REQUIRED,55,SerieA,2022/2023,772,772,100.0,0,457,381,381,100.0,0.0,0.0,2020/2021,2025/2026,False,False,OK
fact_player_match_stats,keeper_high_claim,goalkeeper_advanced,REQUIRED,55,SerieA,2023/2024,773,773,100.0,0,451,380,380,100.0,0.0,0.0,2020/2021,2025/2026,False,False,OK
fact_player_match_stats,keeper_high_claim,goalkeeper_advanced,REQUIRED,55,SerieA,2024/2025,769,769,100.0,0,395,380,380,100.0,0.0,0.0,2020/2021,2025/2026,False,False,OK
fact_player_match_stats,keeper_high_claim,goalkeeper_advanced,REQUIRED,55,SerieA,2025/2026,771,771,100.0,0,392,380,380,100.0,0.0,0.0,2020/2021,2025/2026,False,False,OK
fact_player_match_stats,keeper_high_claim,goalkeeper_advanced,REQUIRED,87,LaLiga,2020/2021,765,765,100.0,0,525,380,380,100.0,0.0,,2020/2021,2025/2026,False,False,OK
fact_player_match_stats,keeper_high_claim,goalkeeper_advanced,REQUIRED,87,LaLiga,2021/2022,768,768,100.0,0,440,380,380,100.0,0.0,0.0,2020/2021,2025/2026,False,False,OK
fact_player_match_stats,keeper_high_claim,goalkeeper_advanced,REQUIRED,87,LaLiga,2022/2023,769,769,100.0,0,413,379,379,100.0,0.0,0.0,2020/2021,2025/2026,False,False,OK
fact_player_match_stats,keeper_high_claim,goalkeeper_advanced,REQUIRED,87,LaLiga,2023/2024,771,771,100.0,0,392,379,379,100.0,0.0,0.0,2020/2021,2025/2026,False,False,OK
fact_player_match_stats,keeper_high_claim,goalkeeper_advanced,REQUIRED,87,LaLiga,2024/2025,770,770,100.0,0,389,380,380,100.0,0.0,0.0,2020/2021,2025/2026,False,False,OK
fact_player_match_stats,keeper_high_claim,goalkeeper_advanced,REQUIRED,87,LaLiga,2025/2026,762,762,100.0,0,404,380,380,100.0,0.0,0.0,2020/2021,2025/2026,False,False,OK
fact_player_match_stats,keeper_sweeper,goalkeeper_advanced,REQUIRED,47,EPL,2020/2021,765,765,100.0,0,581,380,380,100.0,,,2020/2021,2025/2026,False,False,OK
fact_player_match_stats,keeper_sweeper,goalkeeper_advanced,REQUIRED,47,EPL,2021/2022,763,763,100.0,0,502,380,380,100.0,,0.0,2020/2021,2025/2026,False,False,OK
fact_player_match_stats,keeper_sweeper,goalkeeper_advanced,REQUIRED,47,EPL,2022/2023,770,770,100.0,0,480,380,380,100.0,,0.0,2020/2021,2025/2026,False,False,OK
fact_player_match_stats,keeper_sweeper,goalkeeper_advanced,REQUIRED,47,EPL,2023/2024,776,776,100.0,0,482,380,380,100.0,,0.0,2020/2021,2025/2026,False,False,OK
fact_player_match_stats,keeper_sweeper,goalkeeper_advanced,REQUIRED,47,EPL,2024/2025,770,770,100.0,0,457,380,380,100.0,,0.0,2020/2021,2025/2026,False,False,OK
fact_player_match_stats,keeper_sweeper,goalkeeper_advanced,REQUIRED,47,EPL,2025/2026,767,767,100.0,0,449,380,380,100.0,,0.0,2020/2021,2025/2026,False,False,OK
fact_player_match_stats,keeper_sweeper,goalkeeper_advanced,REQUIRED,53,Ligue1,2020/2021,768,768,100.0,0,609,380,380,100.0,0.0,,2020/2021,2025/2026,False,False,OK
fact_player_match_stats,keeper_sweeper,goalkeeper_advanced,REQUIRED,53,Ligue1,2021/2022,774,774,100.0,0,532,380,380,100.0,0.0,0.0,2020/2021,2025/2026,False,False,OK
fact_player_match_stats,keeper_sweeper,goalkeeper_advanced,REQUIRED,53,Ligue1,2022/2023,770,770,100.0,0,607,380,380,100.0,0.0,0.0,2020/2021,2025/2026,False,False,OK
fact_player_match_stats,keeper_sweeper,goalkeeper_advanced,REQUIRED,53,Ligue1,2023/2024,618,618,100.0,0,452,306,306,100.0,0.0,0.0,2020/2021,2025/2026,False,False,OK
fact_player_match_stats,keeper_sweeper,goalkeeper_advanced,REQUIRED,53,Ligue1,2024/2025,618,618,100.0,0,420,306,306,100.0,0.0,0.0,2020/2021,2025/2026,False,False,OK
fact_player_match_stats,keeper_sweeper,goalkeeper_advanced,REQUIRED,53,Ligue1,2025/2026,624,624,100.0,0,420,306,306,100.0,0.0,0.0,2020/2021,2025/2026,False,False,OK
fact_player_match_stats,keeper_sweeper,goalkeeper_advanced,REQUIRED,54,Bundesliga,2020/2021,619,619,100.0,0,477,306,306,100.0,0.0,,2020/2021,2025/2026,False,False,OK
fact_player_match_stats,keeper_sweeper,goalkeeper_advanced,REQUIRED,54,Bundesliga,2021/2022,616,616,100.0,0,422,306,306,100.0,0.0,0.0,2020/2021,2025/2026,False,False,OK
fact_player_match_stats,keeper_sweeper,goalkeeper_advanced,REQUIRED,54,Bundesliga,2022/2023,615,615,100.0,0,421,306,306,100.0,0.0,0.0,2020/2021,2025/2026,False,False,OK
fact_player_match_stats,keeper_sweeper,goalkeeper_advanced,REQUIRED,54,Bundesliga,2023/2024,614,614,100.0,0,405,306,306,100.0,0.0,0.0,2020/2021,2025/2026,False,False,OK
fact_player_match_stats,keeper_sweeper,goalkeeper_advanced,REQUIRED,54,Bundesliga,2024/2025,622,622,100.0,0,409,306,306,100.0,0.0,0.0,2020/2021,2025/2026,False,False,OK
fact_player_match_stats,keeper_sweeper,goalkeeper_advanced,REQUIRED,54,Bundesliga,2025/2026,620,620,100.0,0,367,306,306,100.0,0.0,0.0,2020/2021,2025/2026,False,False,OK
fact_player_match_stats,keeper_sweeper,goalkeeper_advanced,REQUIRED,55,SerieA,2020/2021,770,770,100.0,0,634,379,379,100.0,0.0,,2020/2021,2025/2026,False,False,OK
fact_player_match_stats,keeper_sweeper,goalkeeper_advanced,REQUIRED,55,SerieA,2021/2022,772,772,100.0,0,600,380,380,100.0,0.0,0.0,2020/2021,2025/2026,False,False,OK
fact_player_match_stats,keeper_sweeper,goalkeeper_advanced,REQUIRED,55,SerieA,2022/2023,772,772,100.0,0,570,381,381,100.0,0.0,0.0,2020/2021,2025/2026,False,False,OK
fact_player_match_stats,keeper_sweeper,goalkeeper_advanced,REQUIRED,55,SerieA,2023/2024,773,773,100.0,0,608,380,380,100.0,0.0,0.0,2020/2021,2025/2026,False,False,OK
fact_player_match_stats,keeper_sweeper,goalkeeper_advanced,REQUIRED,55,SerieA,2024/2025,769,769,100.0,0,515,380,380,100.0,0.0,0.0,2020/2021,2025/2026,False,False,OK
fact_player_match_stats,keeper_sweeper,goalkeeper_advanced,REQUIRED,55,SerieA,2025/2026,771,771,100.0,0,496,380,380,100.0,0.0,0.0,2020/2021,2025/2026,False,False,OK
fact_player_match_stats,keeper_sweeper,goalkeeper_advanced,REQUIRED,87,LaLiga,2020/2021,765,765,100.0,0,537,380,380,100.0,0.0,,2020/2021,2025/2026,False,False,OK
fact_player_match_stats,keeper_sweeper,goalkeeper_advanced,REQUIRED,87,LaLiga,2021/2022,768,768,100.0,0,513,380,380,100.0,0.0,0.0,2020/2021,2025/2026,False,False,OK
fact_player_match_stats,keeper_sweeper,goalkeeper_advanced,REQUIRED,87,LaLiga,2022/2023,769,769,100.0,0,541,379,379,100.0,0.0,0.0,2020/2021,2025/2026,False,False,OK
fact_player_match_stats,keeper_sweeper,goalkeeper_advanced,REQUIRED,87,LaLiga,2023/2024,771,771,100.0,0,521,379,379,100.0,0.0,0.0,2020/2021,2025/2026,False,False,OK
fact_player_match_stats,keeper_sweeper,goalkeeper_advanced,REQUIRED,87,LaLiga,2024/2025,770,770,100.0,0,458,380,380,100.0,0.0,0.0,2020/2021,2025/2026,False,False,OK
fact_player_match_stats,keeper_sweeper,goalkeeper_advanced,REQUIRED,87,LaLiga,2025/2026,762,762,100.0,0,381,380,380,100.0,0.0,0.0,2020/2021,2025/2026,False,False,OK
fact_player_match_stats,long_balls_accurate,defensive_duel_passing,REQUIRED,47,EPL,2020/2021,9628,7191,74.6884,0,1459,380,380,100.0,,,2020/2021,2025/2026,False,False,OK
fact_player_match_stats,long_balls_accurate,defensive_duel_passing,REQUIRED,47,EPL,2021/2022,9722,7185,73.9045,0,1587,380,380,100.0,,-0.7839,2020/2021,2025/2026,False,False,OK
fact_player_match_stats,long_balls_accurate,defensive_duel_passing,REQUIRED,47,EPL,2022/2023,10575,7382,69.8061,0,1701,380,380,100.0,,-4.0984,2020/2021,2025/2026,False,False,OK
fact_player_match_stats,long_balls_accurate,defensive_duel_passing,REQUIRED,47,EPL,2023/2024,10604,7289,68.7382,0,1736,380,380,100.0,,-1.0679,2020/2021,2025/2026,False,False,OK
fact_player_match_stats,long_balls_accurate,defensive_duel_passing,REQUIRED,47,EPL,2024/2025,10797,7229,66.9538,0,1783,380,380,100.0,,-1.7844,2020/2021,2025/2026,False,False,OK
fact_player_match_stats,long_balls_accurate,defensive_duel_passing,REQUIRED,47,EPL,2025/2026,10725,7202,67.1515,0,1796,380,380,100.0,,0.1977,2020/2021,2025/2026,False,False,OK
fact_player_match_stats,long_balls_accurate,defensive_duel_passing,REQUIRED,53,Ligue1,2020/2021,10730,7745,72.1808,0,1420,380,380,100.0,-2.5076,,2020/2021,2025/2026,False,False,OK
fact_player_match_stats,long_balls_accurate,defensive_duel_passing,REQUIRED,53,Ligue1,2021/2022,10753,7551,70.2223,0,1337,380,380,100.0,-3.6822,-1.9585,2020/2021,2025/2026,False,False,OK
fact_player_match_stats,long_balls_accurate,defensive_duel_passing,REQUIRED,53,Ligue1,2022/2023,10771,7516,69.78,0,1435,380,380,100.0,-0.0261,-0.4423,2020/2021,2025/2026,False,False,OK
fact_player_match_stats,long_balls_accurate,defensive_duel_passing,REQUIRED,53,Ligue1,2023/2024,8774,6059,69.0563,0,1233,306,306,100.0,0.3181,-0.7237,2020/2021,2025/2026,False,False,OK
fact_player_match_stats,long_balls_accurate,defensive_duel_passing,REQUIRED,53,Ligue1,2024/2025,8795,5863,66.6629,0,1329,306,306,100.0,-0.2909,-2.3934,2020/2021,2025/2026,False,False,OK
fact_player_match_stats,long_balls_accurate,defensive_duel_passing,REQUIRED,53,Ligue1,2025/2026,8784,5870,66.826,0,1296,306,306,100.0,-0.3255,0.1631,2020/2021,2025/2026,False,False,OK
fact_player_match_stats,long_balls_accurate,defensive_duel_passing,REQUIRED,54,Bundesliga,2020/2021,8652,6295,72.7577,0,1254,306,306,100.0,-1.9307,,2020/2021,2025/2026,False,False,OK
fact_player_match_stats,long_balls_accurate,defensive_duel_passing,REQUIRED,54,Bundesliga,2021/2022,8775,6286,71.6353,0,1448,306,306,100.0,-2.2692,-1.1224,2020/2021,2025/2026,False,False,OK
fact_player_match_stats,long_balls_accurate,defensive_duel_passing,REQUIRED,54,Bundesliga,2022/2023,8865,6200,69.938,0,1424,306,306,100.0,0.1319,-1.6973,2020/2021,2025/2026,False,False,OK
fact_player_match_stats,long_balls_accurate,defensive_duel_passing,REQUIRED,54,Bundesliga,2023/2024,8912,6252,70.1526,0,1468,306,306,100.0,1.4144,0.2146,2020/2021,2025/2026,False,False,OK
fact_player_match_stats,long_balls_accurate,defensive_duel_passing,REQUIRED,54,Bundesliga,2024/2025,8906,6103,68.5268,0,1450,306,306,100.0,1.573,-1.6258,2020/2021,2025/2026,False,False,OK
fact_player_match_stats,long_balls_accurate,defensive_duel_passing,REQUIRED,54,Bundesliga,2025/2026,8935,6073,67.9687,0,1531,306,306,100.0,0.8172,-0.5581,2020/2021,2025/2026,False,False,OK
fact_player_match_stats,long_balls_accurate,defensive_duel_passing,REQUIRED,55,SerieA,2020/2021,10842,7910,72.957,0,1425,379,379,100.0,-1.7314,,2020/2021,2025/2026,False,False,OK
fact_player_match_stats,long_balls_accurate,defensive_duel_passing,REQUIRED,55,SerieA,2021/2022,10945,7925,72.4075,0,1589,380,380,100.0,-1.497,-0.5495,2020/2021,2025/2026,False,False,OK
fact_player_match_stats,long_balls_accurate,defensive_duel_passing,REQUIRED,55,SerieA,2022/2023,11144,7989,71.6888,0,1688,381,381,100.0,1.8827,-0.7187,2020/2021,2025/2026,False,False,OK
fact_player_match_stats,long_balls_accurate,defensive_duel_passing,REQUIRED,55,SerieA,2023/2024,11137,7850,70.4858,0,1736,380,380,100.0,1.7476,-1.203,2020/2021,2025/2026,False,False,OK
fact_player_match_stats,long_balls_accurate,defensive_duel_passing,REQUIRED,55,SerieA,2024/2025,11118,7626,68.5915,0,1825,380,380,100.0,1.6377,-1.8943,2020/2021,2025/2026,False,False,OK
fact_player_match_stats,long_balls_accurate,defensive_duel_passing,REQUIRED,55,SerieA,2025/2026,11157,7616,68.2621,0,1859,380,380,100.0,1.1106,-0.3294,2020/2021,2025/2026,False,False,OK
fact_player_match_stats,long_balls_accurate,defensive_duel_passing,REQUIRED,87,LaLiga,2020/2021,10842,7920,73.0493,0,1505,380,380,100.0,-1.6391,,2020/2021,2025/2026,False,False,OK
fact_player_match_stats,long_balls_accurate,defensive_duel_passing,REQUIRED,87,LaLiga,2021/2022,11038,8080,73.2017,0,1638,380,380,100.0,-0.7028,0.1524,2020/2021,2025/2026,False,False,OK
fact_player_match_stats,long_balls_accurate,defensive_duel_passing,REQUIRED,87,LaLiga,2022/2023,11032,7839,71.0569,0,1627,379,379,100.0,1.2508,-2.1448,2020/2021,2025/2026,False,False,OK
fact_player_match_stats,long_balls_accurate,defensive_duel_passing,REQUIRED,87,LaLiga,2023/2024,11083,7722,69.6743,0,1711,379,379,100.0,0.9361,-1.3826,2020/2021,2025/2026,False,False,OK
fact_player_match_stats,long_balls_accurate,defensive_duel_passing,REQUIRED,87,LaLiga,2024/2025,11130,7813,70.1977,0,1857,380,380,100.0,3.2439,0.5234,2020/2021,2025/2026,False,False,OK
fact_player_match_stats,long_balls_accurate,defensive_duel_passing,REQUIRED,87,LaLiga,2025/2026,11191,7737,69.1359,0,1760,380,380,100.0,1.9844,-1.0618,2020/2021,2025/2026,False,False,OK
fact_player_match_stats,matchstats.headers.tackles,defensive_duel_passing,REQUIRED,47,EPL,2020/2021,9628,9628,100.0,0,3828,380,380,100.0,,,2020/2021,2025/2026,False,False,OK
fact_player_match_stats,matchstats.headers.tackles,defensive_duel_passing,REQUIRED,47,EPL,2021/2022,9722,9722,100.0,0,3800,380,380,100.0,,0.0,2020/2021,2025/2026,False,False,OK
fact_player_match_stats,matchstats.headers.tackles,defensive_duel_passing,REQUIRED,47,EPL,2022/2023,10575,10575,100.0,0,4216,380,380,100.0,,0.0,2020/2021,2025/2026,False,False,OK
fact_player_match_stats,matchstats.headers.tackles,defensive_duel_passing,REQUIRED,47,EPL,2023/2024,10604,10604,100.0,0,4101,380,380,100.0,,0.0,2020/2021,2025/2026,False,False,OK
fact_player_match_stats,matchstats.headers.tackles,defensive_duel_passing,REQUIRED,47,EPL,2024/2025,10797,10797,100.0,0,4330,380,380,100.0,,0.0,2020/2021,2025/2026,False,False,OK
fact_player_match_stats,matchstats.headers.tackles,defensive_duel_passing,REQUIRED,47,EPL,2025/2026,10725,10725,100.0,0,4430,380,380,100.0,,0.0,2020/2021,2025/2026,False,False,OK
fact_player_match_stats,matchstats.headers.tackles,defensive_duel_passing,REQUIRED,53,Ligue1,2020/2021,10730,10730,100.0,0,4527,380,380,100.0,0.0,,2020/2021,2025/2026,False,False,OK
fact_player_match_stats,matchstats.headers.tackles,defensive_duel_passing,REQUIRED,53,Ligue1,2021/2022,10753,10753,100.0,0,4457,380,380,100.0,0.0,0.0,2020/2021,2025/2026,False,False,OK
fact_player_match_stats,matchstats.headers.tackles,defensive_duel_passing,REQUIRED,53,Ligue1,2022/2023,10771,10771,100.0,0,4221,380,380,100.0,0.0,0.0,2020/2021,2025/2026,False,False,OK
fact_player_match_stats,matchstats.headers.tackles,defensive_duel_passing,REQUIRED,53,Ligue1,2023/2024,8774,8774,100.0,0,3566,306,306,100.0,0.0,0.0,2020/2021,2025/2026,False,False,OK
fact_player_match_stats,matchstats.headers.tackles,defensive_duel_passing,REQUIRED,53,Ligue1,2024/2025,8795,8795,100.0,0,3422,306,306,100.0,0.0,0.0,2020/2021,2025/2026,False,False,OK
fact_player_match_stats,matchstats.headers.tackles,defensive_duel_passing,REQUIRED,53,Ligue1,2025/2026,8784,8784,100.0,0,3667,306,306,100.0,0.0,0.0,2020/2021,2025/2026,False,False,OK
fact_player_match_stats,matchstats.headers.tackles,defensive_duel_passing,REQUIRED,54,Bundesliga,2020/2021,8652,8652,100.0,0,3757,306,306,100.0,0.0,,2020/2021,2025/2026,False,False,OK
fact_player_match_stats,matchstats.headers.tackles,defensive_duel_passing,REQUIRED,54,Bundesliga,2021/2022,8775,8775,100.0,0,3717,306,306,100.0,0.0,0.0,2020/2021,2025/2026,False,False,OK
fact_player_match_stats,matchstats.headers.tackles,defensive_duel_passing,REQUIRED,54,Bundesliga,2022/2023,8865,8865,100.0,0,3778,306,306,100.0,0.0,0.0,2020/2021,2025/2026,False,False,OK
fact_player_match_stats,matchstats.headers.tackles,defensive_duel_passing,REQUIRED,54,Bundesliga,2023/2024,8912,8912,100.0,0,3872,306,306,100.0,0.0,0.0,2020/2021,2025/2026,False,False,OK
fact_player_match_stats,matchstats.headers.tackles,defensive_duel_passing,REQUIRED,54,Bundesliga,2024/2025,8906,8906,100.0,0,3962,306,306,100.0,0.0,0.0,2020/2021,2025/2026,False,False,OK
fact_player_match_stats,matchstats.headers.tackles,defensive_duel_passing,REQUIRED,54,Bundesliga,2025/2026,8935,8935,100.0,0,3931,306,306,100.0,0.0,0.0,2020/2021,2025/2026,False,False,OK
fact_player_match_stats,matchstats.headers.tackles,defensive_duel_passing,REQUIRED,55,SerieA,2020/2021,10842,10842,100.0,0,4939,379,379,100.0,0.0,,2020/2021,2025/2026,False,False,OK
fact_player_match_stats,matchstats.headers.tackles,defensive_duel_passing,REQUIRED,55,SerieA,2021/2022,10945,10945,100.0,0,4792,380,380,100.0,0.0,0.0,2020/2021,2025/2026,False,False,OK
fact_player_match_stats,matchstats.headers.tackles,defensive_duel_passing,REQUIRED,55,SerieA,2022/2023,11144,11144,100.0,0,4857,381,381,100.0,0.0,0.0,2020/2021,2025/2026,False,False,OK
fact_player_match_stats,matchstats.headers.tackles,defensive_duel_passing,REQUIRED,55,SerieA,2023/2024,11137,11137,100.0,0,5031,380,380,100.0,0.0,0.0,2020/2021,2025/2026,False,False,OK
fact_player_match_stats,matchstats.headers.tackles,defensive_duel_passing,REQUIRED,55,SerieA,2024/2025,11118,11118,100.0,0,4924,380,380,100.0,0.0,0.0,2020/2021,2025/2026,False,False,OK
fact_player_match_stats,matchstats.headers.tackles,defensive_duel_passing,REQUIRED,55,SerieA,2025/2026,11157,11157,100.0,0,5024,380,380,100.0,0.0,0.0,2020/2021,2025/2026,False,False,OK
fact_player_match_stats,matchstats.headers.tackles,defensive_duel_passing,REQUIRED,87,LaLiga,2020/2021,10842,10842,100.0,0,4961,380,380,100.0,0.0,,2020/2021,2025/2026,False,False,OK
fact_player_match_stats,matchstats.headers.tackles,defensive_duel_passing,REQUIRED,87,LaLiga,2021/2022,11038,11038,100.0,0,4875,380,380,100.0,0.0,0.0,2020/2021,2025/2026,False,False,OK
fact_player_match_stats,matchstats.headers.tackles,defensive_duel_passing,REQUIRED,87,LaLiga,2022/2023,11032,11032,100.0,0,4736,379,379,100.0,0.0,0.0,2020/2021,2025/2026,False,False,OK
fact_player_match_stats,matchstats.headers.tackles,defensive_duel_passing,REQUIRED,87,LaLiga,2023/2024,11083,11083,100.0,0,4692,379,379,100.0,0.0,0.0,2020/2021,2025/2026,False,False,OK
fact_player_match_stats,matchstats.headers.tackles,defensive_duel_passing,REQUIRED,87,LaLiga,2024/2025,11130,11130,100.0,0,4772,380,380,100.0,0.0,0.0,2020/2021,2025/2026,False,False,OK
fact_player_match_stats,matchstats.headers.tackles,defensive_duel_passing,REQUIRED,87,LaLiga,2025/2026,11191,11191,100.0,0,4700,380,380,100.0,0.0,0.0,2020/2021,2025/2026,False,False,OK
fact_player_match_stats,minutes_played,standard_match,REQUIRED,47,EPL,2020/2021,10393,10393,100.0,0,0,380,380,100.0,,,2020/2021,2025/2026,False,False,OK
fact_player_match_stats,minutes_played,standard_match,REQUIRED,47,EPL,2021/2022,10485,10485,100.0,0,0,380,380,100.0,,0.0,2020/2021,2025/2026,False,False,OK
fact_player_match_stats,minutes_played,standard_match,REQUIRED,47,EPL,2022/2023,11345,11345,100.0,0,0,380,380,100.0,,0.0,2020/2021,2025/2026,False,False,OK
fact_player_match_stats,minutes_played,standard_match,REQUIRED,47,EPL,2023/2024,11380,11380,100.0,0,0,380,380,100.0,,0.0,2020/2021,2025/2026,False,False,OK
fact_player_match_stats,minutes_played,standard_match,REQUIRED,47,EPL,2024/2025,11567,11567,100.0,0,0,380,380,100.0,,0.0,2020/2021,2025/2026,False,False,OK
fact_player_match_stats,minutes_played,standard_match,REQUIRED,47,EPL,2025/2026,11492,11492,100.0,0,0,380,380,100.0,,0.0,2020/2021,2025/2026,False,False,OK
fact_player_match_stats,minutes_played,standard_match,REQUIRED,53,Ligue1,2020/2021,11498,11498,100.0,0,0,380,380,100.0,0.0,,2020/2021,2025/2026,False,False,OK
fact_player_match_stats,minutes_played,standard_match,REQUIRED,53,Ligue1,2021/2022,11527,11527,100.0,0,0,380,380,100.0,0.0,0.0,2020/2021,2025/2026,False,False,OK
fact_player_match_stats,minutes_played,standard_match,REQUIRED,53,Ligue1,2022/2023,11541,11541,100.0,0,0,380,380,100.0,0.0,0.0,2020/2021,2025/2026,False,False,OK
fact_player_match_stats,minutes_played,standard_match,REQUIRED,53,Ligue1,2023/2024,9392,9392,100.0,0,0,306,306,100.0,0.0,0.0,2020/2021,2025/2026,False,False,OK
fact_player_match_stats,minutes_played,standard_match,REQUIRED,53,Ligue1,2024/2025,9413,9413,100.0,0,0,306,306,100.0,0.0,0.0,2020/2021,2025/2026,False,False,OK
fact_player_match_stats,minutes_played,standard_match,REQUIRED,53,Ligue1,2025/2026,9408,9408,100.0,0,0,306,306,100.0,0.0,0.0,2020/2021,2025/2026,False,False,OK
fact_player_match_stats,minutes_played,standard_match,REQUIRED,54,Bundesliga,2020/2021,9271,9271,100.0,0,0,306,306,100.0,0.0,,2020/2021,2025/2026,False,False,OK
fact_player_match_stats,minutes_played,standard_match,REQUIRED,54,Bundesliga,2021/2022,9391,9391,100.0,0,0,306,306,100.0,0.0,0.0,2020/2021,2025/2026,False,False,OK
fact_player_match_stats,minutes_played,standard_match,REQUIRED,54,Bundesliga,2022/2023,9480,9480,100.0,0,0,306,306,100.0,0.0,0.0,2020/2021,2025/2026,False,False,OK
fact_player_match_stats,minutes_played,standard_match,REQUIRED,54,Bundesliga,2023/2024,9526,9526,100.0,0,0,306,306,100.0,0.0,0.0,2020/2021,2025/2026,False,False,OK
fact_player_match_stats,minutes_played,standard_match,REQUIRED,54,Bundesliga,2024/2025,9528,9528,100.0,0,0,306,306,100.0,0.0,0.0,2020/2021,2025/2026,False,False,OK
fact_player_match_stats,minutes_played,standard_match,REQUIRED,54,Bundesliga,2025/2026,9555,9555,100.0,0,0,306,306,100.0,0.0,0.0,2020/2021,2025/2026,False,False,OK
fact_player_match_stats,minutes_played,standard_match,REQUIRED,55,SerieA,2020/2021,11612,11612,100.0,0,0,379,379,100.0,0.0,,2020/2021,2025/2026,False,False,OK
fact_player_match_stats,minutes_played,standard_match,REQUIRED,55,SerieA,2021/2022,11717,11717,100.0,0,0,380,380,100.0,0.0,0.0,2020/2021,2025/2026,False,False,OK
fact_player_match_stats,minutes_played,standard_match,REQUIRED,55,SerieA,2022/2023,11916,11916,100.0,0,0,381,381,100.0,0.0,0.0,2020/2021,2025/2026,False,False,OK
fact_player_match_stats,minutes_played,standard_match,REQUIRED,55,SerieA,2023/2024,11910,11910,100.0,0,0,380,380,100.0,0.0,0.0,2020/2021,2025/2026,False,False,OK
fact_player_match_stats,minutes_played,standard_match,REQUIRED,55,SerieA,2024/2025,11887,11887,100.0,0,0,380,380,100.0,0.0,0.0,2020/2021,2025/2026,False,False,OK
fact_player_match_stats,minutes_played,standard_match,REQUIRED,55,SerieA,2025/2026,11928,11928,100.0,0,0,380,380,100.0,0.0,0.0,2020/2021,2025/2026,False,False,OK
fact_player_match_stats,minutes_played,standard_match,REQUIRED,87,LaLiga,2020/2021,11607,11607,100.0,0,0,380,380,100.0,0.0,,2020/2021,2025/2026,False,False,OK
fact_player_match_stats,minutes_played,standard_match,REQUIRED,87,LaLiga,2021/2022,11806,11806,100.0,0,0,380,380,100.0,0.0,0.0,2020/2021,2025/2026,False,False,OK
fact_player_match_stats,minutes_played,standard_match,REQUIRED,87,LaLiga,2022/2023,11801,11801,100.0,0,0,379,379,100.0,0.0,0.0,2020/2021,2025/2026,False,False,OK
fact_player_match_stats,minutes_played,standard_match,REQUIRED,87,LaLiga,2023/2024,11854,11854,100.0,0,0,379,379,100.0,0.0,0.0,2020/2021,2025/2026,False,False,OK
fact_player_match_stats,minutes_played,standard_match,REQUIRED,87,LaLiga,2024/2025,11900,11900,100.0,0,0,380,380,100.0,0.0,0.0,2020/2021,2025/2026,False,False,OK
fact_player_match_stats,minutes_played,standard_match,REQUIRED,87,LaLiga,2025/2026,11953,11953,100.0,0,0,380,380,100.0,0.0,0.0,2020/2021,2025/2026,False,False,OK
fact_player_match_stats,passes_into_final_third,defensive_duel_passing,REQUIRED,47,EPL,2020/2021,9628,8030,83.4026,0,0,380,380,100.0,,,2020/2021,2025/2026,False,False,OK
fact_player_match_stats,passes_into_final_third,defensive_duel_passing,REQUIRED,47,EPL,2021/2022,9722,8060,82.9048,0,0,380,380,100.0,,-0.4978,2020/2021,2025/2026,False,False,OK
fact_player_match_stats,passes_into_final_third,defensive_duel_passing,REQUIRED,47,EPL,2022/2023,10575,8438,79.792,0,0,380,380,100.0,,-3.1128,2020/2021,2025/2026,False,False,OK
fact_player_match_stats,passes_into_final_third,defensive_duel_passing,REQUIRED,47,EPL,2023/2024,10604,8373,78.9608,0,0,380,380,100.0,,-0.8312,2020/2021,2025/2026,False,False,OK
fact_player_match_stats,passes_into_final_third,defensive_duel_passing,REQUIRED,47,EPL,2024/2025,10797,8508,78.7997,0,0,380,380,100.0,,-0.1611,2020/2021,2025/2026,False,False,OK
fact_player_match_stats,passes_into_final_third,defensive_duel_passing,REQUIRED,47,EPL,2025/2026,10725,8423,78.5361,0,0,380,380,100.0,,-0.2636,2020/2021,2025/2026,False,False,OK
fact_player_match_stats,passes_into_final_third,defensive_duel_passing,REQUIRED,53,Ligue1,2020/2021,10730,8701,81.0904,0,0,380,380,100.0,-2.3122,,2020/2021,2025/2026,False,False,OK
fact_player_match_stats,passes_into_final_third,defensive_duel_passing,REQUIRED,53,Ligue1,2021/2022,10753,8525,79.2802,0,0,380,380,100.0,-3.6246,-1.8102,2020/2021,2025/2026,False,False,OK
fact_player_match_stats,passes_into_final_third,defensive_duel_passing,REQUIRED,53,Ligue1,2022/2023,10771,8792,81.6266,0,0,380,380,100.0,1.8346,2.3464,2020/2021,2025/2026,False,False,OK
fact_player_match_stats,passes_into_final_third,defensive_duel_passing,REQUIRED,53,Ligue1,2023/2024,8774,7042,80.2599,0,0,306,306,100.0,1.2991,-1.3667,2020/2021,2025/2026,False,False,OK
fact_player_match_stats,passes_into_final_third,defensive_duel_passing,REQUIRED,53,Ligue1,2024/2025,8795,6899,78.4423,0,0,306,306,100.0,-0.3574,-1.8176,2020/2021,2025/2026,False,False,OK
fact_player_match_stats,passes_into_final_third,defensive_duel_passing,REQUIRED,53,Ligue1,2025/2026,8784,6833,77.7892,0,0,306,306,100.0,-0.7469,-0.6531,2020/2021,2025/2026,False,False,OK
fact_player_match_stats,passes_into_final_third,defensive_duel_passing,REQUIRED,54,Bundesliga,2020/2021,8652,7066,81.669,0,0,306,306,100.0,-1.7336,,2020/2021,2025/2026,False,False,OK
fact_player_match_stats,passes_into_final_third,defensive_duel_passing,REQUIRED,54,Bundesliga,2021/2022,8775,7141,81.3789,0,0,306,306,100.0,-1.5259,-0.2901,2020/2021,2025/2026,False,False,OK
fact_player_match_stats,passes_into_final_third,defensive_duel_passing,REQUIRED,54,Bundesliga,2022/2023,8865,7186,81.0603,0,0,306,306,100.0,1.2683,-0.3186,2020/2021,2025/2026,False,False,OK
fact_player_match_stats,passes_into_final_third,defensive_duel_passing,REQUIRED,54,Bundesliga,2023/2024,8912,7167,80.4197,0,0,306,306,100.0,1.4589,-0.6406,2020/2021,2025/2026,False,False,OK
fact_player_match_stats,passes_into_final_third,defensive_duel_passing,REQUIRED,54,Bundesliga,2024/2025,8906,7077,79.4633,0,0,306,306,100.0,0.6636,-0.9564,2020/2021,2025/2026,False,False,OK
fact_player_match_stats,passes_into_final_third,defensive_duel_passing,REQUIRED,54,Bundesliga,2025/2026,8935,7083,79.2725,0,0,306,306,100.0,0.7364,-0.1908,2020/2021,2025/2026,False,False,OK
fact_player_match_stats,passes_into_final_third,defensive_duel_passing,REQUIRED,55,SerieA,2020/2021,10842,8766,80.8522,0,0,379,379,100.0,-2.5504,,2020/2021,2025/2026,False,False,OK
fact_player_match_stats,passes_into_final_third,defensive_duel_passing,REQUIRED,55,SerieA,2021/2022,10945,8830,80.6761,0,0,380,380,100.0,-2.2287,-0.1761,2020/2021,2025/2026,False,False,OK
fact_player_match_stats,passes_into_final_third,defensive_duel_passing,REQUIRED,55,SerieA,2022/2023,11144,8963,80.4289,0,0,381,381,100.0,0.6369,-0.2472,2020/2021,2025/2026,False,False,OK
fact_player_match_stats,passes_into_final_third,defensive_duel_passing,REQUIRED,55,SerieA,2023/2024,11137,8828,79.2673,0,0,380,380,100.0,0.3065,-1.1616,2020/2021,2025/2026,False,False,OK
fact_player_match_stats,passes_into_final_third,defensive_duel_passing,REQUIRED,55,SerieA,2024/2025,11118,8743,78.6382,0,0,380,380,100.0,-0.1615,-0.6291,2020/2021,2025/2026,False,False,OK
fact_player_match_stats,passes_into_final_third,defensive_duel_passing,REQUIRED,55,SerieA,2025/2026,11157,8786,78.7488,0,0,380,380,100.0,0.2127,0.1106,2020/2021,2025/2026,False,False,OK
fact_player_match_stats,passes_into_final_third,defensive_duel_passing,REQUIRED,87,LaLiga,2020/2021,10842,8712,80.3542,0,0,380,380,100.0,-3.0484,,2020/2021,2025/2026,False,False,OK
fact_player_match_stats,passes_into_final_third,defensive_duel_passing,REQUIRED,87,LaLiga,2021/2022,11038,8921,80.8208,0,0,380,380,100.0,-2.084,0.4666,2020/2021,2025/2026,False,False,OK
fact_player_match_stats,passes_into_final_third,defensive_duel_passing,REQUIRED,87,LaLiga,2022/2023,11032,8834,80.0761,0,0,379,379,100.0,0.2841,-0.7447,2020/2021,2025/2026,False,False,OK
fact_player_match_stats,passes_into_final_third,defensive_duel_passing,REQUIRED,87,LaLiga,2023/2024,11083,8822,79.5994,0,0,379,379,100.0,0.6386,-0.4767,2020/2021,2025/2026,False,False,OK
fact_player_match_stats,passes_into_final_third,defensive_duel_passing,REQUIRED,87,LaLiga,2024/2025,11130,8971,80.602,0,0,380,380,100.0,1.8023,1.0026,2020/2021,2025/2026,False,False,OK
fact_player_match_stats,passes_into_final_third,defensive_duel_passing,REQUIRED,87,LaLiga,2025/2026,11191,8930,79.7963,0,0,380,380,100.0,1.2602,-0.8057,2020/2021,2025/2026,False,False,OK
fact_player_match_stats,physical_metrics_distance_covered,physical,OPTIONAL,47,EPL,2020/2021,10393,0,0.0,0,0,0,380,0.0,,,2020/2021,2025/2026,True,False,OK
fact_player_match_stats,physical_metrics_distance_covered,physical,OPTIONAL,47,EPL,2021/2022,10485,0,0.0,0,0,0,380,0.0,,0.0,2020/2021,2025/2026,True,False,OK
fact_player_match_stats,physical_metrics_distance_covered,physical,OPTIONAL,47,EPL,2022/2023,11345,0,0.0,0,0,0,380,0.0,,0.0,2020/2021,2025/2026,True,False,OK
fact_player_match_stats,physical_metrics_distance_covered,physical,OPTIONAL,47,EPL,2023/2024,11380,0,0.0,0,0,0,380,0.0,,0.0,2020/2021,2025/2026,True,False,OK
fact_player_match_stats,physical_metrics_distance_covered,physical,OPTIONAL,47,EPL,2024/2025,11567,0,0.0,0,0,0,380,0.0,,0.0,2020/2021,2025/2026,True,False,OK
fact_player_match_stats,physical_metrics_distance_covered,physical,OPTIONAL,47,EPL,2025/2026,11492,0,0.0,0,0,0,380,0.0,,0.0,2020/2021,2025/2026,True,False,OK
fact_player_match_stats,physical_metrics_distance_covered,physical,OPTIONAL,53,Ligue1,2020/2021,11498,0,0.0,0,0,0,380,0.0,0.0,,2020/2021,2025/2026,True,False,OK
fact_player_match_stats,physical_metrics_distance_covered,physical,OPTIONAL,53,Ligue1,2021/2022,11527,0,0.0,0,0,0,380,0.0,0.0,0.0,2020/2021,2025/2026,True,False,OK
fact_player_match_stats,physical_metrics_distance_covered,physical,OPTIONAL,53,Ligue1,2022/2023,11541,0,0.0,0,0,0,380,0.0,0.0,0.0,2020/2021,2025/2026,True,False,OK
fact_player_match_stats,physical_metrics_distance_covered,physical,OPTIONAL,53,Ligue1,2023/2024,9392,0,0.0,0,0,0,306,0.0,0.0,0.0,2020/2021,2025/2026,True,False,OK
fact_player_match_stats,physical_metrics_distance_covered,physical,OPTIONAL,53,Ligue1,2024/2025,9413,0,0.0,0,0,0,306,0.0,0.0,0.0,2020/2021,2025/2026,True,False,OK
fact_player_match_stats,physical_metrics_distance_covered,physical,OPTIONAL,53,Ligue1,2025/2026,9408,0,0.0,0,0,0,306,0.0,0.0,0.0,2020/2021,2025/2026,True,False,OK
fact_player_match_stats,physical_metrics_distance_covered,physical,OPTIONAL,54,Bundesliga,2020/2021,9271,0,0.0,0,0,0,306,0.0,0.0,,2020/2021,2025/2026,True,False,OK
fact_player_match_stats,physical_metrics_distance_covered,physical,OPTIONAL,54,Bundesliga,2021/2022,9391,0,0.0,0,0,0,306,0.0,0.0,0.0,2020/2021,2025/2026,True,False,OK
fact_player_match_stats,physical_metrics_distance_covered,physical,OPTIONAL,54,Bundesliga,2022/2023,9480,0,0.0,0,0,0,306,0.0,0.0,0.0,2020/2021,2025/2026,True,False,OK
fact_player_match_stats,physical_metrics_distance_covered,physical,OPTIONAL,54,Bundesliga,2023/2024,9526,0,0.0,0,0,0,306,0.0,0.0,0.0,2020/2021,2025/2026,True,False,OK
fact_player_match_stats,physical_metrics_distance_covered,physical,OPTIONAL,54,Bundesliga,2024/2025,9528,0,0.0,0,0,0,306,0.0,0.0,0.0,2020/2021,2025/2026,True,False,OK
fact_player_match_stats,physical_metrics_distance_covered,physical,OPTIONAL,54,Bundesliga,2025/2026,9555,0,0.0,0,0,0,306,0.0,0.0,0.0,2020/2021,2025/2026,True,False,OK
fact_player_match_stats,physical_metrics_distance_covered,physical,OPTIONAL,55,SerieA,2020/2021,11612,0,0.0,0,0,0,379,0.0,0.0,,2020/2021,2025/2026,True,False,OK
fact_player_match_stats,physical_metrics_distance_covered,physical,OPTIONAL,55,SerieA,2021/2022,11717,0,0.0,0,0,0,380,0.0,0.0,0.0,2020/2021,2025/2026,True,False,OK
fact_player_match_stats,physical_metrics_distance_covered,physical,OPTIONAL,55,SerieA,2022/2023,11916,0,0.0,0,0,0,381,0.0,0.0,0.0,2020/2021,2025/2026,True,False,OK
fact_player_match_stats,physical_metrics_distance_covered,physical,OPTIONAL,55,SerieA,2023/2024,11910,0,0.0,0,0,0,380,0.0,0.0,0.0,2020/2021,2025/2026,True,False,OK
fact_player_match_stats,physical_metrics_distance_covered,physical,OPTIONAL,55,SerieA,2024/2025,11887,0,0.0,0,0,0,380,0.0,0.0,0.0,2020/2021,2025/2026,True,False,OK
fact_player_match_stats,physical_metrics_distance_covered,physical,OPTIONAL,55,SerieA,2025/2026,11928,0,0.0,0,0,0,380,0.0,0.0,0.0,2020/2021,2025/2026,True,False,OK
fact_player_match_stats,physical_metrics_distance_covered,physical,OPTIONAL,87,LaLiga,2020/2021,11607,0,0.0,0,0,0,380,0.0,0.0,,2020/2021,2025/2026,True,False,OK
fact_player_match_stats,physical_metrics_distance_covered,physical,OPTIONAL,87,LaLiga,2021/2022,11806,0,0.0,0,0,0,380,0.0,0.0,0.0,2020/2021,2025/2026,True,False,OK
fact_player_match_stats,physical_metrics_distance_covered,physical,OPTIONAL,87,LaLiga,2022/2023,11801,0,0.0,0,0,0,379,0.0,0.0,0.0,2020/2021,2025/2026,True,False,OK
fact_player_match_stats,physical_metrics_distance_covered,physical,OPTIONAL,87,LaLiga,2023/2024,11854,0,0.0,0,0,0,379,0.0,0.0,0.0,2020/2021,2025/2026,True,False,OK
fact_player_match_stats,physical_metrics_distance_covered,physical,OPTIONAL,87,LaLiga,2024/2025,11900,0,0.0,0,0,0,380,0.0,0.0,0.0,2020/2021,2025/2026,True,False,OK
fact_player_match_stats,physical_metrics_distance_covered,physical,OPTIONAL,87,LaLiga,2025/2026,11953,0,0.0,0,0,0,380,0.0,0.0,0.0,2020/2021,2025/2026,True,False,OK
fact_player_match_stats,physical_metrics_number_of_sprints,physical,OPTIONAL,47,EPL,2020/2021,10393,0,0.0,0,0,0,380,0.0,,,2020/2021,2025/2026,True,False,OK
fact_player_match_stats,physical_metrics_number_of_sprints,physical,OPTIONAL,47,EPL,2021/2022,10485,0,0.0,0,0,0,380,0.0,,0.0,2020/2021,2025/2026,True,False,OK
fact_player_match_stats,physical_metrics_number_of_sprints,physical,OPTIONAL,47,EPL,2022/2023,11345,0,0.0,0,0,0,380,0.0,,0.0,2020/2021,2025/2026,True,False,OK
fact_player_match_stats,physical_metrics_number_of_sprints,physical,OPTIONAL,47,EPL,2023/2024,11380,0,0.0,0,0,0,380,0.0,,0.0,2020/2021,2025/2026,True,False,OK
fact_player_match_stats,physical_metrics_number_of_sprints,physical,OPTIONAL,47,EPL,2024/2025,11567,0,0.0,0,0,0,380,0.0,,0.0,2020/2021,2025/2026,True,False,OK
fact_player_match_stats,physical_metrics_number_of_sprints,physical,OPTIONAL,47,EPL,2025/2026,11492,0,0.0,0,0,0,380,0.0,,0.0,2020/2021,2025/2026,True,False,OK
fact_player_match_stats,physical_metrics_number_of_sprints,physical,OPTIONAL,53,Ligue1,2020/2021,11498,0,0.0,0,0,0,380,0.0,0.0,,2020/2021,2025/2026,True,False,OK
fact_player_match_stats,physical_metrics_number_of_sprints,physical,OPTIONAL,53,Ligue1,2021/2022,11527,0,0.0,0,0,0,380,0.0,0.0,0.0,2020/2021,2025/2026,True,False,OK
fact_player_match_stats,physical_metrics_number_of_sprints,physical,OPTIONAL,53,Ligue1,2022/2023,11541,0,0.0,0,0,0,380,0.0,0.0,0.0,2020/2021,2025/2026,True,False,OK
fact_player_match_stats,physical_metrics_number_of_sprints,physical,OPTIONAL,53,Ligue1,2023/2024,9392,0,0.0,0,0,0,306,0.0,0.0,0.0,2020/2021,2025/2026,True,False,OK
fact_player_match_stats,physical_metrics_number_of_sprints,physical,OPTIONAL,53,Ligue1,2024/2025,9413,0,0.0,0,0,0,306,0.0,0.0,0.0,2020/2021,2025/2026,True,False,OK
fact_player_match_stats,physical_metrics_number_of_sprints,physical,OPTIONAL,53,Ligue1,2025/2026,9408,0,0.0,0,0,0,306,0.0,0.0,0.0,2020/2021,2025/2026,True,False,OK
fact_player_match_stats,physical_metrics_number_of_sprints,physical,OPTIONAL,54,Bundesliga,2020/2021,9271,0,0.0,0,0,0,306,0.0,0.0,,2020/2021,2025/2026,True,False,OK
fact_player_match_stats,physical_metrics_number_of_sprints,physical,OPTIONAL,54,Bundesliga,2021/2022,9391,0,0.0,0,0,0,306,0.0,0.0,0.0,2020/2021,2025/2026,True,False,OK
fact_player_match_stats,physical_metrics_number_of_sprints,physical,OPTIONAL,54,Bundesliga,2022/2023,9480,0,0.0,0,0,0,306,0.0,0.0,0.0,2020/2021,2025/2026,True,False,OK
fact_player_match_stats,physical_metrics_number_of_sprints,physical,OPTIONAL,54,Bundesliga,2023/2024,9526,0,0.0,0,0,0,306,0.0,0.0,0.0,2020/2021,2025/2026,True,False,OK
fact_player_match_stats,physical_metrics_number_of_sprints,physical,OPTIONAL,54,Bundesliga,2024/2025,9528,0,0.0,0,0,0,306,0.0,0.0,0.0,2020/2021,2025/2026,True,False,OK
fact_player_match_stats,physical_metrics_number_of_sprints,physical,OPTIONAL,54,Bundesliga,2025/2026,9555,0,0.0,0,0,0,306,0.0,0.0,0.0,2020/2021,2025/2026,True,False,OK
fact_player_match_stats,physical_metrics_number_of_sprints,physical,OPTIONAL,55,SerieA,2020/2021,11612,0,0.0,0,0,0,379,0.0,0.0,,2020/2021,2025/2026,True,False,OK
fact_player_match_stats,physical_metrics_number_of_sprints,physical,OPTIONAL,55,SerieA,2021/2022,11717,0,0.0,0,0,0,380,0.0,0.0,0.0,2020/2021,2025/2026,True,False,OK
fact_player_match_stats,physical_metrics_number_of_sprints,physical,OPTIONAL,55,SerieA,2022/2023,11916,0,0.0,0,0,0,381,0.0,0.0,0.0,2020/2021,2025/2026,True,False,OK
fact_player_match_stats,physical_metrics_number_of_sprints,physical,OPTIONAL,55,SerieA,2023/2024,11910,0,0.0,0,0,0,380,0.0,0.0,0.0,2020/2021,2025/2026,True,False,OK
fact_player_match_stats,physical_metrics_number_of_sprints,physical,OPTIONAL,55,SerieA,2024/2025,11887,0,0.0,0,0,0,380,0.0,0.0,0.0,2020/2021,2025/2026,True,False,OK
fact_player_match_stats,physical_metrics_number_of_sprints,physical,OPTIONAL,55,SerieA,2025/2026,11928,0,0.0,0,0,0,380,0.0,0.0,0.0,2020/2021,2025/2026,True,False,OK
fact_player_match_stats,physical_metrics_number_of_sprints,physical,OPTIONAL,87,LaLiga,2020/2021,11607,0,0.0,0,0,0,380,0.0,0.0,,2020/2021,2025/2026,True,False,OK
fact_player_match_stats,physical_metrics_number_of_sprints,physical,OPTIONAL,87,LaLiga,2021/2022,11806,0,0.0,0,0,0,380,0.0,0.0,0.0,2020/2021,2025/2026,True,False,OK
fact_player_match_stats,physical_metrics_number_of_sprints,physical,OPTIONAL,87,LaLiga,2022/2023,11801,0,0.0,0,0,0,379,0.0,0.0,0.0,2020/2021,2025/2026,True,False,OK
fact_player_match_stats,physical_metrics_number_of_sprints,physical,OPTIONAL,87,LaLiga,2023/2024,11854,0,0.0,0,0,0,379,0.0,0.0,0.0,2020/2021,2025/2026,True,False,OK
fact_player_match_stats,physical_metrics_number_of_sprints,physical,OPTIONAL,87,LaLiga,2024/2025,11900,0,0.0,0,0,0,380,0.0,0.0,0.0,2020/2021,2025/2026,True,False,OK
fact_player_match_stats,physical_metrics_number_of_sprints,physical,OPTIONAL,87,LaLiga,2025/2026,11953,0,0.0,0,0,0,380,0.0,0.0,0.0,2020/2021,2025/2026,True,False,OK
fact_player_match_stats,physical_metrics_running,physical,OPTIONAL,47,EPL,2020/2021,10393,0,0.0,0,0,0,380,0.0,,,2020/2021,2025/2026,True,False,OK
fact_player_match_stats,physical_metrics_running,physical,OPTIONAL,47,EPL,2021/2022,10485,0,0.0,0,0,0,380,0.0,,0.0,2020/2021,2025/2026,True,False,OK
fact_player_match_stats,physical_metrics_running,physical,OPTIONAL,47,EPL,2022/2023,11345,0,0.0,0,0,0,380,0.0,,0.0,2020/2021,2025/2026,True,False,OK
fact_player_match_stats,physical_metrics_running,physical,OPTIONAL,47,EPL,2023/2024,11380,0,0.0,0,0,0,380,0.0,,0.0,2020/2021,2025/2026,True,False,OK
fact_player_match_stats,physical_metrics_running,physical,OPTIONAL,47,EPL,2024/2025,11567,0,0.0,0,0,0,380,0.0,,0.0,2020/2021,2025/2026,True,False,OK
fact_player_match_stats,physical_metrics_running,physical,OPTIONAL,47,EPL,2025/2026,11492,0,0.0,0,0,0,380,0.0,,0.0,2020/2021,2025/2026,True,False,OK
fact_player_match_stats,physical_metrics_running,physical,OPTIONAL,53,Ligue1,2020/2021,11498,0,0.0,0,0,0,380,0.0,0.0,,2020/2021,2025/2026,True,False,OK
fact_player_match_stats,physical_metrics_running,physical,OPTIONAL,53,Ligue1,2021/2022,11527,0,0.0,0,0,0,380,0.0,0.0,0.0,2020/2021,2025/2026,True,False,OK
fact_player_match_stats,physical_metrics_running,physical,OPTIONAL,53,Ligue1,2022/2023,11541,0,0.0,0,0,0,380,0.0,0.0,0.0,2020/2021,2025/2026,True,False,OK
fact_player_match_stats,physical_metrics_running,physical,OPTIONAL,53,Ligue1,2023/2024,9392,0,0.0,0,0,0,306,0.0,0.0,0.0,2020/2021,2025/2026,True,False,OK
fact_player_match_stats,physical_metrics_running,physical,OPTIONAL,53,Ligue1,2024/2025,9413,0,0.0,0,0,0,306,0.0,0.0,0.0,2020/2021,2025/2026,True,False,OK
fact_player_match_stats,physical_metrics_running,physical,OPTIONAL,53,Ligue1,2025/2026,9408,0,0.0,0,0,0,306,0.0,0.0,0.0,2020/2021,2025/2026,True,False,OK
fact_player_match_stats,physical_metrics_running,physical,OPTIONAL,54,Bundesliga,2020/2021,9271,0,0.0,0,0,0,306,0.0,0.0,,2020/2021,2025/2026,True,False,OK
fact_player_match_stats,physical_metrics_running,physical,OPTIONAL,54,Bundesliga,2021/2022,9391,0,0.0,0,0,0,306,0.0,0.0,0.0,2020/2021,2025/2026,True,False,OK
fact_player_match_stats,physical_metrics_running,physical,OPTIONAL,54,Bundesliga,2022/2023,9480,0,0.0,0,0,0,306,0.0,0.0,0.0,2020/2021,2025/2026,True,False,OK
fact_player_match_stats,physical_metrics_running,physical,OPTIONAL,54,Bundesliga,2023/2024,9526,0,0.0,0,0,0,306,0.0,0.0,0.0,2020/2021,2025/2026,True,False,OK
fact_player_match_stats,physical_metrics_running,physical,OPTIONAL,54,Bundesliga,2024/2025,9528,0,0.0,0,0,0,306,0.0,0.0,0.0,2020/2021,2025/2026,True,False,OK
fact_player_match_stats,physical_metrics_running,physical,OPTIONAL,54,Bundesliga,2025/2026,9555,0,0.0,0,0,0,306,0.0,0.0,0.0,2020/2021,2025/2026,True,False,OK
fact_player_match_stats,physical_metrics_running,physical,OPTIONAL,55,SerieA,2020/2021,11612,0,0.0,0,0,0,379,0.0,0.0,,2020/2021,2025/2026,True,False,OK
fact_player_match_stats,physical_metrics_running,physical,OPTIONAL,55,SerieA,2021/2022,11717,0,0.0,0,0,0,380,0.0,0.0,0.0,2020/2021,2025/2026,True,False,OK
fact_player_match_stats,physical_metrics_running,physical,OPTIONAL,55,SerieA,2022/2023,11916,0,0.0,0,0,0,381,0.0,0.0,0.0,2020/2021,2025/2026,True,False,OK
fact_player_match_stats,physical_metrics_running,physical,OPTIONAL,55,SerieA,2023/2024,11910,0,0.0,0,0,0,380,0.0,0.0,0.0,2020/2021,2025/2026,True,False,OK
fact_player_match_stats,physical_metrics_running,physical,OPTIONAL,55,SerieA,2024/2025,11887,0,0.0,0,0,0,380,0.0,0.0,0.0,2020/2021,2025/2026,True,False,OK
fact_player_match_stats,physical_metrics_running,physical,OPTIONAL,55,SerieA,2025/2026,11928,0,0.0,0,0,0,380,0.0,0.0,0.0,2020/2021,2025/2026,True,False,OK
fact_player_match_stats,physical_metrics_running,physical,OPTIONAL,87,LaLiga,2020/2021,11607,0,0.0,0,0,0,380,0.0,0.0,,2020/2021,2025/2026,True,False,OK
fact_player_match_stats,physical_metrics_running,physical,OPTIONAL,87,LaLiga,2021/2022,11806,0,0.0,0,0,0,380,0.0,0.0,0.0,2020/2021,2025/2026,True,False,OK
fact_player_match_stats,physical_metrics_running,physical,OPTIONAL,87,LaLiga,2022/2023,11801,0,0.0,0,0,0,379,0.0,0.0,0.0,2020/2021,2025/2026,True,False,OK
fact_player_match_stats,physical_metrics_running,physical,OPTIONAL,87,LaLiga,2023/2024,11854,0,0.0,0,0,0,379,0.0,0.0,0.0,2020/2021,2025/2026,True,False,OK
fact_player_match_stats,physical_metrics_running,physical,OPTIONAL,87,LaLiga,2024/2025,11900,0,0.0,0,0,0,380,0.0,0.0,0.0,2020/2021,2025/2026,True,False,OK
fact_player_match_stats,physical_metrics_running,physical,OPTIONAL,87,LaLiga,2025/2026,11953,0,0.0,0,0,0,380,0.0,0.0,0.0,2020/2021,2025/2026,True,False,OK
fact_player_match_stats,physical_metrics_sprinting,physical,OPTIONAL,47,EPL,2020/2021,10393,0,0.0,0,0,0,380,0.0,,,2020/2021,2025/2026,True,False,OK
fact_player_match_stats,physical_metrics_sprinting,physical,OPTIONAL,47,EPL,2021/2022,10485,0,0.0,0,0,0,380,0.0,,0.0,2020/2021,2025/2026,True,False,OK
fact_player_match_stats,physical_metrics_sprinting,physical,OPTIONAL,47,EPL,2022/2023,11345,0,0.0,0,0,0,380,0.0,,0.0,2020/2021,2025/2026,True,False,OK
fact_player_match_stats,physical_metrics_sprinting,physical,OPTIONAL,47,EPL,2023/2024,11380,0,0.0,0,0,0,380,0.0,,0.0,2020/2021,2025/2026,True,False,OK
fact_player_match_stats,physical_metrics_sprinting,physical,OPTIONAL,47,EPL,2024/2025,11567,0,0.0,0,0,0,380,0.0,,0.0,2020/2021,2025/2026,True,False,OK
fact_player_match_stats,physical_metrics_sprinting,physical,OPTIONAL,47,EPL,2025/2026,11492,0,0.0,0,0,0,380,0.0,,0.0,2020/2021,2025/2026,True,False,OK
fact_player_match_stats,physical_metrics_sprinting,physical,OPTIONAL,53,Ligue1,2020/2021,11498,0,0.0,0,0,0,380,0.0,0.0,,2020/2021,2025/2026,True,False,OK
fact_player_match_stats,physical_metrics_sprinting,physical,OPTIONAL,53,Ligue1,2021/2022,11527,0,0.0,0,0,0,380,0.0,0.0,0.0,2020/2021,2025/2026,True,False,OK
fact_player_match_stats,physical_metrics_sprinting,physical,OPTIONAL,53,Ligue1,2022/2023,11541,0,0.0,0,0,0,380,0.0,0.0,0.0,2020/2021,2025/2026,True,False,OK
fact_player_match_stats,physical_metrics_sprinting,physical,OPTIONAL,53,Ligue1,2023/2024,9392,0,0.0,0,0,0,306,0.0,0.0,0.0,2020/2021,2025/2026,True,False,OK
fact_player_match_stats,physical_metrics_sprinting,physical,OPTIONAL,53,Ligue1,2024/2025,9413,0,0.0,0,0,0,306,0.0,0.0,0.0,2020/2021,2025/2026,True,False,OK
fact_player_match_stats,physical_metrics_sprinting,physical,OPTIONAL,53,Ligue1,2025/2026,9408,0,0.0,0,0,0,306,0.0,0.0,0.0,2020/2021,2025/2026,True,False,OK
fact_player_match_stats,physical_metrics_sprinting,physical,OPTIONAL,54,Bundesliga,2020/2021,9271,0,0.0,0,0,0,306,0.0,0.0,,2020/2021,2025/2026,True,False,OK
fact_player_match_stats,physical_metrics_sprinting,physical,OPTIONAL,54,Bundesliga,2021/2022,9391,0,0.0,0,0,0,306,0.0,0.0,0.0,2020/2021,2025/2026,True,False,OK
fact_player_match_stats,physical_metrics_sprinting,physical,OPTIONAL,54,Bundesliga,2022/2023,9480,0,0.0,0,0,0,306,0.0,0.0,0.0,2020/2021,2025/2026,True,False,OK
fact_player_match_stats,physical_metrics_sprinting,physical,OPTIONAL,54,Bundesliga,2023/2024,9526,0,0.0,0,0,0,306,0.0,0.0,0.0,2020/2021,2025/2026,True,False,OK
fact_player_match_stats,physical_metrics_sprinting,physical,OPTIONAL,54,Bundesliga,2024/2025,9528,0,0.0,0,0,0,306,0.0,0.0,0.0,2020/2021,2025/2026,True,False,OK
fact_player_match_stats,physical_metrics_sprinting,physical,OPTIONAL,54,Bundesliga,2025/2026,9555,0,0.0,0,0,0,306,0.0,0.0,0.0,2020/2021,2025/2026,True,False,OK
fact_player_match_stats,physical_metrics_sprinting,physical,OPTIONAL,55,SerieA,2020/2021,11612,0,0.0,0,0,0,379,0.0,0.0,,2020/2021,2025/2026,True,False,OK
fact_player_match_stats,physical_metrics_sprinting,physical,OPTIONAL,55,SerieA,2021/2022,11717,0,0.0,0,0,0,380,0.0,0.0,0.0,2020/2021,2025/2026,True,False,OK
fact_player_match_stats,physical_metrics_sprinting,physical,OPTIONAL,55,SerieA,2022/2023,11916,0,0.0,0,0,0,381,0.0,0.0,0.0,2020/2021,2025/2026,True,False,OK
fact_player_match_stats,physical_metrics_sprinting,physical,OPTIONAL,55,SerieA,2023/2024,11910,0,0.0,0,0,0,380,0.0,0.0,0.0,2020/2021,2025/2026,True,False,OK
fact_player_match_stats,physical_metrics_sprinting,physical,OPTIONAL,55,SerieA,2024/2025,11887,0,0.0,0,0,0,380,0.0,0.0,0.0,2020/2021,2025/2026,True,False,OK
fact_player_match_stats,physical_metrics_sprinting,physical,OPTIONAL,55,SerieA,2025/2026,11928,0,0.0,0,0,0,380,0.0,0.0,0.0,2020/2021,2025/2026,True,False,OK
fact_player_match_stats,physical_metrics_sprinting,physical,OPTIONAL,87,LaLiga,2020/2021,11607,0,0.0,0,0,0,380,0.0,0.0,,2020/2021,2025/2026,True,False,OK
fact_player_match_stats,physical_metrics_sprinting,physical,OPTIONAL,87,LaLiga,2021/2022,11806,0,0.0,0,0,0,380,0.0,0.0,0.0,2020/2021,2025/2026,True,False,OK
fact_player_match_stats,physical_metrics_sprinting,physical,OPTIONAL,87,LaLiga,2022/2023,11801,0,0.0,0,0,0,379,0.0,0.0,0.0,2020/2021,2025/2026,True,False,OK
fact_player_match_stats,physical_metrics_sprinting,physical,OPTIONAL,87,LaLiga,2023/2024,11854,0,0.0,0,0,0,379,0.0,0.0,0.0,2020/2021,2025/2026,True,False,OK
fact_player_match_stats,physical_metrics_sprinting,physical,OPTIONAL,87,LaLiga,2024/2025,11900,0,0.0,0,0,0,380,0.0,0.0,0.0,2020/2021,2025/2026,True,False,OK
fact_player_match_stats,physical_metrics_sprinting,physical,OPTIONAL,87,LaLiga,2025/2026,11953,0,0.0,0,0,0,380,0.0,0.0,0.0,2020/2021,2025/2026,True,False,OK
fact_player_match_stats,physical_metrics_topspeed,physical,OPTIONAL,47,EPL,2020/2021,10393,0,0.0,0,0,0,380,0.0,,,2020/2021,2025/2026,True,False,OK
fact_player_match_stats,physical_metrics_topspeed,physical,OPTIONAL,47,EPL,2021/2022,10485,0,0.0,0,0,0,380,0.0,,0.0,2020/2021,2025/2026,True,False,OK
fact_player_match_stats,physical_metrics_topspeed,physical,OPTIONAL,47,EPL,2022/2023,11345,0,0.0,0,0,0,380,0.0,,0.0,2020/2021,2025/2026,True,False,OK
fact_player_match_stats,physical_metrics_topspeed,physical,OPTIONAL,47,EPL,2023/2024,11380,0,0.0,0,0,0,380,0.0,,0.0,2020/2021,2025/2026,True,False,OK
fact_player_match_stats,physical_metrics_topspeed,physical,OPTIONAL,47,EPL,2024/2025,11567,0,0.0,0,0,0,380,0.0,,0.0,2020/2021,2025/2026,True,False,OK
fact_player_match_stats,physical_metrics_topspeed,physical,OPTIONAL,47,EPL,2025/2026,11492,0,0.0,0,0,0,380,0.0,,0.0,2020/2021,2025/2026,True,False,OK
fact_player_match_stats,physical_metrics_topspeed,physical,OPTIONAL,53,Ligue1,2020/2021,11498,0,0.0,0,0,0,380,0.0,0.0,,2020/2021,2025/2026,True,False,OK
fact_player_match_stats,physical_metrics_topspeed,physical,OPTIONAL,53,Ligue1,2021/2022,11527,0,0.0,0,0,0,380,0.0,0.0,0.0,2020/2021,2025/2026,True,False,OK
fact_player_match_stats,physical_metrics_topspeed,physical,OPTIONAL,53,Ligue1,2022/2023,11541,0,0.0,0,0,0,380,0.0,0.0,0.0,2020/2021,2025/2026,True,False,OK
fact_player_match_stats,physical_metrics_topspeed,physical,OPTIONAL,53,Ligue1,2023/2024,9392,0,0.0,0,0,0,306,0.0,0.0,0.0,2020/2021,2025/2026,True,False,OK
fact_player_match_stats,physical_metrics_topspeed,physical,OPTIONAL,53,Ligue1,2024/2025,9413,0,0.0,0,0,0,306,0.0,0.0,0.0,2020/2021,2025/2026,True,False,OK
fact_player_match_stats,physical_metrics_topspeed,physical,OPTIONAL,53,Ligue1,2025/2026,9408,0,0.0,0,0,0,306,0.0,0.0,0.0,2020/2021,2025/2026,True,False,OK
fact_player_match_stats,physical_metrics_topspeed,physical,OPTIONAL,54,Bundesliga,2020/2021,9271,0,0.0,0,0,0,306,0.0,0.0,,2020/2021,2025/2026,True,False,OK
fact_player_match_stats,physical_metrics_topspeed,physical,OPTIONAL,54,Bundesliga,2021/2022,9391,0,0.0,0,0,0,306,0.0,0.0,0.0,2020/2021,2025/2026,True,False,OK
fact_player_match_stats,physical_metrics_topspeed,physical,OPTIONAL,54,Bundesliga,2022/2023,9480,0,0.0,0,0,0,306,0.0,0.0,0.0,2020/2021,2025/2026,True,False,OK
fact_player_match_stats,physical_metrics_topspeed,physical,OPTIONAL,54,Bundesliga,2023/2024,9526,0,0.0,0,0,0,306,0.0,0.0,0.0,2020/2021,2025/2026,True,False,OK
fact_player_match_stats,physical_metrics_topspeed,physical,OPTIONAL,54,Bundesliga,2024/2025,9528,0,0.0,0,0,0,306,0.0,0.0,0.0,2020/2021,2025/2026,True,False,OK
fact_player_match_stats,physical_metrics_topspeed,physical,OPTIONAL,54,Bundesliga,2025/2026,9555,0,0.0,0,0,0,306,0.0,0.0,0.0,2020/2021,2025/2026,True,False,OK
fact_player_match_stats,physical_metrics_topspeed,physical,OPTIONAL,55,SerieA,2020/2021,11612,0,0.0,0,0,0,379,0.0,0.0,,2020/2021,2025/2026,True,False,OK
fact_player_match_stats,physical_metrics_topspeed,physical,OPTIONAL,55,SerieA,2021/2022,11717,0,0.0,0,0,0,380,0.0,0.0,0.0,2020/2021,2025/2026,True,False,OK
fact_player_match_stats,physical_metrics_topspeed,physical,OPTIONAL,55,SerieA,2022/2023,11916,0,0.0,0,0,0,381,0.0,0.0,0.0,2020/2021,2025/2026,True,False,OK
fact_player_match_stats,physical_metrics_topspeed,physical,OPTIONAL,55,SerieA,2023/2024,11910,0,0.0,0,0,0,380,0.0,0.0,0.0,2020/2021,2025/2026,True,False,OK
fact_player_match_stats,physical_metrics_topspeed,physical,OPTIONAL,55,SerieA,2024/2025,11887,0,0.0,0,0,0,380,0.0,0.0,0.0,2020/2021,2025/2026,True,False,OK
fact_player_match_stats,physical_metrics_topspeed,physical,OPTIONAL,55,SerieA,2025/2026,11928,0,0.0,0,0,0,380,0.0,0.0,0.0,2020/2021,2025/2026,True,False,OK
fact_player_match_stats,physical_metrics_topspeed,physical,OPTIONAL,87,LaLiga,2020/2021,11607,0,0.0,0,0,0,380,0.0,0.0,,2020/2021,2025/2026,True,False,OK
fact_player_match_stats,physical_metrics_topspeed,physical,OPTIONAL,87,LaLiga,2021/2022,11806,0,0.0,0,0,0,380,0.0,0.0,0.0,2020/2021,2025/2026,True,False,OK
fact_player_match_stats,physical_metrics_topspeed,physical,OPTIONAL,87,LaLiga,2022/2023,11801,0,0.0,0,0,0,379,0.0,0.0,0.0,2020/2021,2025/2026,True,False,OK
fact_player_match_stats,physical_metrics_topspeed,physical,OPTIONAL,87,LaLiga,2023/2024,11854,0,0.0,0,0,0,379,0.0,0.0,0.0,2020/2021,2025/2026,True,False,OK
fact_player_match_stats,physical_metrics_topspeed,physical,OPTIONAL,87,LaLiga,2024/2025,11900,0,0.0,0,0,0,380,0.0,0.0,0.0,2020/2021,2025/2026,True,False,OK
fact_player_match_stats,physical_metrics_topspeed,physical,OPTIONAL,87,LaLiga,2025/2026,11953,0,0.0,0,0,0,380,0.0,0.0,0.0,2020/2021,2025/2026,True,False,OK
fact_player_match_stats,physical_metrics_walking,physical,OPTIONAL,47,EPL,2020/2021,10393,0,0.0,0,0,0,380,0.0,,,2020/2021,2025/2026,True,False,OK
fact_player_match_stats,physical_metrics_walking,physical,OPTIONAL,47,EPL,2021/2022,10485,0,0.0,0,0,0,380,0.0,,0.0,2020/2021,2025/2026,True,False,OK
fact_player_match_stats,physical_metrics_walking,physical,OPTIONAL,47,EPL,2022/2023,11345,0,0.0,0,0,0,380,0.0,,0.0,2020/2021,2025/2026,True,False,OK
fact_player_match_stats,physical_metrics_walking,physical,OPTIONAL,47,EPL,2023/2024,11380,0,0.0,0,0,0,380,0.0,,0.0,2020/2021,2025/2026,True,False,OK
fact_player_match_stats,physical_metrics_walking,physical,OPTIONAL,47,EPL,2024/2025,11567,0,0.0,0,0,0,380,0.0,,0.0,2020/2021,2025/2026,True,False,OK
fact_player_match_stats,physical_metrics_walking,physical,OPTIONAL,47,EPL,2025/2026,11492,0,0.0,0,0,0,380,0.0,,0.0,2020/2021,2025/2026,True,False,OK
fact_player_match_stats,physical_metrics_walking,physical,OPTIONAL,53,Ligue1,2020/2021,11498,0,0.0,0,0,0,380,0.0,0.0,,2020/2021,2025/2026,True,False,OK
fact_player_match_stats,physical_metrics_walking,physical,OPTIONAL,53,Ligue1,2021/2022,11527,0,0.0,0,0,0,380,0.0,0.0,0.0,2020/2021,2025/2026,True,False,OK
fact_player_match_stats,physical_metrics_walking,physical,OPTIONAL,53,Ligue1,2022/2023,11541,0,0.0,0,0,0,380,0.0,0.0,0.0,2020/2021,2025/2026,True,False,OK
fact_player_match_stats,physical_metrics_walking,physical,OPTIONAL,53,Ligue1,2023/2024,9392,0,0.0,0,0,0,306,0.0,0.0,0.0,2020/2021,2025/2026,True,False,OK
fact_player_match_stats,physical_metrics_walking,physical,OPTIONAL,53,Ligue1,2024/2025,9413,0,0.0,0,0,0,306,0.0,0.0,0.0,2020/2021,2025/2026,True,False,OK
fact_player_match_stats,physical_metrics_walking,physical,OPTIONAL,53,Ligue1,2025/2026,9408,0,0.0,0,0,0,306,0.0,0.0,0.0,2020/2021,2025/2026,True,False,OK
fact_player_match_stats,physical_metrics_walking,physical,OPTIONAL,54,Bundesliga,2020/2021,9271,0,0.0,0,0,0,306,0.0,0.0,,2020/2021,2025/2026,True,False,OK
fact_player_match_stats,physical_metrics_walking,physical,OPTIONAL,54,Bundesliga,2021/2022,9391,0,0.0,0,0,0,306,0.0,0.0,0.0,2020/2021,2025/2026,True,False,OK
fact_player_match_stats,physical_metrics_walking,physical,OPTIONAL,54,Bundesliga,2022/2023,9480,0,0.0,0,0,0,306,0.0,0.0,0.0,2020/2021,2025/2026,True,False,OK
fact_player_match_stats,physical_metrics_walking,physical,OPTIONAL,54,Bundesliga,2023/2024,9526,0,0.0,0,0,0,306,0.0,0.0,0.0,2020/2021,2025/2026,True,False,OK
fact_player_match_stats,physical_metrics_walking,physical,OPTIONAL,54,Bundesliga,2024/2025,9528,0,0.0,0,0,0,306,0.0,0.0,0.0,2020/2021,2025/2026,True,False,OK
fact_player_match_stats,physical_metrics_walking,physical,OPTIONAL,54,Bundesliga,2025/2026,9555,0,0.0,0,0,0,306,0.0,0.0,0.0,2020/2021,2025/2026,True,False,OK
fact_player_match_stats,physical_metrics_walking,physical,OPTIONAL,55,SerieA,2020/2021,11612,0,0.0,0,0,0,379,0.0,0.0,,2020/2021,2025/2026,True,False,OK
fact_player_match_stats,physical_metrics_walking,physical,OPTIONAL,55,SerieA,2021/2022,11717,0,0.0,0,0,0,380,0.0,0.0,0.0,2020/2021,2025/2026,True,False,OK
fact_player_match_stats,physical_metrics_walking,physical,OPTIONAL,55,SerieA,2022/2023,11916,0,0.0,0,0,0,381,0.0,0.0,0.0,2020/2021,2025/2026,True,False,OK
fact_player_match_stats,physical_metrics_walking,physical,OPTIONAL,55,SerieA,2023/2024,11910,0,0.0,0,0,0,380,0.0,0.0,0.0,2020/2021,2025/2026,True,False,OK
fact_player_match_stats,physical_metrics_walking,physical,OPTIONAL,55,SerieA,2024/2025,11887,0,0.0,0,0,0,380,0.0,0.0,0.0,2020/2021,2025/2026,True,False,OK
fact_player_match_stats,physical_metrics_walking,physical,OPTIONAL,55,SerieA,2025/2026,11928,0,0.0,0,0,0,380,0.0,0.0,0.0,2020/2021,2025/2026,True,False,OK
fact_player_match_stats,physical_metrics_walking,physical,OPTIONAL,87,LaLiga,2020/2021,11607,0,0.0,0,0,0,380,0.0,0.0,,2020/2021,2025/2026,True,False,OK
fact_player_match_stats,physical_metrics_walking,physical,OPTIONAL,87,LaLiga,2021/2022,11806,0,0.0,0,0,0,380,0.0,0.0,0.0,2020/2021,2025/2026,True,False,OK
fact_player_match_stats,physical_metrics_walking,physical,OPTIONAL,87,LaLiga,2022/2023,11801,0,0.0,0,0,0,379,0.0,0.0,0.0,2020/2021,2025/2026,True,False,OK
fact_player_match_stats,physical_metrics_walking,physical,OPTIONAL,87,LaLiga,2023/2024,11854,0,0.0,0,0,0,379,0.0,0.0,0.0,2020/2021,2025/2026,True,False,OK
fact_player_match_stats,physical_metrics_walking,physical,OPTIONAL,87,LaLiga,2024/2025,11900,0,0.0,0,0,0,380,0.0,0.0,0.0,2020/2021,2025/2026,True,False,OK
fact_player_match_stats,physical_metrics_walking,physical,OPTIONAL,87,LaLiga,2025/2026,11953,0,0.0,0,0,0,380,0.0,0.0,0.0,2020/2021,2025/2026,True,False,OK
fact_player_match_stats,player_throws,goalkeeper_advanced,REQUIRED,47,EPL,2020/2021,765,765,100.0,0,25,380,380,100.0,,,2020/2021,2025/2026,False,False,OK
fact_player_match_stats,player_throws,goalkeeper_advanced,REQUIRED,47,EPL,2021/2022,763,763,100.0,0,21,380,380,100.0,,0.0,2020/2021,2025/2026,False,False,OK
fact_player_match_stats,player_throws,goalkeeper_advanced,REQUIRED,47,EPL,2022/2023,770,770,100.0,0,24,380,380,100.0,,0.0,2020/2021,2025/2026,False,False,OK
fact_player_match_stats,player_throws,goalkeeper_advanced,REQUIRED,47,EPL,2023/2024,776,776,100.0,0,24,380,380,100.0,,0.0,2020/2021,2025/2026,False,False,OK
fact_player_match_stats,player_throws,goalkeeper_advanced,REQUIRED,47,EPL,2024/2025,770,770,100.0,0,26,380,380,100.0,,0.0,2020/2021,2025/2026,False,False,OK
fact_player_match_stats,player_throws,goalkeeper_advanced,REQUIRED,47,EPL,2025/2026,767,767,100.0,0,15,380,380,100.0,,0.0,2020/2021,2025/2026,False,False,OK
fact_player_match_stats,player_throws,goalkeeper_advanced,REQUIRED,53,Ligue1,2020/2021,768,768,100.0,0,21,380,380,100.0,0.0,,2020/2021,2025/2026,False,False,OK
fact_player_match_stats,player_throws,goalkeeper_advanced,REQUIRED,53,Ligue1,2021/2022,774,774,100.0,0,13,380,380,100.0,0.0,0.0,2020/2021,2025/2026,False,False,OK
fact_player_match_stats,player_throws,goalkeeper_advanced,REQUIRED,53,Ligue1,2022/2023,770,770,100.0,0,26,380,380,100.0,0.0,0.0,2020/2021,2025/2026,False,False,OK
fact_player_match_stats,player_throws,goalkeeper_advanced,REQUIRED,53,Ligue1,2023/2024,618,618,100.0,0,24,306,306,100.0,0.0,0.0,2020/2021,2025/2026,False,False,OK
fact_player_match_stats,player_throws,goalkeeper_advanced,REQUIRED,53,Ligue1,2024/2025,618,618,100.0,0,14,306,306,100.0,0.0,0.0,2020/2021,2025/2026,False,False,OK
fact_player_match_stats,player_throws,goalkeeper_advanced,REQUIRED,53,Ligue1,2025/2026,624,624,100.0,0,24,306,306,100.0,0.0,0.0,2020/2021,2025/2026,False,False,OK
fact_player_match_stats,player_throws,goalkeeper_advanced,REQUIRED,54,Bundesliga,2020/2021,619,619,100.0,0,5,306,306,100.0,0.0,,2020/2021,2025/2026,False,False,OK
fact_player_match_stats,player_throws,goalkeeper_advanced,REQUIRED,54,Bundesliga,2021/2022,616,616,100.0,0,10,306,306,100.0,0.0,0.0,2020/2021,2025/2026,False,False,OK
fact_player_match_stats,player_throws,goalkeeper_advanced,REQUIRED,54,Bundesliga,2022/2023,615,615,100.0,0,11,306,306,100.0,0.0,0.0,2020/2021,2025/2026,False,False,OK
fact_player_match_stats,player_throws,goalkeeper_advanced,REQUIRED,54,Bundesliga,2023/2024,614,614,100.0,0,12,306,306,100.0,0.0,0.0,2020/2021,2025/2026,False,False,OK
fact_player_match_stats,player_throws,goalkeeper_advanced,REQUIRED,54,Bundesliga,2024/2025,622,622,100.0,0,24,306,306,100.0,0.0,0.0,2020/2021,2025/2026,False,False,OK
fact_player_match_stats,player_throws,goalkeeper_advanced,REQUIRED,54,Bundesliga,2025/2026,620,620,100.0,0,18,306,306,100.0,0.0,0.0,2020/2021,2025/2026,False,False,OK
fact_player_match_stats,player_throws,goalkeeper_advanced,REQUIRED,55,SerieA,2020/2021,770,770,100.0,0,18,379,379,100.0,0.0,,2020/2021,2025/2026,False,False,OK
fact_player_match_stats,player_throws,goalkeeper_advanced,REQUIRED,55,SerieA,2021/2022,772,772,100.0,0,34,380,380,100.0,0.0,0.0,2020/2021,2025/2026,False,False,OK
fact_player_match_stats,player_throws,goalkeeper_advanced,REQUIRED,55,SerieA,2022/2023,772,772,100.0,0,25,381,381,100.0,0.0,0.0,2020/2021,2025/2026,False,False,OK
fact_player_match_stats,player_throws,goalkeeper_advanced,REQUIRED,55,SerieA,2023/2024,773,773,100.0,0,32,380,380,100.0,0.0,0.0,2020/2021,2025/2026,False,False,OK
fact_player_match_stats,player_throws,goalkeeper_advanced,REQUIRED,55,SerieA,2024/2025,769,769,100.0,0,26,380,380,100.0,0.0,0.0,2020/2021,2025/2026,False,False,OK
fact_player_match_stats,player_throws,goalkeeper_advanced,REQUIRED,55,SerieA,2025/2026,771,771,100.0,0,26,380,380,100.0,0.0,0.0,2020/2021,2025/2026,False,False,OK
fact_player_match_stats,player_throws,goalkeeper_advanced,REQUIRED,87,LaLiga,2020/2021,765,765,100.0,0,57,380,380,100.0,0.0,,2020/2021,2025/2026,False,False,OK
fact_player_match_stats,player_throws,goalkeeper_advanced,REQUIRED,87,LaLiga,2021/2022,768,768,100.0,0,39,380,380,100.0,0.0,0.0,2020/2021,2025/2026,False,False,OK
fact_player_match_stats,player_throws,goalkeeper_advanced,REQUIRED,87,LaLiga,2022/2023,769,769,100.0,0,21,379,379,100.0,0.0,0.0,2020/2021,2025/2026,False,False,OK
fact_player_match_stats,player_throws,goalkeeper_advanced,REQUIRED,87,LaLiga,2023/2024,771,771,100.0,0,28,379,379,100.0,0.0,0.0,2020/2021,2025/2026,False,False,OK
fact_player_match_stats,player_throws,goalkeeper_advanced,REQUIRED,87,LaLiga,2024/2025,770,770,100.0,0,36,380,380,100.0,0.0,0.0,2020/2021,2025/2026,False,False,OK
fact_player_match_stats,player_throws,goalkeeper_advanced,REQUIRED,87,LaLiga,2025/2026,762,762,100.0,0,24,380,380,100.0,0.0,0.0,2020/2021,2025/2026,False,False,OK
fact_player_match_stats,position_id,standard_match,OPTIONAL,47,EPL,2020/2021,10393,8734,84.0373,0,379,380,380,100.0,,,2020/2021,2025/2026,False,False,OK
fact_player_match_stats,position_id,standard_match,OPTIONAL,47,EPL,2021/2022,10485,8945,85.3124,0,589,380,380,100.0,,1.2751,2020/2021,2025/2026,False,False,OK
fact_player_match_stats,position_id,standard_match,OPTIONAL,47,EPL,2022/2023,11345,9339,82.3182,0,983,380,380,100.0,,-2.9942,2020/2021,2025/2026,False,False,OK
fact_player_match_stats,position_id,standard_match,OPTIONAL,47,EPL,2023/2024,11380,8810,77.4165,0,454,380,380,100.0,,-4.9017,2020/2021,2025/2026,False,False,OK
fact_player_match_stats,position_id,standard_match,OPTIONAL,47,EPL,2024/2025,11567,8358,72.2573,0,0,380,380,100.0,,-5.1592,2020/2021,2025/2026,False,False,OK
fact_player_match_stats,position_id,standard_match,OPTIONAL,47,EPL,2025/2026,11492,8360,72.7463,0,0,380,380,100.0,,0.489,2020/2021,2025/2026,False,False,OK
fact_player_match_stats,position_id,standard_match,OPTIONAL,53,Ligue1,2020/2021,11498,8830,76.796,0,471,380,380,100.0,-7.2413,,2020/2021,2025/2026,False,False,OK
fact_player_match_stats,position_id,standard_match,OPTIONAL,53,Ligue1,2021/2022,11527,9285,80.55,0,928,380,380,100.0,-4.7624,3.754,2020/2021,2025/2026,False,False,OK
fact_player_match_stats,position_id,standard_match,OPTIONAL,53,Ligue1,2022/2023,11541,9466,82.0206,0,1112,380,380,100.0,-0.2976,1.4706,2020/2021,2025/2026,False,False,OK
fact_player_match_stats,position_id,standard_match,OPTIONAL,53,Ligue1,2023/2024,9392,7174,76.3842,0,446,306,306,100.0,-1.0323,-5.6364,2020/2021,2025/2026,False,False,OK
fact_player_match_stats,position_id,standard_match,OPTIONAL,53,Ligue1,2024/2025,9413,6732,71.5181,0,0,306,306,100.0,-0.7392,-4.8661,2020/2021,2025/2026,False,False,OK
fact_player_match_stats,position_id,standard_match,OPTIONAL,53,Ligue1,2025/2026,9408,6730,71.5349,0,0,306,306,100.0,-1.2114,0.0168,2020/2021,2025/2026,False,False,OK
fact_player_match_stats,position_id,standard_match,OPTIONAL,54,Bundesliga,2020/2021,9271,6844,73.8216,0,114,306,306,100.0,-10.2157,,2020/2021,2025/2026,False,False,OK
fact_player_match_stats,position_id,standard_match,OPTIONAL,54,Bundesliga,2021/2022,9391,6755,71.9306,0,25,306,306,100.0,-13.3818,-1.891,2020/2021,2025/2026,False,False,OK
fact_player_match_stats,position_id,standard_match,OPTIONAL,54,Bundesliga,2022/2023,9480,7693,81.1498,0,964,306,306,100.0,-1.1684,9.2192,2020/2021,2025/2026,False,False,OK
fact_player_match_stats,position_id,standard_match,OPTIONAL,54,Bundesliga,2023/2024,9526,7169,75.2572,0,440,306,306,100.0,-2.1593,-5.8926,2020/2021,2025/2026,False,False,OK
fact_player_match_stats,position_id,standard_match,OPTIONAL,54,Bundesliga,2024/2025,9528,6729,70.6234,0,0,306,306,100.0,-1.6339,-4.6338,2020/2021,2025/2026,False,False,OK
fact_player_match_stats,position_id,standard_match,OPTIONAL,54,Bundesliga,2025/2026,9555,6732,70.4553,0,0,306,306,100.0,-2.291,-0.1681,2020/2021,2025/2026,False,False,OK
fact_player_match_stats,position_id,standard_match,OPTIONAL,55,SerieA,2020/2021,11612,8839,76.1195,0,504,379,379,100.0,-7.9178,,2020/2021,2025/2026,False,False,OK
fact_player_match_stats,position_id,standard_match,OPTIONAL,55,SerieA,2021/2022,11717,9301,79.3804,0,948,380,380,100.0,-5.932,3.2609,2020/2021,2025/2026,False,False,OK
fact_player_match_stats,position_id,standard_match,OPTIONAL,55,SerieA,2022/2023,11916,9554,80.1779,0,1175,381,381,100.0,-2.1403,0.7975,2020/2021,2025/2026,False,False,OK
fact_player_match_stats,position_id,standard_match,OPTIONAL,55,SerieA,2023/2024,11910,8911,74.8195,0,553,380,380,100.0,-2.597,-5.3584,2020/2021,2025/2026,False,False,OK
fact_player_match_stats,position_id,standard_match,OPTIONAL,55,SerieA,2024/2025,11887,8359,70.3205,0,0,380,380,100.0,-1.9368,-4.499,2020/2021,2025/2026,False,False,OK
fact_player_match_stats,position_id,standard_match,OPTIONAL,55,SerieA,2025/2026,11928,8360,70.0872,0,0,380,380,100.0,-2.6591,-0.2333,2020/2021,2025/2026,False,False,OK
fact_player_match_stats,position_id,standard_match,OPTIONAL,87,LaLiga,2020/2021,11607,8863,76.3591,0,506,380,380,100.0,-7.6782,,2020/2021,2025/2026,False,False,OK
fact_player_match_stats,position_id,standard_match,OPTIONAL,87,LaLiga,2021/2022,11806,9394,79.5697,0,1035,380,380,100.0,-5.7427,3.2106,2020/2021,2025/2026,False,False,OK
fact_player_match_stats,position_id,standard_match,OPTIONAL,87,LaLiga,2022/2023,11801,9451,80.0864,0,1115,379,379,100.0,-2.2318,0.5167,2020/2021,2025/2026,False,False,OK
fact_player_match_stats,position_id,standard_match,OPTIONAL,87,LaLiga,2023/2024,11854,8925,75.291,0,589,379,379,100.0,-2.1255,-4.7954,2020/2021,2025/2026,False,False,OK
fact_player_match_stats,position_id,standard_match,OPTIONAL,87,LaLiga,2024/2025,11900,8357,70.2269,0,0,380,380,100.0,-2.0304,-5.0641,2020/2021,2025/2026,False,False,OK
fact_player_match_stats,position_id,standard_match,OPTIONAL,87,LaLiga,2025/2026,11953,8360,69.9406,0,0,380,380,100.0,-2.8057,-0.2863,2020/2021,2025/2026,False,False,OK
fact_player_match_stats,punches,goalkeeper_advanced,REQUIRED,47,EPL,2020/2021,765,765,100.0,0,536,380,380,100.0,,,2020/2021,2025/2026,False,False,OK
fact_player_match_stats,punches,goalkeeper_advanced,REQUIRED,47,EPL,2021/2022,763,763,100.0,0,533,380,380,100.0,,0.0,2020/2021,2025/2026,False,False,OK
fact_player_match_stats,punches,goalkeeper_advanced,REQUIRED,47,EPL,2022/2023,770,770,100.0,0,532,380,380,100.0,,0.0,2020/2021,2025/2026,False,False,OK
fact_player_match_stats,punches,goalkeeper_advanced,REQUIRED,47,EPL,2023/2024,776,776,100.0,0,545,380,380,100.0,,0.0,2020/2021,2025/2026,False,False,OK
fact_player_match_stats,punches,goalkeeper_advanced,REQUIRED,47,EPL,2024/2025,770,770,100.0,0,487,380,380,100.0,,0.0,2020/2021,2025/2026,False,False,OK
fact_player_match_stats,punches,goalkeeper_advanced,REQUIRED,47,EPL,2025/2026,767,767,100.0,0,434,380,380,100.0,,0.0,2020/2021,2025/2026,False,False,OK
fact_player_match_stats,punches,goalkeeper_advanced,REQUIRED,53,Ligue1,2020/2021,768,768,100.0,0,564,380,380,100.0,0.0,,2020/2021,2025/2026,False,False,OK
fact_player_match_stats,punches,goalkeeper_advanced,REQUIRED,53,Ligue1,2021/2022,774,774,100.0,0,548,380,380,100.0,0.0,0.0,2020/2021,2025/2026,False,False,OK
fact_player_match_stats,punches,goalkeeper_advanced,REQUIRED,53,Ligue1,2022/2023,770,770,100.0,0,576,380,380,100.0,0.0,0.0,2020/2021,2025/2026,False,False,OK
fact_player_match_stats,punches,goalkeeper_advanced,REQUIRED,53,Ligue1,2023/2024,618,618,100.0,0,446,306,306,100.0,0.0,0.0,2020/2021,2025/2026,False,False,OK
fact_player_match_stats,punches,goalkeeper_advanced,REQUIRED,53,Ligue1,2024/2025,618,618,100.0,0,482,306,306,100.0,0.0,0.0,2020/2021,2025/2026,False,False,OK
fact_player_match_stats,punches,goalkeeper_advanced,REQUIRED,53,Ligue1,2025/2026,624,624,100.0,0,459,306,306,100.0,0.0,0.0,2020/2021,2025/2026,False,False,OK
fact_player_match_stats,punches,goalkeeper_advanced,REQUIRED,54,Bundesliga,2020/2021,619,619,100.0,0,448,306,306,100.0,0.0,,2020/2021,2025/2026,False,False,OK
fact_player_match_stats,punches,goalkeeper_advanced,REQUIRED,54,Bundesliga,2021/2022,616,616,100.0,0,452,306,306,100.0,0.0,0.0,2020/2021,2025/2026,False,False,OK
fact_player_match_stats,punches,goalkeeper_advanced,REQUIRED,54,Bundesliga,2022/2023,615,615,100.0,0,433,306,306,100.0,0.0,0.0,2020/2021,2025/2026,False,False,OK
fact_player_match_stats,punches,goalkeeper_advanced,REQUIRED,54,Bundesliga,2023/2024,614,614,100.0,0,428,306,306,100.0,0.0,0.0,2020/2021,2025/2026,False,False,OK
fact_player_match_stats,punches,goalkeeper_advanced,REQUIRED,54,Bundesliga,2024/2025,622,622,100.0,0,410,306,306,100.0,0.0,0.0,2020/2021,2025/2026,False,False,OK
fact_player_match_stats,punches,goalkeeper_advanced,REQUIRED,54,Bundesliga,2025/2026,620,620,100.0,0,392,306,306,100.0,0.0,0.0,2020/2021,2025/2026,False,False,OK
fact_player_match_stats,punches,goalkeeper_advanced,REQUIRED,55,SerieA,2020/2021,770,770,100.0,0,566,379,379,100.0,0.0,,2020/2021,2025/2026,False,False,OK
fact_player_match_stats,punches,goalkeeper_advanced,REQUIRED,55,SerieA,2021/2022,772,772,100.0,0,571,380,380,100.0,0.0,0.0,2020/2021,2025/2026,False,False,OK
fact_player_match_stats,punches,goalkeeper_advanced,REQUIRED,55,SerieA,2022/2023,772,772,100.0,0,544,381,381,100.0,0.0,0.0,2020/2021,2025/2026,False,False,OK
fact_player_match_stats,punches,goalkeeper_advanced,REQUIRED,55,SerieA,2023/2024,773,773,100.0,0,561,380,380,100.0,0.0,0.0,2020/2021,2025/2026,False,False,OK
fact_player_match_stats,punches,goalkeeper_advanced,REQUIRED,55,SerieA,2024/2025,769,769,100.0,0,526,380,380,100.0,0.0,0.0,2020/2021,2025/2026,False,False,OK
fact_player_match_stats,punches,goalkeeper_advanced,REQUIRED,55,SerieA,2025/2026,771,771,100.0,0,531,380,380,100.0,0.0,0.0,2020/2021,2025/2026,False,False,OK
fact_player_match_stats,punches,goalkeeper_advanced,REQUIRED,87,LaLiga,2020/2021,765,765,100.0,0,557,380,380,100.0,0.0,,2020/2021,2025/2026,False,False,OK
fact_player_match_stats,punches,goalkeeper_advanced,REQUIRED,87,LaLiga,2021/2022,768,768,100.0,0,535,380,380,100.0,0.0,0.0,2020/2021,2025/2026,False,False,OK
fact_player_match_stats,punches,goalkeeper_advanced,REQUIRED,87,LaLiga,2022/2023,769,769,100.0,0,555,379,379,100.0,0.0,0.0,2020/2021,2025/2026,False,False,OK
fact_player_match_stats,punches,goalkeeper_advanced,REQUIRED,87,LaLiga,2023/2024,771,771,100.0,0,505,379,379,100.0,0.0,0.0,2020/2021,2025/2026,False,False,OK
fact_player_match_stats,punches,goalkeeper_advanced,REQUIRED,87,LaLiga,2024/2025,770,770,100.0,0,522,380,380,100.0,0.0,0.0,2020/2021,2025/2026,False,False,OK
fact_player_match_stats,punches,goalkeeper_advanced,REQUIRED,87,LaLiga,2025/2026,762,762,100.0,0,512,380,380,100.0,0.0,0.0,2020/2021,2025/2026,False,False,OK
fact_player_match_stats,rating_title,standard_match,REQUIRED,47,EPL,2020/2021,10393,9818,94.4674,0,0,380,380,100.0,,,2020/2021,2025/2026,False,False,OK
fact_player_match_stats,rating_title,standard_match,REQUIRED,47,EPL,2021/2022,10485,9877,94.2012,0,0,380,380,100.0,,-0.2662,2020/2021,2025/2026,False,False,OK
fact_player_match_stats,rating_title,standard_match,REQUIRED,47,EPL,2022/2023,11345,10404,91.7056,0,0,380,380,100.0,,-2.4956,2020/2021,2025/2026,False,False,OK
fact_player_match_stats,rating_title,standard_match,REQUIRED,47,EPL,2023/2024,11380,10387,91.2742,0,0,380,380,100.0,,-0.4314,2020/2021,2025/2026,False,False,OK
fact_player_match_stats,rating_title,standard_match,REQUIRED,47,EPL,2024/2025,11567,10551,91.2164,0,0,380,380,100.0,,-0.0578,2020/2021,2025/2026,False,False,OK
fact_player_match_stats,rating_title,standard_match,REQUIRED,47,EPL,2025/2026,11492,10481,91.2026,0,0,380,380,100.0,,-0.0138,2020/2021,2025/2026,False,False,OK
fact_player_match_stats,rating_title,standard_match,REQUIRED,53,Ligue1,2020/2021,11498,10601,92.1986,0,0,380,380,100.0,-2.2688,,2020/2021,2025/2026,False,False,OK
fact_player_match_stats,rating_title,standard_match,REQUIRED,53,Ligue1,2021/2022,11527,10561,91.6197,0,0,380,380,100.0,-2.5815,-0.5789,2020/2021,2025/2026,False,False,OK
fact_player_match_stats,rating_title,standard_match,REQUIRED,53,Ligue1,2022/2023,11541,10684,92.5743,0,0,380,380,100.0,0.8687,0.9546,2020/2021,2025/2026,False,False,OK
fact_player_match_stats,rating_title,standard_match,REQUIRED,53,Ligue1,2023/2024,9392,8606,91.6312,0,0,306,306,100.0,0.357,-0.9431,2020/2021,2025/2026,False,False,OK
fact_player_match_stats,rating_title,standard_match,REQUIRED,53,Ligue1,2024/2025,9413,8632,91.703,0,0,306,306,100.0,0.4866,0.0718,2020/2021,2025/2026,False,False,OK
fact_player_match_stats,rating_title,standard_match,REQUIRED,53,Ligue1,2025/2026,9408,8645,91.8899,0,0,306,306,100.0,0.6873,0.1869,2020/2021,2025/2026,False,False,OK
fact_player_match_stats,rating_title,standard_match,REQUIRED,54,Bundesliga,2020/2021,9271,8517,91.8671,0,0,306,306,100.0,-2.6003,,2020/2021,2025/2026,False,False,OK
fact_player_match_stats,rating_title,standard_match,REQUIRED,54,Bundesliga,2021/2022,9391,8622,91.8113,0,0,306,306,100.0,-2.3899,-0.0558,2020/2021,2025/2026,False,False,OK
fact_player_match_stats,rating_title,standard_match,REQUIRED,54,Bundesliga,2022/2023,9480,8721,91.9937,0,0,306,306,100.0,0.2881,0.1824,2020/2021,2025/2026,False,False,OK
fact_player_match_stats,rating_title,standard_match,REQUIRED,54,Bundesliga,2023/2024,9526,8648,90.7831,0,0,306,306,100.0,-0.4911,-1.2106,2020/2021,2025/2026,False,False,OK
fact_player_match_stats,rating_title,standard_match,REQUIRED,54,Bundesliga,2024/2025,9528,8698,91.2888,0,0,306,306,100.0,0.0724,0.5057,2020/2021,2025/2026,False,False,OK
fact_player_match_stats,rating_title,standard_match,REQUIRED,54,Bundesliga,2025/2026,9555,8714,91.1983,0,0,306,306,100.0,-0.0043,-0.0905,2020/2021,2025/2026,False,False,OK
fact_player_match_stats,rating_title,standard_match,REQUIRED,55,SerieA,2020/2021,11612,10777,92.8092,0,0,379,379,100.0,-1.6582,,2020/2021,2025/2026,False,False,OK
fact_player_match_stats,rating_title,standard_match,REQUIRED,55,SerieA,2021/2022,11717,10887,92.9163,0,0,380,380,100.0,-1.2849,0.1071,2020/2021,2025/2026,False,False,OK
fact_player_match_stats,rating_title,standard_match,REQUIRED,55,SerieA,2022/2023,11916,11070,92.9003,0,0,381,381,100.0,1.1947,-0.016,2020/2021,2025/2026,False,False,OK
fact_player_match_stats,rating_title,standard_match,REQUIRED,55,SerieA,2023/2024,11910,10963,92.0487,0,0,380,380,100.0,0.7745,-0.8516,2020/2021,2025/2026,False,False,OK
fact_player_match_stats,rating_title,standard_match,REQUIRED,55,SerieA,2024/2025,11887,10965,92.2436,0,0,380,380,100.0,1.0272,0.1949,2020/2021,2025/2026,False,False,OK
fact_player_match_stats,rating_title,standard_match,REQUIRED,55,SerieA,2025/2026,11928,11043,92.5805,0,0,380,380,100.0,1.3779,0.3369,2020/2021,2025/2026,False,False,OK
fact_player_match_stats,rating_title,standard_match,REQUIRED,87,LaLiga,2020/2021,11607,10771,92.7974,0,0,380,380,100.0,-1.67,,2020/2021,2025/2026,False,False,OK
fact_player_match_stats,rating_title,standard_match,REQUIRED,87,LaLiga,2021/2022,11806,10884,92.1904,0,0,380,380,100.0,-2.0108,-0.607,2020/2021,2025/2026,False,False,OK
fact_player_match_stats,rating_title,standard_match,REQUIRED,87,LaLiga,2022/2023,11801,10945,92.7464,0,0,379,379,100.0,1.0408,0.556,2020/2021,2025/2026,False,False,OK
fact_player_match_stats,rating_title,standard_match,REQUIRED,87,LaLiga,2023/2024,11854,10948,92.357,0,0,379,379,100.0,1.0828,-0.3894,2020/2021,2025/2026,False,False,OK
fact_player_match_stats,rating_title,standard_match,REQUIRED,87,LaLiga,2024/2025,11900,11030,92.6891,0,0,380,380,100.0,1.4727,0.3321,2020/2021,2025/2026,False,False,OK
fact_player_match_stats,rating_title,standard_match,REQUIRED,87,LaLiga,2025/2026,11953,11089,92.7717,0,0,380,380,100.0,1.5691,0.0826,2020/2021,2025/2026,False,False,OK
fact_player_match_stats,recoveries,defensive_duel_passing,REQUIRED,47,EPL,2020/2021,9628,9628,100.0,0,1007,380,380,100.0,,,2020/2021,2025/2026,False,False,OK
fact_player_match_stats,recoveries,defensive_duel_passing,REQUIRED,47,EPL,2021/2022,9722,9722,100.0,0,1006,380,380,100.0,,0.0,2020/2021,2025/2026,False,False,OK
fact_player_match_stats,recoveries,defensive_duel_passing,REQUIRED,47,EPL,2022/2023,10575,10575,100.0,0,1395,380,380,100.0,,0.0,2020/2021,2025/2026,False,False,OK
fact_player_match_stats,recoveries,defensive_duel_passing,REQUIRED,47,EPL,2023/2024,10604,10604,100.0,0,1545,380,380,100.0,,0.0,2020/2021,2025/2026,False,False,OK
fact_player_match_stats,recoveries,defensive_duel_passing,REQUIRED,47,EPL,2024/2025,10797,10797,100.0,0,1843,380,380,100.0,,0.0,2020/2021,2025/2026,False,False,OK
fact_player_match_stats,recoveries,defensive_duel_passing,REQUIRED,47,EPL,2025/2026,10725,10725,100.0,0,1874,380,380,100.0,,0.0,2020/2021,2025/2026,False,False,OK
fact_player_match_stats,recoveries,defensive_duel_passing,REQUIRED,53,Ligue1,2020/2021,10730,10730,100.0,0,1495,380,380,100.0,0.0,,2020/2021,2025/2026,False,False,OK
fact_player_match_stats,recoveries,defensive_duel_passing,REQUIRED,53,Ligue1,2021/2022,10753,10753,100.0,0,1545,380,380,100.0,0.0,0.0,2020/2021,2025/2026,False,False,OK
fact_player_match_stats,recoveries,defensive_duel_passing,REQUIRED,53,Ligue1,2022/2023,10771,10771,100.0,0,1419,380,380,100.0,0.0,0.0,2020/2021,2025/2026,False,False,OK
fact_player_match_stats,recoveries,defensive_duel_passing,REQUIRED,53,Ligue1,2023/2024,8774,8774,100.0,0,1213,306,306,100.0,0.0,0.0,2020/2021,2025/2026,False,False,OK
fact_player_match_stats,recoveries,defensive_duel_passing,REQUIRED,53,Ligue1,2024/2025,8795,8795,100.0,0,1481,306,306,100.0,0.0,0.0,2020/2021,2025/2026,False,False,OK
fact_player_match_stats,recoveries,defensive_duel_passing,REQUIRED,53,Ligue1,2025/2026,8784,8784,100.0,0,1522,306,306,100.0,0.0,0.0,2020/2021,2025/2026,False,False,OK
fact_player_match_stats,recoveries,defensive_duel_passing,REQUIRED,54,Bundesliga,2020/2021,8652,8652,100.0,0,1133,306,306,100.0,0.0,,2020/2021,2025/2026,False,False,OK
fact_player_match_stats,recoveries,defensive_duel_passing,REQUIRED,54,Bundesliga,2021/2022,8775,8775,100.0,0,1140,306,306,100.0,0.0,0.0,2020/2021,2025/2026,False,False,OK
fact_player_match_stats,recoveries,defensive_duel_passing,REQUIRED,54,Bundesliga,2022/2023,8865,8865,100.0,0,1233,306,306,100.0,0.0,0.0,2020/2021,2025/2026,False,False,OK
fact_player_match_stats,recoveries,defensive_duel_passing,REQUIRED,54,Bundesliga,2023/2024,8912,8912,100.0,0,1386,306,306,100.0,0.0,0.0,2020/2021,2025/2026,False,False,OK
fact_player_match_stats,recoveries,defensive_duel_passing,REQUIRED,54,Bundesliga,2024/2025,8906,8906,100.0,0,1664,306,306,100.0,0.0,0.0,2020/2021,2025/2026,False,False,OK
fact_player_match_stats,recoveries,defensive_duel_passing,REQUIRED,54,Bundesliga,2025/2026,8935,8935,100.0,0,1654,306,306,100.0,0.0,0.0,2020/2021,2025/2026,False,False,OK
fact_player_match_stats,recoveries,defensive_duel_passing,REQUIRED,55,SerieA,2020/2021,10842,10842,100.0,0,1525,379,379,100.0,0.0,,2020/2021,2025/2026,False,False,OK
fact_player_match_stats,recoveries,defensive_duel_passing,REQUIRED,55,SerieA,2021/2022,10945,10945,100.0,0,1433,380,380,100.0,0.0,0.0,2020/2021,2025/2026,False,False,OK
fact_player_match_stats,recoveries,defensive_duel_passing,REQUIRED,55,SerieA,2022/2023,11144,11144,100.0,0,1509,381,381,100.0,0.0,0.0,2020/2021,2025/2026,False,False,OK
fact_player_match_stats,recoveries,defensive_duel_passing,REQUIRED,55,SerieA,2023/2024,11137,11137,100.0,0,1802,380,380,100.0,0.0,0.0,2020/2021,2025/2026,False,False,OK
fact_player_match_stats,recoveries,defensive_duel_passing,REQUIRED,55,SerieA,2024/2025,11118,11118,100.0,0,2046,380,380,100.0,0.0,0.0,2020/2021,2025/2026,False,False,OK
fact_player_match_stats,recoveries,defensive_duel_passing,REQUIRED,55,SerieA,2025/2026,11157,11157,100.0,0,2144,380,380,100.0,0.0,0.0,2020/2021,2025/2026,False,False,OK
fact_player_match_stats,recoveries,defensive_duel_passing,REQUIRED,87,LaLiga,2020/2021,10842,10842,100.0,0,1553,380,380,100.0,0.0,,2020/2021,2025/2026,False,False,OK
fact_player_match_stats,recoveries,defensive_duel_passing,REQUIRED,87,LaLiga,2021/2022,11038,11038,100.0,0,1558,380,380,100.0,0.0,0.0,2020/2021,2025/2026,False,False,OK
fact_player_match_stats,recoveries,defensive_duel_passing,REQUIRED,87,LaLiga,2022/2023,11032,11032,100.0,0,1512,379,379,100.0,0.0,0.0,2020/2021,2025/2026,False,False,OK
fact_player_match_stats,recoveries,defensive_duel_passing,REQUIRED,87,LaLiga,2023/2024,11083,11083,100.0,0,1691,379,379,100.0,0.0,0.0,2020/2021,2025/2026,False,False,OK
fact_player_match_stats,recoveries,defensive_duel_passing,REQUIRED,87,LaLiga,2024/2025,11130,11130,100.0,0,1938,380,380,100.0,0.0,0.0,2020/2021,2025/2026,False,False,OK
fact_player_match_stats,recoveries,defensive_duel_passing,REQUIRED,87,LaLiga,2025/2026,11191,11191,100.0,0,1984,380,380,100.0,0.0,0.0,2020/2021,2025/2026,False,False,OK
fact_player_match_stats,saved_penalties,goalkeeper_advanced,OPTIONAL,47,EPL,2020/2021,765,13,1.6993,0,0,13,380,3.4211,,,2020/2021,2025/2026,False,False,OK
fact_player_match_stats,saved_penalties,goalkeeper_advanced,OPTIONAL,47,EPL,2021/2022,763,12,1.5727,0,0,12,380,3.1579,,-0.1266,2020/2021,2025/2026,False,False,OK
fact_player_match_stats,saved_penalties,goalkeeper_advanced,OPTIONAL,47,EPL,2022/2023,770,17,2.2078,0,0,17,380,4.4737,,0.6351,2020/2021,2025/2026,False,False,OK
fact_player_match_stats,saved_penalties,goalkeeper_advanced,OPTIONAL,47,EPL,2023/2024,776,8,1.0309,0,0,8,380,2.1053,,-1.1769,2020/2021,2025/2026,False,False,OK
fact_player_match_stats,saved_penalties,goalkeeper_advanced,OPTIONAL,47,EPL,2024/2025,770,13,1.6883,0,0,13,380,3.4211,,0.6574,2020/2021,2025/2026,False,False,OK
fact_player_match_stats,saved_penalties,goalkeeper_advanced,OPTIONAL,47,EPL,2025/2026,767,11,1.4342,0,0,11,380,2.8947,,-0.2541,2020/2021,2025/2026,False,False,OK
fact_player_match_stats,saved_penalties,goalkeeper_advanced,OPTIONAL,53,Ligue1,2020/2021,768,17,2.2135,0,0,16,380,4.2105,0.5142,,2020/2021,2025/2026,False,False,OK
fact_player_match_stats,saved_penalties,goalkeeper_advanced,OPTIONAL,53,Ligue1,2021/2022,774,11,1.4212,0,0,11,380,2.8947,-0.1515,-0.7923,2020/2021,2025/2026,False,False,OK
fact_player_match_stats,saved_penalties,goalkeeper_advanced,OPTIONAL,53,Ligue1,2022/2023,770,22,2.8571,0,0,22,380,5.7895,0.6493,1.4359,2020/2021,2025/2026,False,False,OK
fact_player_match_stats,saved_penalties,goalkeeper_advanced,OPTIONAL,53,Ligue1,2023/2024,618,13,2.1036,0,0,13,306,4.2484,1.0727,-0.7535,2020/2021,2025/2026,False,False,OK
fact_player_match_stats,saved_penalties,goalkeeper_advanced,OPTIONAL,53,Ligue1,2024/2025,618,18,2.9126,0,0,18,306,5.8824,1.2243,0.809,2020/2021,2025/2026,False,False,OK
fact_player_match_stats,saved_penalties,goalkeeper_advanced,OPTIONAL,53,Ligue1,2025/2026,624,23,3.6859,0,0,23,306,7.5163,2.2517,0.7733,2020/2021,2025/2026,False,False,OK
fact_player_match_stats,saved_penalties,goalkeeper_advanced,OPTIONAL,54,Bundesliga,2020/2021,619,18,2.9079,0,0,18,306,5.8824,1.2086,,2020/2021,2025/2026,False,False,OK
fact_player_match_stats,saved_penalties,goalkeeper_advanced,OPTIONAL,54,Bundesliga,2021/2022,616,9,1.461,0,0,9,306,2.9412,-0.1117,-1.4469,2020/2021,2025/2026,False,False,OK
fact_player_match_stats,saved_penalties,goalkeeper_advanced,OPTIONAL,54,Bundesliga,2022/2023,615,14,2.2764,0,0,13,306,4.2484,0.0686,0.8154,2020/2021,2025/2026,False,False,OK
fact_player_match_stats,saved_penalties,goalkeeper_advanced,OPTIONAL,54,Bundesliga,2023/2024,614,14,2.2801,0,0,14,306,4.5752,1.2492,0.0037,2020/2021,2025/2026,False,False,OK
fact_player_match_stats,saved_penalties,goalkeeper_advanced,OPTIONAL,54,Bundesliga,2024/2025,622,23,3.6977,0,0,23,306,7.5163,2.0094,1.4176,2020/2021,2025/2026,False,False,OK
fact_player_match_stats,saved_penalties,goalkeeper_advanced,OPTIONAL,54,Bundesliga,2025/2026,620,14,2.2581,0,0,14,306,4.5752,0.8239,-1.4396,2020/2021,2025/2026,False,False,OK
fact_player_match_stats,saved_penalties,goalkeeper_advanced,OPTIONAL,55,SerieA,2020/2021,770,20,2.5974,0,0,20,379,5.277,0.8981,,2020/2021,2025/2026,False,False,OK
fact_player_match_stats,saved_penalties,goalkeeper_advanced,OPTIONAL,55,SerieA,2021/2022,772,21,2.7202,0,0,20,380,5.2632,1.1475,0.1228,2020/2021,2025/2026,False,False,OK
fact_player_match_stats,saved_penalties,goalkeeper_advanced,OPTIONAL,55,SerieA,2022/2023,772,18,2.3316,0,0,18,381,4.7244,0.1238,-0.3886,2020/2021,2025/2026,False,False,OK
fact_player_match_stats,saved_penalties,goalkeeper_advanced,OPTIONAL,55,SerieA,2023/2024,773,18,2.3286,0,0,18,380,4.7368,1.2977,-0.003,2020/2021,2025/2026,False,False,OK
fact_player_match_stats,saved_penalties,goalkeeper_advanced,OPTIONAL,55,SerieA,2024/2025,769,18,2.3407,0,0,17,380,4.4737,0.6524,0.0121,2020/2021,2025/2026,False,False,OK
fact_player_match_stats,saved_penalties,goalkeeper_advanced,OPTIONAL,55,SerieA,2025/2026,771,22,2.8534,0,0,22,380,5.7895,1.4192,0.5127,2020/2021,2025/2026,False,False,OK
fact_player_match_stats,saved_penalties,goalkeeper_advanced,OPTIONAL,87,LaLiga,2020/2021,765,27,3.5294,0,0,26,380,6.8421,1.8301,,2020/2021,2025/2026,False,False,OK
fact_player_match_stats,saved_penalties,goalkeeper_advanced,OPTIONAL,87,LaLiga,2021/2022,768,28,3.6458,0,0,28,380,7.3684,2.0731,0.1164,2020/2021,2025/2026,False,False,OK
fact_player_match_stats,saved_penalties,goalkeeper_advanced,OPTIONAL,87,LaLiga,2022/2023,769,21,2.7308,0,0,20,379,5.277,0.523,-0.915,2020/2021,2025/2026,False,False,OK
fact_player_match_stats,saved_penalties,goalkeeper_advanced,OPTIONAL,87,LaLiga,2023/2024,771,17,2.2049,0,0,16,379,4.2216,1.174,-0.5259,2020/2021,2025/2026,False,False,OK
fact_player_match_stats,saved_penalties,goalkeeper_advanced,OPTIONAL,87,LaLiga,2024/2025,770,19,2.4675,0,0,19,380,5.0,0.7792,0.2626,2020/2021,2025/2026,False,False,OK
fact_player_match_stats,saved_penalties,goalkeeper_advanced,OPTIONAL,87,LaLiga,2025/2026,762,17,2.231,0,0,17,380,4.4737,0.7968,-0.2365,2020/2021,2025/2026,False,False,OK
fact_player_match_stats,saved_penalties_in_shootout,goalkeeper_advanced,OPTIONAL,47,EPL,2020/2021,765,0,0.0,0,0,0,380,0.0,,,2020/2021,2025/2026,True,False,OK
fact_player_match_stats,saved_penalties_in_shootout,goalkeeper_advanced,OPTIONAL,47,EPL,2021/2022,763,0,0.0,0,0,0,380,0.0,,0.0,2020/2021,2025/2026,True,False,OK
fact_player_match_stats,saved_penalties_in_shootout,goalkeeper_advanced,OPTIONAL,47,EPL,2022/2023,770,0,0.0,0,0,0,380,0.0,,0.0,2020/2021,2025/2026,True,False,OK
fact_player_match_stats,saved_penalties_in_shootout,goalkeeper_advanced,OPTIONAL,47,EPL,2023/2024,776,0,0.0,0,0,0,380,0.0,,0.0,2020/2021,2025/2026,True,False,OK
fact_player_match_stats,saved_penalties_in_shootout,goalkeeper_advanced,OPTIONAL,47,EPL,2024/2025,770,0,0.0,0,0,0,380,0.0,,0.0,2020/2021,2025/2026,True,False,OK
fact_player_match_stats,saved_penalties_in_shootout,goalkeeper_advanced,OPTIONAL,47,EPL,2025/2026,767,0,0.0,0,0,0,380,0.0,,0.0,2020/2021,2025/2026,True,False,OK
fact_player_match_stats,saved_penalties_in_shootout,goalkeeper_advanced,OPTIONAL,53,Ligue1,2020/2021,768,0,0.0,0,0,0,380,0.0,0.0,,2020/2021,2025/2026,True,False,OK
fact_player_match_stats,saved_penalties_in_shootout,goalkeeper_advanced,OPTIONAL,53,Ligue1,2021/2022,774,0,0.0,0,0,0,380,0.0,0.0,0.0,2020/2021,2025/2026,True,False,OK
fact_player_match_stats,saved_penalties_in_shootout,goalkeeper_advanced,OPTIONAL,53,Ligue1,2022/2023,770,0,0.0,0,0,0,380,0.0,0.0,0.0,2020/2021,2025/2026,True,False,OK
fact_player_match_stats,saved_penalties_in_shootout,goalkeeper_advanced,OPTIONAL,53,Ligue1,2023/2024,618,0,0.0,0,0,0,306,0.0,0.0,0.0,2020/2021,2025/2026,True,False,OK
fact_player_match_stats,saved_penalties_in_shootout,goalkeeper_advanced,OPTIONAL,53,Ligue1,2024/2025,618,0,0.0,0,0,0,306,0.0,0.0,0.0,2020/2021,2025/2026,True,False,OK
fact_player_match_stats,saved_penalties_in_shootout,goalkeeper_advanced,OPTIONAL,53,Ligue1,2025/2026,624,0,0.0,0,0,0,306,0.0,0.0,0.0,2020/2021,2025/2026,True,False,OK
fact_player_match_stats,saved_penalties_in_shootout,goalkeeper_advanced,OPTIONAL,54,Bundesliga,2020/2021,619,0,0.0,0,0,0,306,0.0,0.0,,2020/2021,2025/2026,True,False,OK
fact_player_match_stats,saved_penalties_in_shootout,goalkeeper_advanced,OPTIONAL,54,Bundesliga,2021/2022,616,0,0.0,0,0,0,306,0.0,0.0,0.0,2020/2021,2025/2026,True,False,OK
fact_player_match_stats,saved_penalties_in_shootout,goalkeeper_advanced,OPTIONAL,54,Bundesliga,2022/2023,615,0,0.0,0,0,0,306,0.0,0.0,0.0,2020/2021,2025/2026,True,False,OK
fact_player_match_stats,saved_penalties_in_shootout,goalkeeper_advanced,OPTIONAL,54,Bundesliga,2023/2024,614,0,0.0,0,0,0,306,0.0,0.0,0.0,2020/2021,2025/2026,True,False,OK
fact_player_match_stats,saved_penalties_in_shootout,goalkeeper_advanced,OPTIONAL,54,Bundesliga,2024/2025,622,0,0.0,0,0,0,306,0.0,0.0,0.0,2020/2021,2025/2026,True,False,OK
fact_player_match_stats,saved_penalties_in_shootout,goalkeeper_advanced,OPTIONAL,54,Bundesliga,2025/2026,620,0,0.0,0,0,0,306,0.0,0.0,0.0,2020/2021,2025/2026,True,False,OK
fact_player_match_stats,saved_penalties_in_shootout,goalkeeper_advanced,OPTIONAL,55,SerieA,2020/2021,770,0,0.0,0,0,0,379,0.0,0.0,,2020/2021,2025/2026,True,False,OK
fact_player_match_stats,saved_penalties_in_shootout,goalkeeper_advanced,OPTIONAL,55,SerieA,2021/2022,772,0,0.0,0,0,0,380,0.0,0.0,0.0,2020/2021,2025/2026,True,False,OK
fact_player_match_stats,saved_penalties_in_shootout,goalkeeper_advanced,OPTIONAL,55,SerieA,2022/2023,772,0,0.0,0,0,0,381,0.0,0.0,0.0,2020/2021,2025/2026,True,False,OK
fact_player_match_stats,saved_penalties_in_shootout,goalkeeper_advanced,OPTIONAL,55,SerieA,2023/2024,773,0,0.0,0,0,0,380,0.0,0.0,0.0,2020/2021,2025/2026,True,False,OK
fact_player_match_stats,saved_penalties_in_shootout,goalkeeper_advanced,OPTIONAL,55,SerieA,2024/2025,769,0,0.0,0,0,0,380,0.0,0.0,0.0,2020/2021,2025/2026,True,False,OK
fact_player_match_stats,saved_penalties_in_shootout,goalkeeper_advanced,OPTIONAL,55,SerieA,2025/2026,771,0,0.0,0,0,0,380,0.0,0.0,0.0,2020/2021,2025/2026,True,False,OK
fact_player_match_stats,saved_penalties_in_shootout,goalkeeper_advanced,OPTIONAL,87,LaLiga,2020/2021,765,0,0.0,0,0,0,380,0.0,0.0,,2020/2021,2025/2026,True,False,OK
fact_player_match_stats,saved_penalties_in_shootout,goalkeeper_advanced,OPTIONAL,87,LaLiga,2021/2022,768,0,0.0,0,0,0,380,0.0,0.0,0.0,2020/2021,2025/2026,True,False,OK
fact_player_match_stats,saved_penalties_in_shootout,goalkeeper_advanced,OPTIONAL,87,LaLiga,2022/2023,769,0,0.0,0,0,0,379,0.0,0.0,0.0,2020/2021,2025/2026,True,False,OK
fact_player_match_stats,saved_penalties_in_shootout,goalkeeper_advanced,OPTIONAL,87,LaLiga,2023/2024,771,0,0.0,0,0,0,379,0.0,0.0,0.0,2020/2021,2025/2026,True,False,OK
fact_player_match_stats,saved_penalties_in_shootout,goalkeeper_advanced,OPTIONAL,87,LaLiga,2024/2025,770,0,0.0,0,0,0,380,0.0,0.0,0.0,2020/2021,2025/2026,True,False,OK
fact_player_match_stats,saved_penalties_in_shootout,goalkeeper_advanced,OPTIONAL,87,LaLiga,2025/2026,762,0,0.0,0,0,0,380,0.0,0.0,0.0,2020/2021,2025/2026,True,False,OK
fact_player_match_stats,saves,goalkeeper_advanced,REQUIRED,47,EPL,2020/2021,765,765,100.0,0,51,380,380,100.0,,,2020/2021,2025/2026,False,False,OK
fact_player_match_stats,saves,goalkeeper_advanced,REQUIRED,47,EPL,2021/2022,763,763,100.0,0,55,380,380,100.0,,0.0,2020/2021,2025/2026,False,False,OK
fact_player_match_stats,saves,goalkeeper_advanced,REQUIRED,47,EPL,2022/2023,770,770,100.0,0,70,380,380,100.0,,0.0,2020/2021,2025/2026,False,False,OK
fact_player_match_stats,saves,goalkeeper_advanced,REQUIRED,47,EPL,2023/2024,776,776,100.0,0,49,380,380,100.0,,0.0,2020/2021,2025/2026,False,False,OK
fact_player_match_stats,saves,goalkeeper_advanced,REQUIRED,47,EPL,2024/2025,770,770,100.0,0,49,380,380,100.0,,0.0,2020/2021,2025/2026,False,False,OK
fact_player_match_stats,saves,goalkeeper_advanced,REQUIRED,47,EPL,2025/2026,767,767,100.0,0,57,380,380,100.0,,0.0,2020/2021,2025/2026,False,False,OK
fact_player_match_stats,saves,goalkeeper_advanced,REQUIRED,53,Ligue1,2020/2021,768,768,100.0,0,74,380,380,100.0,0.0,,2020/2021,2025/2026,False,False,OK
fact_player_match_stats,saves,goalkeeper_advanced,REQUIRED,53,Ligue1,2021/2022,774,774,100.0,0,80,380,380,100.0,0.0,0.0,2020/2021,2025/2026,False,False,OK
fact_player_match_stats,saves,goalkeeper_advanced,REQUIRED,53,Ligue1,2022/2023,770,770,100.0,0,64,380,380,100.0,0.0,0.0,2020/2021,2025/2026,False,False,OK
fact_player_match_stats,saves,goalkeeper_advanced,REQUIRED,53,Ligue1,2023/2024,618,618,100.0,0,41,306,306,100.0,0.0,0.0,2020/2021,2025/2026,False,False,OK
fact_player_match_stats,saves,goalkeeper_advanced,REQUIRED,53,Ligue1,2024/2025,618,618,100.0,0,45,306,306,100.0,0.0,0.0,2020/2021,2025/2026,False,False,OK
fact_player_match_stats,saves,goalkeeper_advanced,REQUIRED,53,Ligue1,2025/2026,624,624,100.0,0,52,306,306,100.0,0.0,0.0,2020/2021,2025/2026,False,False,OK
fact_player_match_stats,saves,goalkeeper_advanced,REQUIRED,54,Bundesliga,2020/2021,619,619,100.0,0,54,306,306,100.0,0.0,,2020/2021,2025/2026,False,False,OK
fact_player_match_stats,saves,goalkeeper_advanced,REQUIRED,54,Bundesliga,2021/2022,616,616,100.0,0,43,306,306,100.0,0.0,0.0,2020/2021,2025/2026,False,False,OK
fact_player_match_stats,saves,goalkeeper_advanced,REQUIRED,54,Bundesliga,2022/2023,615,615,100.0,0,46,306,306,100.0,0.0,0.0,2020/2021,2025/2026,False,False,OK
fact_player_match_stats,saves,goalkeeper_advanced,REQUIRED,54,Bundesliga,2023/2024,614,614,100.0,0,35,306,306,100.0,0.0,0.0,2020/2021,2025/2026,False,False,OK
fact_player_match_stats,saves,goalkeeper_advanced,REQUIRED,54,Bundesliga,2024/2025,622,622,100.0,0,42,306,306,100.0,0.0,0.0,2020/2021,2025/2026,False,False,OK
fact_player_match_stats,saves,goalkeeper_advanced,REQUIRED,54,Bundesliga,2025/2026,620,620,100.0,0,39,306,306,100.0,0.0,0.0,2020/2021,2025/2026,False,False,OK
fact_player_match_stats,saves,goalkeeper_advanced,REQUIRED,55,SerieA,2020/2021,770,770,100.0,0,84,379,379,100.0,0.0,,2020/2021,2025/2026,False,False,OK
fact_player_match_stats,saves,goalkeeper_advanced,REQUIRED,55,SerieA,2021/2022,772,772,100.0,0,64,380,380,100.0,0.0,0.0,2020/2021,2025/2026,False,False,OK
fact_player_match_stats,saves,goalkeeper_advanced,REQUIRED,55,SerieA,2022/2023,772,772,100.0,0,73,381,381,100.0,0.0,0.0,2020/2021,2025/2026,False,False,OK
fact_player_match_stats,saves,goalkeeper_advanced,REQUIRED,55,SerieA,2023/2024,773,773,100.0,0,75,380,380,100.0,0.0,0.0,2020/2021,2025/2026,False,False,OK
fact_player_match_stats,saves,goalkeeper_advanced,REQUIRED,55,SerieA,2024/2025,769,769,100.0,0,62,380,380,100.0,0.0,0.0,2020/2021,2025/2026,False,False,OK
fact_player_match_stats,saves,goalkeeper_advanced,REQUIRED,55,SerieA,2025/2026,771,771,100.0,0,76,380,380,100.0,0.0,0.0,2020/2021,2025/2026,False,False,OK
fact_player_match_stats,saves,goalkeeper_advanced,REQUIRED,87,LaLiga,2020/2021,765,765,100.0,0,82,380,380,100.0,0.0,,2020/2021,2025/2026,False,False,OK
fact_player_match_stats,saves,goalkeeper_advanced,REQUIRED,87,LaLiga,2021/2022,768,768,100.0,0,69,380,380,100.0,0.0,0.0,2020/2021,2025/2026,False,False,OK
fact_player_match_stats,saves,goalkeeper_advanced,REQUIRED,87,LaLiga,2022/2023,769,769,100.0,0,60,379,379,100.0,0.0,0.0,2020/2021,2025/2026,False,False,OK
fact_player_match_stats,saves,goalkeeper_advanced,REQUIRED,87,LaLiga,2023/2024,771,771,100.0,0,64,379,379,100.0,0.0,0.0,2020/2021,2025/2026,False,False,OK
fact_player_match_stats,saves,goalkeeper_advanced,REQUIRED,87,LaLiga,2024/2025,770,770,100.0,0,76,380,380,100.0,0.0,0.0,2020/2021,2025/2026,False,False,OK
fact_player_match_stats,saves,goalkeeper_advanced,REQUIRED,87,LaLiga,2025/2026,762,762,100.0,0,68,380,380,100.0,0.0,0.0,2020/2021,2025/2026,False,False,OK
fact_player_match_stats,saves_inside_box,goalkeeper_advanced,REQUIRED,47,EPL,2020/2021,765,765,100.0,0,140,380,380,100.0,,,2020/2021,2025/2026,False,False,OK
fact_player_match_stats,saves_inside_box,goalkeeper_advanced,REQUIRED,47,EPL,2021/2022,763,763,100.0,0,138,380,380,100.0,,0.0,2020/2021,2025/2026,False,False,OK
fact_player_match_stats,saves_inside_box,goalkeeper_advanced,REQUIRED,47,EPL,2022/2023,770,770,100.0,0,152,380,380,100.0,,0.0,2020/2021,2025/2026,False,False,OK
fact_player_match_stats,saves_inside_box,goalkeeper_advanced,REQUIRED,47,EPL,2023/2024,776,776,100.0,0,118,380,380,100.0,,0.0,2020/2021,2025/2026,False,False,OK
fact_player_match_stats,saves_inside_box,goalkeeper_advanced,REQUIRED,47,EPL,2024/2025,770,770,100.0,0,107,380,380,100.0,,0.0,2020/2021,2025/2026,False,False,OK
fact_player_match_stats,saves_inside_box,goalkeeper_advanced,REQUIRED,47,EPL,2025/2026,767,767,100.0,0,114,380,380,100.0,,0.0,2020/2021,2025/2026,False,False,OK
fact_player_match_stats,saves_inside_box,goalkeeper_advanced,REQUIRED,53,Ligue1,2020/2021,768,768,100.0,0,183,380,380,100.0,0.0,,2020/2021,2025/2026,False,False,OK
fact_player_match_stats,saves_inside_box,goalkeeper_advanced,REQUIRED,53,Ligue1,2021/2022,774,774,100.0,0,163,380,380,100.0,0.0,0.0,2020/2021,2025/2026,False,False,OK
fact_player_match_stats,saves_inside_box,goalkeeper_advanced,REQUIRED,53,Ligue1,2022/2023,770,770,100.0,0,131,380,380,100.0,0.0,0.0,2020/2021,2025/2026,False,False,OK
fact_player_match_stats,saves_inside_box,goalkeeper_advanced,REQUIRED,53,Ligue1,2023/2024,618,618,100.0,0,97,306,306,100.0,0.0,0.0,2020/2021,2025/2026,False,False,OK
fact_player_match_stats,saves_inside_box,goalkeeper_advanced,REQUIRED,53,Ligue1,2024/2025,618,618,100.0,0,106,306,306,100.0,0.0,0.0,2020/2021,2025/2026,False,False,OK
fact_player_match_stats,saves_inside_box,goalkeeper_advanced,REQUIRED,53,Ligue1,2025/2026,624,624,100.0,0,117,306,306,100.0,0.0,0.0,2020/2021,2025/2026,False,False,OK
fact_player_match_stats,saves_inside_box,goalkeeper_advanced,REQUIRED,54,Bundesliga,2020/2021,619,619,100.0,0,105,306,306,100.0,0.0,,2020/2021,2025/2026,False,False,OK
fact_player_match_stats,saves_inside_box,goalkeeper_advanced,REQUIRED,54,Bundesliga,2021/2022,616,616,100.0,0,97,306,306,100.0,0.0,0.0,2020/2021,2025/2026,False,False,OK
fact_player_match_stats,saves_inside_box,goalkeeper_advanced,REQUIRED,54,Bundesliga,2022/2023,615,615,100.0,0,106,306,306,100.0,0.0,0.0,2020/2021,2025/2026,False,False,OK
fact_player_match_stats,saves_inside_box,goalkeeper_advanced,REQUIRED,54,Bundesliga,2023/2024,614,614,100.0,0,97,306,306,100.0,0.0,0.0,2020/2021,2025/2026,False,False,OK
fact_player_match_stats,saves_inside_box,goalkeeper_advanced,REQUIRED,54,Bundesliga,2024/2025,622,622,100.0,0,94,306,306,100.0,0.0,0.0,2020/2021,2025/2026,False,False,OK
fact_player_match_stats,saves_inside_box,goalkeeper_advanced,REQUIRED,54,Bundesliga,2025/2026,620,620,100.0,0,88,306,306,100.0,0.0,0.0,2020/2021,2025/2026,False,False,OK
fact_player_match_stats,saves_inside_box,goalkeeper_advanced,REQUIRED,55,SerieA,2020/2021,770,770,100.0,0,159,379,379,100.0,0.0,,2020/2021,2025/2026,False,False,OK
fact_player_match_stats,saves_inside_box,goalkeeper_advanced,REQUIRED,55,SerieA,2021/2022,772,772,100.0,0,156,380,380,100.0,0.0,0.0,2020/2021,2025/2026,False,False,OK
fact_player_match_stats,saves_inside_box,goalkeeper_advanced,REQUIRED,55,SerieA,2022/2023,772,772,100.0,0,178,381,381,100.0,0.0,0.0,2020/2021,2025/2026,False,False,OK
fact_player_match_stats,saves_inside_box,goalkeeper_advanced,REQUIRED,55,SerieA,2023/2024,773,773,100.0,0,160,380,380,100.0,0.0,0.0,2020/2021,2025/2026,False,False,OK
fact_player_match_stats,saves_inside_box,goalkeeper_advanced,REQUIRED,55,SerieA,2024/2025,769,769,100.0,0,171,380,380,100.0,0.0,0.0,2020/2021,2025/2026,False,False,OK
fact_player_match_stats,saves_inside_box,goalkeeper_advanced,REQUIRED,55,SerieA,2025/2026,771,771,100.0,0,179,380,380,100.0,0.0,0.0,2020/2021,2025/2026,False,False,OK
fact_player_match_stats,saves_inside_box,goalkeeper_advanced,REQUIRED,87,LaLiga,2020/2021,765,765,100.0,0,187,380,380,100.0,0.0,,2020/2021,2025/2026,False,False,OK
fact_player_match_stats,saves_inside_box,goalkeeper_advanced,REQUIRED,87,LaLiga,2021/2022,768,768,100.0,0,157,380,380,100.0,0.0,0.0,2020/2021,2025/2026,False,False,OK
fact_player_match_stats,saves_inside_box,goalkeeper_advanced,REQUIRED,87,LaLiga,2022/2023,769,769,100.0,0,138,379,379,100.0,0.0,0.0,2020/2021,2025/2026,False,False,OK
fact_player_match_stats,saves_inside_box,goalkeeper_advanced,REQUIRED,87,LaLiga,2023/2024,771,771,100.0,0,143,379,379,100.0,0.0,0.0,2020/2021,2025/2026,False,False,OK
fact_player_match_stats,saves_inside_box,goalkeeper_advanced,REQUIRED,87,LaLiga,2024/2025,770,770,100.0,0,160,380,380,100.0,0.0,0.0,2020/2021,2025/2026,False,False,OK
fact_player_match_stats,saves_inside_box,goalkeeper_advanced,REQUIRED,87,LaLiga,2025/2026,762,762,100.0,0,142,380,380,100.0,0.0,0.0,2020/2021,2025/2026,False,False,OK
fact_player_match_stats,shirt_number,standard_match,REQUIRED,47,EPL,2020/2021,10393,10385,99.923,0,0,380,380,100.0,,,2020/2021,2025/2026,False,False,OK
fact_player_match_stats,shirt_number,standard_match,REQUIRED,47,EPL,2021/2022,10485,10479,99.9428,0,0,380,380,100.0,,0.0198,2020/2021,2025/2026,False,False,OK
fact_player_match_stats,shirt_number,standard_match,REQUIRED,47,EPL,2022/2023,11345,11341,99.9647,0,0,380,380,100.0,,0.0219,2020/2021,2025/2026,False,False,OK
fact_player_match_stats,shirt_number,standard_match,REQUIRED,47,EPL,2023/2024,11380,11375,99.9561,0,0,380,380,100.0,,-0.0086,2020/2021,2025/2026,False,False,OK
fact_player_match_stats,shirt_number,standard_match,REQUIRED,47,EPL,2024/2025,11567,11565,99.9827,0,0,380,380,100.0,,0.0266,2020/2021,2025/2026,False,False,OK
fact_player_match_stats,shirt_number,standard_match,REQUIRED,47,EPL,2025/2026,11492,11492,100.0,0,0,380,380,100.0,,0.0173,2020/2021,2025/2026,False,False,OK
fact_player_match_stats,shirt_number,standard_match,REQUIRED,53,Ligue1,2020/2021,11498,11494,99.9652,0,0,380,380,100.0,0.0422,,2020/2021,2025/2026,False,False,OK
fact_player_match_stats,shirt_number,standard_match,REQUIRED,53,Ligue1,2021/2022,11527,11523,99.9653,0,0,380,380,100.0,0.0225,0.0001,2020/2021,2025/2026,False,False,OK
fact_player_match_stats,shirt_number,standard_match,REQUIRED,53,Ligue1,2022/2023,11541,11530,99.9047,0,0,380,380,100.0,-0.06,-0.0606,2020/2021,2025/2026,False,False,OK
fact_player_match_stats,shirt_number,standard_match,REQUIRED,53,Ligue1,2023/2024,9392,9371,99.7764,0,0,306,306,100.0,-0.1797,-0.1283,2020/2021,2025/2026,False,False,OK
fact_player_match_stats,shirt_number,standard_match,REQUIRED,53,Ligue1,2024/2025,9413,9413,100.0,0,0,306,306,100.0,0.0173,0.2236,2020/2021,2025/2026,False,False,OK
fact_player_match_stats,shirt_number,standard_match,REQUIRED,53,Ligue1,2025/2026,9408,9406,99.9787,0,0,306,306,100.0,-0.0213,-0.0213,2020/2021,2025/2026,False,False,OK
fact_player_match_stats,shirt_number,standard_match,REQUIRED,54,Bundesliga,2020/2021,9271,9267,99.9569,0,0,306,306,100.0,0.0339,,2020/2021,2025/2026,False,False,OK
fact_player_match_stats,shirt_number,standard_match,REQUIRED,54,Bundesliga,2021/2022,9391,9388,99.9681,0,0,306,306,100.0,0.0253,0.0112,2020/2021,2025/2026,False,False,OK
fact_player_match_stats,shirt_number,standard_match,REQUIRED,54,Bundesliga,2022/2023,9480,9477,99.9684,0,0,306,306,100.0,0.0037,0.0003,2020/2021,2025/2026,False,False,OK
fact_player_match_stats,shirt_number,standard_match,REQUIRED,54,Bundesliga,2023/2024,9526,9523,99.9685,0,0,306,306,100.0,0.0124,0.0001,2020/2021,2025/2026,False,False,OK
fact_player_match_stats,shirt_number,standard_match,REQUIRED,54,Bundesliga,2024/2025,9528,9525,99.9685,0,0,306,306,100.0,-0.0142,0.0,2020/2021,2025/2026,False,False,OK
fact_player_match_stats,shirt_number,standard_match,REQUIRED,54,Bundesliga,2025/2026,9555,9555,100.0,0,0,306,306,100.0,0.0,0.0315,2020/2021,2025/2026,False,False,OK
fact_player_match_stats,shirt_number,standard_match,REQUIRED,55,SerieA,2020/2021,11612,11609,99.9742,0,0,379,379,100.0,0.0512,,2020/2021,2025/2026,False,False,OK
fact_player_match_stats,shirt_number,standard_match,REQUIRED,55,SerieA,2021/2022,11717,11710,99.9403,0,0,380,380,100.0,-0.0025,-0.0339,2020/2021,2025/2026,False,False,OK
fact_player_match_stats,shirt_number,standard_match,REQUIRED,55,SerieA,2022/2023,11916,11911,99.958,0,0,381,381,100.0,-0.0067,0.0177,2020/2021,2025/2026,False,False,OK
fact_player_match_stats,shirt_number,standard_match,REQUIRED,55,SerieA,2023/2024,11910,11908,99.9832,0,0,380,380,100.0,0.0271,0.0252,2020/2021,2025/2026,False,False,OK
fact_player_match_stats,shirt_number,standard_match,REQUIRED,55,SerieA,2024/2025,11887,11854,99.7224,0,0,380,380,100.0,-0.2603,-0.2608,2020/2021,2025/2026,False,False,OK
fact_player_match_stats,shirt_number,standard_match,REQUIRED,55,SerieA,2025/2026,11928,11928,100.0,0,0,380,380,100.0,0.0,0.2776,2020/2021,2025/2026,False,False,OK
fact_player_match_stats,shirt_number,standard_match,REQUIRED,87,LaLiga,2020/2021,11607,11599,99.9311,0,0,380,380,100.0,0.0081,,2020/2021,2025/2026,False,False,OK
fact_player_match_stats,shirt_number,standard_match,REQUIRED,87,LaLiga,2021/2022,11806,11746,99.4918,0,0,380,380,100.0,-0.451,-0.4393,2020/2021,2025/2026,False,False,OK
fact_player_match_stats,shirt_number,standard_match,REQUIRED,87,LaLiga,2022/2023,11801,11795,99.9492,0,0,379,379,100.0,-0.0155,0.4574,2020/2021,2025/2026,False,False,OK
fact_player_match_stats,shirt_number,standard_match,REQUIRED,87,LaLiga,2023/2024,11854,11851,99.9747,0,0,379,379,100.0,0.0186,0.0255,2020/2021,2025/2026,False,False,OK
fact_player_match_stats,shirt_number,standard_match,REQUIRED,87,LaLiga,2024/2025,11900,11895,99.958,0,0,380,380,100.0,-0.0247,-0.0167,2020/2021,2025/2026,False,False,OK
fact_player_match_stats,shirt_number,standard_match,REQUIRED,87,LaLiga,2025/2026,11953,11953,100.0,0,0,380,380,100.0,0.0,0.042,2020/2021,2025/2026,False,False,OK
fact_player_match_stats,shot_accuracy,shot_xg,OPTIONAL,47,EPL,2020/2021,9628,4145,43.0515,0,1693,380,380,100.0,,,2020/2021,2025/2026,False,False,OK
fact_player_match_stats,shot_accuracy,shot_xg,OPTIONAL,47,EPL,2021/2022,9722,4260,43.8181,0,1732,380,380,100.0,,0.7666,2020/2021,2025/2026,False,False,OK
fact_player_match_stats,shot_accuracy,shot_xg,OPTIONAL,47,EPL,2022/2023,10575,4301,40.6714,0,1792,380,380,100.0,,-3.1467,2020/2021,2025/2026,False,False,OK
fact_player_match_stats,shot_accuracy,shot_xg,OPTIONAL,47,EPL,2023/2024,10604,4565,43.0498,0,1790,380,380,100.0,,2.3784,2020/2021,2025/2026,False,False,OK
fact_player_match_stats,shot_accuracy,shot_xg,OPTIONAL,47,EPL,2024/2025,10797,4365,40.4279,0,1755,380,380,100.0,,-2.6219,2020/2021,2025/2026,False,False,OK
fact_player_match_stats,shot_accuracy,shot_xg,OPTIONAL,47,EPL,2025/2026,10725,4380,40.8392,0,1861,380,380,100.0,,0.4113,2020/2021,2025/2026,False,False,OK
fact_player_match_stats,shot_accuracy,shot_xg,OPTIONAL,53,Ligue1,2020/2021,10730,4310,40.1678,0,1927,380,380,100.0,-2.8837,,2020/2021,2025/2026,False,False,OK
fact_player_match_stats,shot_accuracy,shot_xg,OPTIONAL,53,Ligue1,2021/2022,10753,4355,40.5003,0,1940,380,380,100.0,-3.3178,0.3325,2020/2021,2025/2026,False,False,OK
fact_player_match_stats,shot_accuracy,shot_xg,OPTIONAL,53,Ligue1,2022/2023,10771,4400,40.8504,0,1810,380,380,100.0,0.179,0.3501,2020/2021,2025/2026,False,False,OK
fact_player_match_stats,shot_accuracy,shot_xg,OPTIONAL,53,Ligue1,2023/2024,8774,3653,41.6344,0,1526,306,306,100.0,-1.4154,0.784,2020/2021,2025/2026,False,False,OK
fact_player_match_stats,shot_accuracy,shot_xg,OPTIONAL,53,Ligue1,2024/2025,8795,3577,40.6708,0,1436,306,306,100.0,0.2429,-0.9636,2020/2021,2025/2026,False,False,OK
fact_player_match_stats,shot_accuracy,shot_xg,OPTIONAL,53,Ligue1,2025/2026,8784,3563,40.5624,0,1502,306,306,100.0,-0.2768,-0.1084,2020/2021,2025/2026,False,False,OK
fact_player_match_stats,shot_accuracy,shot_xg,OPTIONAL,54,Bundesliga,2020/2021,8652,3556,41.1003,0,1490,306,306,100.0,-1.9512,,2020/2021,2025/2026,False,False,OK
fact_player_match_stats,shot_accuracy,shot_xg,OPTIONAL,54,Bundesliga,2021/2022,8775,3773,42.9972,0,1623,306,306,100.0,-0.8209,1.8969,2020/2021,2025/2026,False,False,OK
fact_player_match_stats,shot_accuracy,shot_xg,OPTIONAL,54,Bundesliga,2022/2023,8865,3677,41.4777,0,1526,306,306,100.0,0.8063,-1.5195,2020/2021,2025/2026,False,False,OK
fact_player_match_stats,shot_accuracy,shot_xg,OPTIONAL,54,Bundesliga,2023/2024,8912,3842,43.1104,0,1623,306,306,100.0,0.0606,1.6327,2020/2021,2025/2026,False,False,OK
fact_player_match_stats,shot_accuracy,shot_xg,OPTIONAL,54,Bundesliga,2024/2025,8906,3614,40.5794,0,1491,306,306,100.0,0.1515,-2.531,2020/2021,2025/2026,False,False,OK
fact_player_match_stats,shot_accuracy,shot_xg,OPTIONAL,54,Bundesliga,2025/2026,8935,3771,42.2048,0,1578,306,306,100.0,1.3656,1.6254,2020/2021,2025/2026,False,False,OK
fact_player_match_stats,shot_accuracy,shot_xg,OPTIONAL,55,SerieA,2020/2021,10842,4372,40.3247,0,1873,379,379,100.0,-2.7268,,2020/2021,2025/2026,False,False,OK
fact_player_match_stats,shot_accuracy,shot_xg,OPTIONAL,55,SerieA,2021/2022,10945,4477,40.9045,0,1917,380,380,100.0,-2.9136,0.5798,2020/2021,2025/2026,False,False,OK
fact_player_match_stats,shot_accuracy,shot_xg,OPTIONAL,55,SerieA,2022/2023,11144,4568,40.9907,0,2097,381,381,100.0,0.3193,0.0862,2020/2021,2025/2026,False,False,OK
fact_player_match_stats,shot_accuracy,shot_xg,OPTIONAL,55,SerieA,2023/2024,11137,4569,41.0254,0,2052,380,380,100.0,-2.0244,0.0347,2020/2021,2025/2026,False,False,OK
fact_player_match_stats,shot_accuracy,shot_xg,OPTIONAL,55,SerieA,2024/2025,11118,4359,39.2067,0,1936,380,380,100.0,-1.2212,-1.8187,2020/2021,2025/2026,False,False,OK
fact_player_match_stats,shot_accuracy,shot_xg,OPTIONAL,55,SerieA,2025/2026,11157,4427,39.6791,0,2004,380,380,100.0,-1.1601,0.4724,2020/2021,2025/2026,False,False,OK
fact_player_match_stats,shot_accuracy,shot_xg,OPTIONAL,87,LaLiga,2020/2021,10842,4102,37.8343,0,1910,380,380,100.0,-5.2172,,2020/2021,2025/2026,False,False,OK
fact_player_match_stats,shot_accuracy,shot_xg,OPTIONAL,87,LaLiga,2021/2022,11038,4368,39.5724,0,2040,380,380,100.0,-4.2457,1.7381,2020/2021,2025/2026,False,False,OK
fact_player_match_stats,shot_accuracy,shot_xg,OPTIONAL,87,LaLiga,2022/2023,11032,4442,40.2647,0,1999,379,379,100.0,-0.4067,0.6923,2020/2021,2025/2026,False,False,OK
fact_player_match_stats,shot_accuracy,shot_xg,OPTIONAL,87,LaLiga,2023/2024,11083,4461,40.2508,0,1948,379,379,100.0,-2.799,-0.0139,2020/2021,2025/2026,False,False,OK
fact_player_match_stats,shot_accuracy,shot_xg,OPTIONAL,87,LaLiga,2024/2025,11130,4347,39.0566,0,1931,380,380,100.0,-1.3713,-1.1942,2020/2021,2025/2026,False,False,OK
fact_player_match_stats,shot_accuracy,shot_xg,OPTIONAL,87,LaLiga,2025/2026,11191,4424,39.5318,0,1906,380,380,100.0,-1.3074,0.4752,2020/2021,2025/2026,False,False,OK
fact_player_match_stats,shot_blocks,defensive_duel_passing,REQUIRED,47,EPL,2020/2021,9628,9628,100.0,0,7765,380,380,100.0,,,2020/2021,2025/2026,False,False,OK
fact_player_match_stats,shot_blocks,defensive_duel_passing,REQUIRED,47,EPL,2021/2022,9722,9722,100.0,0,7701,380,380,100.0,,0.0,2020/2021,2025/2026,False,False,OK
fact_player_match_stats,shot_blocks,defensive_duel_passing,REQUIRED,47,EPL,2022/2023,10575,10575,100.0,0,8541,380,380,100.0,,0.0,2020/2021,2025/2026,False,False,OK
fact_player_match_stats,shot_blocks,defensive_duel_passing,REQUIRED,47,EPL,2023/2024,10604,10604,100.0,0,8384,380,380,100.0,,0.0,2020/2021,2025/2026,False,False,OK
fact_player_match_stats,shot_blocks,defensive_duel_passing,REQUIRED,47,EPL,2024/2025,10797,10797,100.0,0,8679,380,380,100.0,,0.0,2020/2021,2025/2026,False,False,OK
fact_player_match_stats,shot_blocks,defensive_duel_passing,REQUIRED,47,EPL,2025/2026,10725,10725,100.0,0,8617,380,380,100.0,,0.0,2020/2021,2025/2026,False,False,OK
fact_player_match_stats,shot_blocks,defensive_duel_passing,REQUIRED,53,Ligue1,2020/2021,10730,10730,100.0,0,9100,380,380,100.0,0.0,,2020/2021,2025/2026,False,False,OK
fact_player_match_stats,shot_blocks,defensive_duel_passing,REQUIRED,53,Ligue1,2021/2022,10753,10753,100.0,0,9028,380,380,100.0,0.0,0.0,2020/2021,2025/2026,False,False,OK
fact_player_match_stats,shot_blocks,defensive_duel_passing,REQUIRED,53,Ligue1,2022/2023,10771,10771,100.0,0,9008,380,380,100.0,0.0,0.0,2020/2021,2025/2026,False,False,OK
fact_player_match_stats,shot_blocks,defensive_duel_passing,REQUIRED,53,Ligue1,2023/2024,8774,8774,100.0,0,7210,306,306,100.0,0.0,0.0,2020/2021,2025/2026,False,False,OK
fact_player_match_stats,shot_blocks,defensive_duel_passing,REQUIRED,53,Ligue1,2024/2025,8795,8795,100.0,0,7277,306,306,100.0,0.0,0.0,2020/2021,2025/2026,False,False,OK
fact_player_match_stats,shot_blocks,defensive_duel_passing,REQUIRED,53,Ligue1,2025/2026,8784,8784,100.0,0,7300,306,306,100.0,0.0,0.0,2020/2021,2025/2026,False,False,OK
fact_player_match_stats,shot_blocks,defensive_duel_passing,REQUIRED,54,Bundesliga,2020/2021,8652,8652,100.0,0,7265,306,306,100.0,0.0,,2020/2021,2025/2026,False,False,OK
fact_player_match_stats,shot_blocks,defensive_duel_passing,REQUIRED,54,Bundesliga,2021/2022,8775,8775,100.0,0,7300,306,306,100.0,0.0,0.0,2020/2021,2025/2026,False,False,OK
fact_player_match_stats,shot_blocks,defensive_duel_passing,REQUIRED,54,Bundesliga,2022/2023,8865,8865,100.0,0,7370,306,306,100.0,0.0,0.0,2020/2021,2025/2026,False,False,OK
fact_player_match_stats,shot_blocks,defensive_duel_passing,REQUIRED,54,Bundesliga,2023/2024,8912,8912,100.0,0,7236,306,306,100.0,0.0,0.0,2020/2021,2025/2026,False,False,OK
fact_player_match_stats,shot_blocks,defensive_duel_passing,REQUIRED,54,Bundesliga,2024/2025,8906,8906,100.0,0,7251,306,306,100.0,0.0,0.0,2020/2021,2025/2026,False,False,OK
fact_player_match_stats,shot_blocks,defensive_duel_passing,REQUIRED,54,Bundesliga,2025/2026,8935,8935,100.0,0,7308,306,306,100.0,0.0,0.0,2020/2021,2025/2026,False,False,OK
fact_player_match_stats,shot_blocks,defensive_duel_passing,REQUIRED,55,SerieA,2020/2021,10842,10842,100.0,0,8983,379,379,100.0,0.0,,2020/2021,2025/2026,False,False,OK
fact_player_match_stats,shot_blocks,defensive_duel_passing,REQUIRED,55,SerieA,2021/2022,10945,10945,100.0,0,8991,380,380,100.0,0.0,0.0,2020/2021,2025/2026,False,False,OK
fact_player_match_stats,shot_blocks,defensive_duel_passing,REQUIRED,55,SerieA,2022/2023,11144,11144,100.0,0,9168,381,381,100.0,0.0,0.0,2020/2021,2025/2026,False,False,OK
fact_player_match_stats,shot_blocks,defensive_duel_passing,REQUIRED,55,SerieA,2023/2024,11137,11137,100.0,0,9144,380,380,100.0,0.0,0.0,2020/2021,2025/2026,False,False,OK
fact_player_match_stats,shot_blocks,defensive_duel_passing,REQUIRED,55,SerieA,2024/2025,11118,11118,100.0,0,9198,380,380,100.0,0.0,0.0,2020/2021,2025/2026,False,False,OK
fact_player_match_stats,shot_blocks,defensive_duel_passing,REQUIRED,55,SerieA,2025/2026,11157,11157,100.0,0,9227,380,380,100.0,0.0,0.0,2020/2021,2025/2026,False,False,OK
fact_player_match_stats,shot_blocks,defensive_duel_passing,REQUIRED,87,LaLiga,2020/2021,10842,10842,100.0,0,9386,380,380,100.0,0.0,,2020/2021,2025/2026,False,False,OK
fact_player_match_stats,shot_blocks,defensive_duel_passing,REQUIRED,87,LaLiga,2021/2022,11038,11038,100.0,0,9266,380,380,100.0,0.0,0.0,2020/2021,2025/2026,False,False,OK
fact_player_match_stats,shot_blocks,defensive_duel_passing,REQUIRED,87,LaLiga,2022/2023,11032,11032,100.0,0,9259,379,379,100.0,0.0,0.0,2020/2021,2025/2026,False,False,OK
fact_player_match_stats,shot_blocks,defensive_duel_passing,REQUIRED,87,LaLiga,2023/2024,11083,11083,100.0,0,9300,379,379,100.0,0.0,0.0,2020/2021,2025/2026,False,False,OK
fact_player_match_stats,shot_blocks,defensive_duel_passing,REQUIRED,87,LaLiga,2024/2025,11130,11130,100.0,0,9362,380,380,100.0,0.0,0.0,2020/2021,2025/2026,False,False,OK
fact_player_match_stats,shot_blocks,defensive_duel_passing,REQUIRED,87,LaLiga,2025/2026,11191,11191,100.0,0,9298,380,380,100.0,0.0,0.0,2020/2021,2025/2026,False,False,OK
fact_player_match_stats,shots_woodwork,shot_xg,OPTIONAL,47,EPL,2020/2021,9628,200,2.0773,0,0,167,380,43.9474,,,2020/2021,2025/2026,False,False,OK
fact_player_match_stats,shots_woodwork,shot_xg,OPTIONAL,47,EPL,2021/2022,9722,150,1.5429,0,0,120,380,31.5789,,-0.5344,2020/2021,2025/2026,False,False,OK
fact_player_match_stats,shots_woodwork,shot_xg,OPTIONAL,47,EPL,2022/2023,10575,188,1.7778,0,0,143,380,37.6316,,0.2349,2020/2021,2025/2026,False,False,OK
fact_player_match_stats,shots_woodwork,shot_xg,OPTIONAL,47,EPL,2023/2024,10604,197,1.8578,0,0,153,380,40.2632,,0.08,2020/2021,2025/2026,False,False,OK
fact_player_match_stats,shots_woodwork,shot_xg,OPTIONAL,47,EPL,2024/2025,10797,201,1.8616,0,0,160,380,42.1053,,0.0038,2020/2021,2025/2026,False,False,OK
fact_player_match_stats,shots_woodwork,shot_xg,OPTIONAL,47,EPL,2025/2026,10725,206,1.9207,0,0,157,380,41.3158,,0.0591,2020/2021,2025/2026,False,False,OK
fact_player_match_stats,shots_woodwork,shot_xg,OPTIONAL,53,Ligue1,2020/2021,10730,172,1.603,0,0,139,380,36.5789,-0.4743,,2020/2021,2025/2026,False,False,OK
fact_player_match_stats,shots_woodwork,shot_xg,OPTIONAL,53,Ligue1,2021/2022,10753,169,1.5717,0,0,140,380,36.8421,0.0288,-0.0313,2020/2021,2025/2026,False,False,OK
fact_player_match_stats,shots_woodwork,shot_xg,OPTIONAL,53,Ligue1,2022/2023,10771,197,1.829,0,0,156,380,41.0526,0.0512,0.2573,2020/2021,2025/2026,False,False,OK
fact_player_match_stats,shots_woodwork,shot_xg,OPTIONAL,53,Ligue1,2023/2024,8774,143,1.6298,0,0,116,306,37.9085,-0.228,-0.1992,2020/2021,2025/2026,False,False,OK
fact_player_match_stats,shots_woodwork,shot_xg,OPTIONAL,53,Ligue1,2024/2025,8795,160,1.8192,0,0,126,306,41.1765,-0.0424,0.1894,2020/2021,2025/2026,False,False,OK
fact_player_match_stats,shots_woodwork,shot_xg,OPTIONAL,53,Ligue1,2025/2026,8784,145,1.6507,0,0,117,306,38.2353,-0.27,-0.1685,2020/2021,2025/2026,False,False,OK
fact_player_match_stats,shots_woodwork,shot_xg,OPTIONAL,54,Bundesliga,2020/2021,8652,153,1.7684,0,0,124,306,40.5229,-0.3089,,2020/2021,2025/2026,False,False,OK
fact_player_match_stats,shots_woodwork,shot_xg,OPTIONAL,54,Bundesliga,2021/2022,8775,156,1.7778,0,0,124,306,40.5229,0.2349,0.0094,2020/2021,2025/2026,False,False,OK
fact_player_match_stats,shots_woodwork,shot_xg,OPTIONAL,54,Bundesliga,2022/2023,8865,147,1.6582,0,0,116,306,37.9085,-0.1196,-0.1196,2020/2021,2025/2026,False,False,OK
fact_player_match_stats,shots_woodwork,shot_xg,OPTIONAL,54,Bundesliga,2023/2024,8912,158,1.7729,0,0,116,306,37.9085,-0.0849,0.1147,2020/2021,2025/2026,False,False,OK
fact_player_match_stats,shots_woodwork,shot_xg,OPTIONAL,54,Bundesliga,2024/2025,8906,160,1.7965,0,0,125,306,40.8497,-0.0651,0.0236,2020/2021,2025/2026,False,False,OK
fact_player_match_stats,shots_woodwork,shot_xg,OPTIONAL,54,Bundesliga,2025/2026,8935,170,1.9026,0,0,134,306,43.7908,-0.0181,0.1061,2020/2021,2025/2026,False,False,OK
fact_player_match_stats,shots_woodwork,shot_xg,OPTIONAL,55,SerieA,2020/2021,10842,195,1.7986,0,0,154,379,40.6332,-0.2787,,2020/2021,2025/2026,False,False,OK
fact_player_match_stats,shots_woodwork,shot_xg,OPTIONAL,55,SerieA,2021/2022,10945,191,1.7451,0,0,149,380,39.2105,0.2022,-0.0535,2020/2021,2025/2026,False,False,OK
fact_player_match_stats,shots_woodwork,shot_xg,OPTIONAL,55,SerieA,2022/2023,11144,173,1.5524,0,0,136,381,35.6955,-0.2254,-0.1927,2020/2021,2025/2026,False,False,OK
fact_player_match_stats,shots_woodwork,shot_xg,OPTIONAL,55,SerieA,2023/2024,11137,194,1.7419,0,0,149,380,39.2105,-0.1159,0.1895,2020/2021,2025/2026,False,False,OK
fact_player_match_stats,shots_woodwork,shot_xg,OPTIONAL,55,SerieA,2024/2025,11118,182,1.637,0,0,140,380,36.8421,-0.2246,-0.1049,2020/2021,2025/2026,False,False,OK
fact_player_match_stats,shots_woodwork,shot_xg,OPTIONAL,55,SerieA,2025/2026,11157,177,1.5864,0,0,144,380,37.8947,-0.3343,-0.0506,2020/2021,2025/2026,False,False,OK
fact_player_match_stats,shots_woodwork,shot_xg,OPTIONAL,87,LaLiga,2020/2021,10842,160,1.4757,0,0,133,380,35.0,-0.6016,,2020/2021,2025/2026,False,False,OK
fact_player_match_stats,shots_woodwork,shot_xg,OPTIONAL,87,LaLiga,2021/2022,11038,172,1.5583,0,0,145,380,38.1579,0.0154,0.0826,2020/2021,2025/2026,False,False,OK
fact_player_match_stats,shots_woodwork,shot_xg,OPTIONAL,87,LaLiga,2022/2023,11032,189,1.7132,0,0,155,379,40.8971,-0.0646,0.1549,2020/2021,2025/2026,False,False,OK
fact_player_match_stats,shots_woodwork,shot_xg,OPTIONAL,87,LaLiga,2023/2024,11083,188,1.6963,0,0,155,379,40.8971,-0.1615,-0.0169,2020/2021,2025/2026,False,False,OK
fact_player_match_stats,shots_woodwork,shot_xg,OPTIONAL,87,LaLiga,2024/2025,11130,155,1.3926,0,0,127,380,33.4211,-0.469,-0.3037,2020/2021,2025/2026,False,False,OK
fact_player_match_stats,shots_woodwork,shot_xg,OPTIONAL,87,LaLiga,2025/2026,11191,154,1.3761,0,0,130,380,34.2105,-0.5446,-0.0165,2020/2021,2025/2026,False,False,OK
fact_player_match_stats,touches,defensive_duel_passing,REQUIRED,47,EPL,2020/2021,9628,9628,100.0,0,54,380,380,100.0,,,2020/2021,2025/2026,False,False,OK
fact_player_match_stats,touches,defensive_duel_passing,REQUIRED,47,EPL,2021/2022,9722,9722,100.0,0,46,380,380,100.0,,0.0,2020/2021,2025/2026,False,False,OK
fact_player_match_stats,touches,defensive_duel_passing,REQUIRED,47,EPL,2022/2023,10575,10575,100.0,0,65,380,380,100.0,,0.0,2020/2021,2025/2026,False,False,OK
fact_player_match_stats,touches,defensive_duel_passing,REQUIRED,47,EPL,2023/2024,10604,10604,100.0,0,56,380,380,100.0,,0.0,2020/2021,2025/2026,False,False,OK
fact_player_match_stats,touches,defensive_duel_passing,REQUIRED,47,EPL,2024/2025,10797,10797,100.0,0,57,380,380,100.0,,0.0,2020/2021,2025/2026,False,False,OK
fact_player_match_stats,touches,defensive_duel_passing,REQUIRED,47,EPL,2025/2026,10725,10725,100.0,0,55,380,380,100.0,,0.0,2020/2021,2025/2026,False,False,OK
fact_player_match_stats,touches,defensive_duel_passing,REQUIRED,53,Ligue1,2020/2021,10730,10730,100.0,0,56,380,380,100.0,0.0,,2020/2021,2025/2026,False,False,OK
fact_player_match_stats,touches,defensive_duel_passing,REQUIRED,53,Ligue1,2021/2022,10753,10753,100.0,0,68,380,380,100.0,0.0,0.0,2020/2021,2025/2026,False,False,OK
fact_player_match_stats,touches,defensive_duel_passing,REQUIRED,53,Ligue1,2022/2023,10771,10771,100.0,0,47,380,380,100.0,0.0,0.0,2020/2021,2025/2026,False,False,OK
fact_player_match_stats,touches,defensive_duel_passing,REQUIRED,53,Ligue1,2023/2024,8774,8774,100.0,0,47,306,306,100.0,0.0,0.0,2020/2021,2025/2026,False,False,OK
fact_player_match_stats,touches,defensive_duel_passing,REQUIRED,53,Ligue1,2024/2025,8795,8795,100.0,0,31,306,306,100.0,0.0,0.0,2020/2021,2025/2026,False,False,OK
fact_player_match_stats,touches,defensive_duel_passing,REQUIRED,53,Ligue1,2025/2026,8784,8784,100.0,0,52,306,306,100.0,0.0,0.0,2020/2021,2025/2026,False,False,OK
fact_player_match_stats,touches,defensive_duel_passing,REQUIRED,54,Bundesliga,2020/2021,8652,8652,100.0,0,74,306,306,100.0,0.0,,2020/2021,2025/2026,False,False,OK
fact_player_match_stats,touches,defensive_duel_passing,REQUIRED,54,Bundesliga,2021/2022,8775,8775,100.0,0,58,306,306,100.0,0.0,0.0,2020/2021,2025/2026,False,False,OK
fact_player_match_stats,touches,defensive_duel_passing,REQUIRED,54,Bundesliga,2022/2023,8865,8865,100.0,0,48,306,306,100.0,0.0,0.0,2020/2021,2025/2026,False,False,OK
fact_player_match_stats,touches,defensive_duel_passing,REQUIRED,54,Bundesliga,2023/2024,8912,8912,100.0,0,54,306,306,100.0,0.0,0.0,2020/2021,2025/2026,False,False,OK
fact_player_match_stats,touches,defensive_duel_passing,REQUIRED,54,Bundesliga,2024/2025,8906,8906,100.0,0,50,306,306,100.0,0.0,0.0,2020/2021,2025/2026,False,False,OK
fact_player_match_stats,touches,defensive_duel_passing,REQUIRED,54,Bundesliga,2025/2026,8935,8935,100.0,0,54,306,306,100.0,0.0,0.0,2020/2021,2025/2026,False,False,OK
fact_player_match_stats,touches,defensive_duel_passing,REQUIRED,55,SerieA,2020/2021,10842,10842,100.0,0,37,379,379,100.0,0.0,,2020/2021,2025/2026,False,False,OK
fact_player_match_stats,touches,defensive_duel_passing,REQUIRED,55,SerieA,2021/2022,10945,10945,100.0,0,39,380,380,100.0,0.0,0.0,2020/2021,2025/2026,False,False,OK
fact_player_match_stats,touches,defensive_duel_passing,REQUIRED,55,SerieA,2022/2023,11144,11144,100.0,0,35,381,381,100.0,0.0,0.0,2020/2021,2025/2026,False,False,OK
fact_player_match_stats,touches,defensive_duel_passing,REQUIRED,55,SerieA,2023/2024,11137,11137,100.0,0,58,380,380,100.0,0.0,0.0,2020/2021,2025/2026,False,False,OK
fact_player_match_stats,touches,defensive_duel_passing,REQUIRED,55,SerieA,2024/2025,11118,11118,100.0,0,30,380,380,100.0,0.0,0.0,2020/2021,2025/2026,False,False,OK
fact_player_match_stats,touches,defensive_duel_passing,REQUIRED,55,SerieA,2025/2026,11157,11157,100.0,0,40,380,380,100.0,0.0,0.0,2020/2021,2025/2026,False,False,OK
fact_player_match_stats,touches,defensive_duel_passing,REQUIRED,87,LaLiga,2020/2021,10842,10842,100.0,0,43,380,380,100.0,0.0,,2020/2021,2025/2026,False,False,OK
fact_player_match_stats,touches,defensive_duel_passing,REQUIRED,87,LaLiga,2021/2022,11038,11038,100.0,0,41,380,380,100.0,0.0,0.0,2020/2021,2025/2026,False,False,OK
fact_player_match_stats,touches,defensive_duel_passing,REQUIRED,87,LaLiga,2022/2023,11032,11032,100.0,0,42,379,379,100.0,0.0,0.0,2020/2021,2025/2026,False,False,OK
fact_player_match_stats,touches,defensive_duel_passing,REQUIRED,87,LaLiga,2023/2024,11083,11083,100.0,0,37,379,379,100.0,0.0,0.0,2020/2021,2025/2026,False,False,OK
fact_player_match_stats,touches,defensive_duel_passing,REQUIRED,87,LaLiga,2024/2025,11130,11130,100.0,0,26,380,380,100.0,0.0,0.0,2020/2021,2025/2026,False,False,OK
fact_player_match_stats,touches,defensive_duel_passing,REQUIRED,87,LaLiga,2025/2026,11191,11191,100.0,0,38,380,380,100.0,0.0,0.0,2020/2021,2025/2026,False,False,OK
fact_player_match_stats,touches_opp_box,defensive_duel_passing,REQUIRED,47,EPL,2020/2021,9628,9628,100.0,0,4759,380,380,100.0,,,2020/2021,2025/2026,False,False,OK
fact_player_match_stats,touches_opp_box,defensive_duel_passing,REQUIRED,47,EPL,2021/2022,9722,9722,100.0,0,5204,380,380,100.0,,0.0,2020/2021,2025/2026,False,False,OK
fact_player_match_stats,touches_opp_box,defensive_duel_passing,REQUIRED,47,EPL,2022/2023,10575,10575,100.0,0,5771,380,380,100.0,,0.0,2020/2021,2025/2026,False,False,OK
fact_player_match_stats,touches_opp_box,defensive_duel_passing,REQUIRED,47,EPL,2023/2024,10604,10604,100.0,0,4678,380,380,100.0,,0.0,2020/2021,2025/2026,False,False,OK
fact_player_match_stats,touches_opp_box,defensive_duel_passing,REQUIRED,47,EPL,2024/2025,10797,10797,100.0,0,3910,380,380,100.0,,0.0,2020/2021,2025/2026,False,False,OK
fact_player_match_stats,touches_opp_box,defensive_duel_passing,REQUIRED,47,EPL,2025/2026,10725,10725,100.0,0,3687,380,380,100.0,,0.0,2020/2021,2025/2026,False,False,OK
fact_player_match_stats,touches_opp_box,defensive_duel_passing,REQUIRED,53,Ligue1,2020/2021,10730,10730,100.0,0,5577,380,380,100.0,0.0,,2020/2021,2025/2026,False,False,OK
fact_player_match_stats,touches_opp_box,defensive_duel_passing,REQUIRED,53,Ligue1,2021/2022,10753,10753,100.0,0,6103,380,380,100.0,0.0,0.0,2020/2021,2025/2026,False,False,OK
fact_player_match_stats,touches_opp_box,defensive_duel_passing,REQUIRED,53,Ligue1,2022/2023,10771,10771,100.0,0,6394,380,380,100.0,0.0,0.0,2020/2021,2025/2026,False,False,OK
fact_player_match_stats,touches_opp_box,defensive_duel_passing,REQUIRED,53,Ligue1,2023/2024,8774,8774,100.0,0,4153,306,306,100.0,0.0,0.0,2020/2021,2025/2026,False,False,OK
fact_player_match_stats,touches_opp_box,defensive_duel_passing,REQUIRED,53,Ligue1,2024/2025,8795,8795,100.0,0,3490,306,306,100.0,0.0,0.0,2020/2021,2025/2026,False,False,OK
fact_player_match_stats,touches_opp_box,defensive_duel_passing,REQUIRED,53,Ligue1,2025/2026,8784,8784,100.0,0,3515,306,306,100.0,0.0,0.0,2020/2021,2025/2026,False,False,OK
fact_player_match_stats,touches_opp_box,defensive_duel_passing,REQUIRED,54,Bundesliga,2020/2021,8652,8652,100.0,0,3777,306,306,100.0,0.0,,2020/2021,2025/2026,False,False,OK
fact_player_match_stats,touches_opp_box,defensive_duel_passing,REQUIRED,54,Bundesliga,2021/2022,8775,8775,100.0,0,3544,306,306,100.0,0.0,0.0,2020/2021,2025/2026,False,False,OK
fact_player_match_stats,touches_opp_box,defensive_duel_passing,REQUIRED,54,Bundesliga,2022/2023,8865,8865,100.0,0,5368,306,306,100.0,0.0,0.0,2020/2021,2025/2026,False,False,OK
fact_player_match_stats,touches_opp_box,defensive_duel_passing,REQUIRED,54,Bundesliga,2023/2024,8912,8912,100.0,0,4161,306,306,100.0,0.0,0.0,2020/2021,2025/2026,False,False,OK
fact_player_match_stats,touches_opp_box,defensive_duel_passing,REQUIRED,54,Bundesliga,2024/2025,8906,8906,100.0,0,3492,306,306,100.0,0.0,0.0,2020/2021,2025/2026,False,False,OK
fact_player_match_stats,touches_opp_box,defensive_duel_passing,REQUIRED,54,Bundesliga,2025/2026,8935,8935,100.0,0,3238,306,306,100.0,0.0,0.0,2020/2021,2025/2026,False,False,OK
fact_player_match_stats,touches_opp_box,defensive_duel_passing,REQUIRED,55,SerieA,2020/2021,10842,10842,100.0,0,5467,379,379,100.0,0.0,,2020/2021,2025/2026,False,False,OK
fact_player_match_stats,touches_opp_box,defensive_duel_passing,REQUIRED,55,SerieA,2021/2022,10945,10945,100.0,0,6102,380,380,100.0,0.0,0.0,2020/2021,2025/2026,False,False,OK
fact_player_match_stats,touches_opp_box,defensive_duel_passing,REQUIRED,55,SerieA,2022/2023,11144,11144,100.0,0,6686,381,381,100.0,0.0,0.0,2020/2021,2025/2026,False,False,OK
fact_player_match_stats,touches_opp_box,defensive_duel_passing,REQUIRED,55,SerieA,2023/2024,11137,11137,100.0,0,5559,380,380,100.0,0.0,0.0,2020/2021,2025/2026,False,False,OK
fact_player_match_stats,touches_opp_box,defensive_duel_passing,REQUIRED,55,SerieA,2024/2025,11118,11118,100.0,0,4694,380,380,100.0,0.0,0.0,2020/2021,2025/2026,False,False,OK
fact_player_match_stats,touches_opp_box,defensive_duel_passing,REQUIRED,55,SerieA,2025/2026,11157,11157,100.0,0,4458,380,380,100.0,0.0,0.0,2020/2021,2025/2026,False,False,OK
fact_player_match_stats,touches_opp_box,defensive_duel_passing,REQUIRED,87,LaLiga,2020/2021,10842,10842,100.0,0,5570,380,380,100.0,0.0,,2020/2021,2025/2026,False,False,OK
fact_player_match_stats,touches_opp_box,defensive_duel_passing,REQUIRED,87,LaLiga,2021/2022,11038,11038,100.0,0,6415,380,380,100.0,0.0,0.0,2020/2021,2025/2026,False,False,OK
fact_player_match_stats,touches_opp_box,defensive_duel_passing,REQUIRED,87,LaLiga,2022/2023,11032,11032,100.0,0,6589,379,379,100.0,0.0,0.0,2020/2021,2025/2026,False,False,OK
fact_player_match_stats,touches_opp_box,defensive_duel_passing,REQUIRED,87,LaLiga,2023/2024,11083,11083,100.0,0,5630,379,379,100.0,0.0,0.0,2020/2021,2025/2026,False,False,OK
fact_player_match_stats,touches_opp_box,defensive_duel_passing,REQUIRED,87,LaLiga,2024/2025,11130,11130,100.0,0,4795,380,380,100.0,0.0,0.0,2020/2021,2025/2026,False,False,OK
fact_player_match_stats,touches_opp_box,defensive_duel_passing,REQUIRED,87,LaLiga,2025/2026,11191,11191,100.0,0,4541,380,380,100.0,0.0,0.0,2020/2021,2025/2026,False,False,OK
fact_player_match_stats,usual_position,standard_match,REQUIRED,47,EPL,2020/2021,10393,10385,99.923,0,0,380,380,100.0,,,2020/2021,2025/2026,False,False,OK
fact_player_match_stats,usual_position,standard_match,REQUIRED,47,EPL,2021/2022,10485,10479,99.9428,0,0,380,380,100.0,,0.0198,2020/2021,2025/2026,False,False,OK
fact_player_match_stats,usual_position,standard_match,REQUIRED,47,EPL,2022/2023,11345,11341,99.9647,0,0,380,380,100.0,,0.0219,2020/2021,2025/2026,False,False,OK
fact_player_match_stats,usual_position,standard_match,REQUIRED,47,EPL,2023/2024,11380,11375,99.9561,0,0,380,380,100.0,,-0.0086,2020/2021,2025/2026,False,False,OK
fact_player_match_stats,usual_position,standard_match,REQUIRED,47,EPL,2024/2025,11567,11565,99.9827,0,0,380,380,100.0,,0.0266,2020/2021,2025/2026,False,False,OK
fact_player_match_stats,usual_position,standard_match,REQUIRED,47,EPL,2025/2026,11492,11492,100.0,0,0,380,380,100.0,,0.0173,2020/2021,2025/2026,False,False,OK
fact_player_match_stats,usual_position,standard_match,REQUIRED,53,Ligue1,2020/2021,11498,11494,99.9652,0,0,380,380,100.0,0.0422,,2020/2021,2025/2026,False,False,OK
fact_player_match_stats,usual_position,standard_match,REQUIRED,53,Ligue1,2021/2022,11527,11522,99.9566,0,0,380,380,100.0,0.0138,-0.0086,2020/2021,2025/2026,False,False,OK
fact_player_match_stats,usual_position,standard_match,REQUIRED,53,Ligue1,2022/2023,11541,11530,99.9047,0,0,380,380,100.0,-0.06,-0.0519,2020/2021,2025/2026,False,False,OK
fact_player_match_stats,usual_position,standard_match,REQUIRED,53,Ligue1,2023/2024,9392,9385,99.9255,0,0,306,306,100.0,-0.0306,0.0208,2020/2021,2025/2026,False,False,OK
fact_player_match_stats,usual_position,standard_match,REQUIRED,53,Ligue1,2024/2025,9413,9413,100.0,0,0,306,306,100.0,0.0173,0.0745,2020/2021,2025/2026,False,False,OK
fact_player_match_stats,usual_position,standard_match,REQUIRED,53,Ligue1,2025/2026,9408,9406,99.9787,0,0,306,306,100.0,-0.0213,-0.0213,2020/2021,2025/2026,False,False,OK
fact_player_match_stats,usual_position,standard_match,REQUIRED,54,Bundesliga,2020/2021,9271,9267,99.9569,0,0,306,306,100.0,0.0339,,2020/2021,2025/2026,False,False,OK
fact_player_match_stats,usual_position,standard_match,REQUIRED,54,Bundesliga,2021/2022,9391,9388,99.9681,0,0,306,306,100.0,0.0253,0.0112,2020/2021,2025/2026,False,False,OK
fact_player_match_stats,usual_position,standard_match,REQUIRED,54,Bundesliga,2022/2023,9480,9477,99.9684,0,0,306,306,100.0,0.0037,0.0003,2020/2021,2025/2026,False,False,OK
fact_player_match_stats,usual_position,standard_match,REQUIRED,54,Bundesliga,2023/2024,9526,9523,99.9685,0,0,306,306,100.0,0.0124,0.0001,2020/2021,2025/2026,False,False,OK
fact_player_match_stats,usual_position,standard_match,REQUIRED,54,Bundesliga,2024/2025,9528,9524,99.958,0,0,306,306,100.0,-0.0247,-0.0105,2020/2021,2025/2026,False,False,OK
fact_player_match_stats,usual_position,standard_match,REQUIRED,54,Bundesliga,2025/2026,9555,9553,99.9791,0,0,306,306,100.0,-0.0209,0.0211,2020/2021,2025/2026,False,False,OK
fact_player_match_stats,usual_position,standard_match,REQUIRED,55,SerieA,2020/2021,11612,11609,99.9742,0,0,379,379,100.0,0.0512,,2020/2021,2025/2026,False,False,OK
fact_player_match_stats,usual_position,standard_match,REQUIRED,55,SerieA,2021/2022,11717,11708,99.9232,0,0,380,380,100.0,-0.0196,-0.051,2020/2021,2025/2026,False,False,OK
fact_player_match_stats,usual_position,standard_match,REQUIRED,55,SerieA,2022/2023,11916,11911,99.958,0,0,381,381,100.0,-0.0067,0.0348,2020/2021,2025/2026,False,False,OK
fact_player_match_stats,usual_position,standard_match,REQUIRED,55,SerieA,2023/2024,11910,11902,99.9328,0,0,380,380,100.0,-0.0233,-0.0252,2020/2021,2025/2026,False,False,OK
fact_player_match_stats,usual_position,standard_match,REQUIRED,55,SerieA,2024/2025,11887,11885,99.9832,0,0,380,380,100.0,0.0005,0.0504,2020/2021,2025/2026,False,False,OK
fact_player_match_stats,usual_position,standard_match,REQUIRED,55,SerieA,2025/2026,11928,11927,99.9916,0,0,380,380,100.0,-0.0084,0.0084,2020/2021,2025/2026,False,False,OK
fact_player_match_stats,usual_position,standard_match,REQUIRED,87,LaLiga,2020/2021,11607,11599,99.9311,0,0,380,380,100.0,0.0081,,2020/2021,2025/2026,False,False,OK
fact_player_match_stats,usual_position,standard_match,REQUIRED,87,LaLiga,2021/2022,11806,11803,99.9746,0,0,380,380,100.0,0.0318,0.0435,2020/2021,2025/2026,False,False,OK
fact_player_match_stats,usual_position,standard_match,REQUIRED,87,LaLiga,2022/2023,11801,11799,99.9831,0,0,379,379,100.0,0.0184,0.0085,2020/2021,2025/2026,False,False,OK
fact_player_match_stats,usual_position,standard_match,REQUIRED,87,LaLiga,2023/2024,11854,11851,99.9747,0,0,379,379,100.0,0.0186,-0.0084,2020/2021,2025/2026,False,False,OK
fact_player_match_stats,usual_position,standard_match,REQUIRED,87,LaLiga,2024/2025,11900,11893,99.9412,0,0,380,380,100.0,-0.0415,-0.0335,2020/2021,2025/2026,False,False,OK
fact_player_match_stats,usual_position,standard_match,REQUIRED,87,LaLiga,2025/2026,11953,11953,100.0,0,0,380,380,100.0,0.0,0.0588,2020/2021,2025/2026,False,False,OK
fact_player_match_stats,was_fouled,defensive_duel_passing,OPTIONAL,47,EPL,2020/2021,9628,4760,49.4391,0,0,380,380,100.0,,,2020/2021,2025/2026,False,False,OK
fact_player_match_stats,was_fouled,defensive_duel_passing,OPTIONAL,47,EPL,2021/2022,9722,4544,46.7394,0,0,380,380,100.0,,-2.6997,2020/2021,2025/2026,False,False,OK
fact_player_match_stats,was_fouled,defensive_duel_passing,OPTIONAL,47,EPL,2022/2023,10575,4821,45.5887,0,0,380,380,100.0,,-1.1507,2020/2021,2025/2026,False,False,OK
fact_player_match_stats,was_fouled,defensive_duel_passing,OPTIONAL,47,EPL,2023/2024,10604,4940,46.5862,0,0,380,380,100.0,,0.9975,2020/2021,2025/2026,False,False,OK
fact_player_match_stats,was_fouled,defensive_duel_passing,OPTIONAL,47,EPL,2024/2025,10797,5063,46.8927,0,0,380,380,100.0,,0.3065,2020/2021,2025/2026,False,False,OK
fact_player_match_stats,was_fouled,defensive_duel_passing,OPTIONAL,47,EPL,2025/2026,10725,4933,45.9953,0,0,380,380,100.0,,-0.8974,2020/2021,2025/2026,False,False,OK
fact_player_match_stats,was_fouled,defensive_duel_passing,OPTIONAL,53,Ligue1,2020/2021,10730,5439,50.6897,0,0,380,380,100.0,1.2506,,2020/2021,2025/2026,False,False,OK
fact_player_match_stats,was_fouled,defensive_duel_passing,OPTIONAL,53,Ligue1,2021/2022,10753,5097,47.4007,0,0,380,380,100.0,0.6613,-3.289,2020/2021,2025/2026,False,False,OK
fact_player_match_stats,was_fouled,defensive_duel_passing,OPTIONAL,53,Ligue1,2022/2023,10771,5371,49.8654,0,0,380,380,100.0,4.2767,2.4647,2020/2021,2025/2026,False,False,OK
fact_player_match_stats,was_fouled,defensive_duel_passing,OPTIONAL,53,Ligue1,2023/2024,8774,4377,49.886,0,0,306,306,100.0,3.2998,0.0206,2020/2021,2025/2026,False,False,OK
fact_player_match_stats,was_fouled,defensive_duel_passing,OPTIONAL,53,Ligue1,2024/2025,8795,4190,47.6407,0,0,306,306,100.0,0.748,-2.2453,2020/2021,2025/2026,False,False,OK
fact_player_match_stats,was_fouled,defensive_duel_passing,OPTIONAL,53,Ligue1,2025/2026,8784,4184,47.6321,0,0,306,306,100.0,1.6368,-0.0086,2020/2021,2025/2026,False,False,OK
fact_player_match_stats,was_fouled,defensive_duel_passing,OPTIONAL,54,Bundesliga,2020/2021,8652,4299,49.6879,0,0,306,306,100.0,0.2488,,2020/2021,2025/2026,False,False,OK
fact_player_match_stats,was_fouled,defensive_duel_passing,OPTIONAL,54,Bundesliga,2021/2022,8775,4205,47.9202,0,0,306,306,100.0,1.1808,-1.7677,2020/2021,2025/2026,False,False,OK
fact_player_match_stats,was_fouled,defensive_duel_passing,OPTIONAL,54,Bundesliga,2022/2023,8865,4219,47.5917,0,0,306,306,100.0,2.003,-0.3285,2020/2021,2025/2026,False,False,OK
fact_player_match_stats,was_fouled,defensive_duel_passing,OPTIONAL,54,Bundesliga,2023/2024,8912,4089,45.882,0,0,306,306,100.0,-0.7042,-1.7097,2020/2021,2025/2026,False,False,OK
fact_player_match_stats,was_fouled,defensive_duel_passing,OPTIONAL,54,Bundesliga,2024/2025,8906,3892,43.7009,0,0,306,306,100.0,-3.1918,-2.1811,2020/2021,2025/2026,False,False,OK
fact_player_match_stats,was_fouled,defensive_duel_passing,OPTIONAL,54,Bundesliga,2025/2026,8935,3879,43.4135,0,0,306,306,100.0,-2.5818,-0.2874,2020/2021,2025/2026,False,False,OK
fact_player_match_stats,was_fouled,defensive_duel_passing,OPTIONAL,55,SerieA,2020/2021,10842,5604,51.6879,0,0,379,379,100.0,2.2488,,2020/2021,2025/2026,False,False,OK
fact_player_match_stats,was_fouled,defensive_duel_passing,OPTIONAL,55,SerieA,2021/2022,10945,5537,50.5893,0,0,380,380,100.0,3.8499,-1.0986,2020/2021,2025/2026,False,False,OK
fact_player_match_stats,was_fouled,defensive_duel_passing,OPTIONAL,55,SerieA,2022/2023,11144,5474,49.1206,0,0,381,381,100.0,3.5319,-1.4687,2020/2021,2025/2026,False,False,OK
fact_player_match_stats,was_fouled,defensive_duel_passing,OPTIONAL,55,SerieA,2023/2024,11137,5270,47.3197,0,0,380,380,100.0,0.7335,-1.8009,2020/2021,2025/2026,False,False,OK
fact_player_match_stats,was_fouled,defensive_duel_passing,OPTIONAL,55,SerieA,2024/2025,11118,5339,48.0212,0,0,380,380,100.0,1.1285,0.7015,2020/2021,2025/2026,False,False,OK
fact_player_match_stats,was_fouled,defensive_duel_passing,OPTIONAL,55,SerieA,2025/2026,11157,5407,48.4628,0,0,380,380,100.0,2.4675,0.4416,2020/2021,2025/2026,False,False,OK
fact_player_match_stats,was_fouled,defensive_duel_passing,OPTIONAL,87,LaLiga,2020/2021,10842,5559,51.2728,0,0,380,380,100.0,1.8337,,2020/2021,2025/2026,False,False,OK
fact_player_match_stats,was_fouled,defensive_duel_passing,OPTIONAL,87,LaLiga,2021/2022,11038,5655,51.2321,0,0,380,380,100.0,4.4927,-0.0407,2020/2021,2025/2026,False,False,OK
fact_player_match_stats,was_fouled,defensive_duel_passing,OPTIONAL,87,LaLiga,2022/2023,11032,5504,49.8912,0,0,379,379,100.0,4.3025,-1.3409,2020/2021,2025/2026,False,False,OK
fact_player_match_stats,was_fouled,defensive_duel_passing,OPTIONAL,87,LaLiga,2023/2024,11083,5505,49.6707,0,0,379,379,100.0,3.0845,-0.2205,2020/2021,2025/2026,False,False,OK
fact_player_match_stats,was_fouled,defensive_duel_passing,OPTIONAL,87,LaLiga,2024/2025,11130,5361,48.1671,0,0,380,380,100.0,1.2744,-1.5036,2020/2021,2025/2026,False,False,OK
fact_player_match_stats,was_fouled,defensive_duel_passing,OPTIONAL,87,LaLiga,2025/2026,11191,5414,48.3782,0,0,380,380,100.0,2.3829,0.2111,2020/2021,2025/2026,False,False,OK
fact_player_match_stats,xg_and_xa,player_attacking_xg_xa,OPTIONAL,47,EPL,2020/2021,9628,7894,81.99,0,0,380,380,100.0,,,2020/2021,2025/2026,False,False,OK
fact_player_match_stats,xg_and_xa,player_attacking_xg_xa,OPTIONAL,47,EPL,2021/2022,9722,7972,81.9996,0,0,380,380,100.0,,0.0096,2020/2021,2025/2026,False,False,OK
fact_player_match_stats,xg_and_xa,player_attacking_xg_xa,OPTIONAL,47,EPL,2022/2023,10575,8358,79.0355,0,0,380,380,100.0,,-2.9641,2020/2021,2025/2026,False,False,OK
fact_player_match_stats,xg_and_xa,player_attacking_xg_xa,OPTIONAL,47,EPL,2023/2024,10604,8629,81.375,0,0,380,380,100.0,,2.3395,2020/2021,2025/2026,False,False,OK
fact_player_match_stats,xg_and_xa,player_attacking_xg_xa,OPTIONAL,47,EPL,2024/2025,10797,8751,81.0503,0,0,380,380,100.0,,-0.3247,2020/2021,2025/2026,False,False,OK
fact_player_match_stats,xg_and_xa,player_attacking_xg_xa,OPTIONAL,47,EPL,2025/2026,10725,8721,81.3147,0,0,380,380,100.0,,0.2644,2020/2021,2025/2026,False,False,OK
fact_player_match_stats,xg_and_xa,player_attacking_xg_xa,OPTIONAL,53,Ligue1,2020/2021,10730,8569,79.8602,0,0,379,380,99.7368,-2.1298,,2020/2021,2025/2026,False,False,OK
fact_player_match_stats,xg_and_xa,player_attacking_xg_xa,OPTIONAL,53,Ligue1,2021/2022,10753,8570,79.6987,0,0,380,380,100.0,-2.3009,-0.1615,2020/2021,2025/2026,False,False,OK
fact_player_match_stats,xg_and_xa,player_attacking_xg_xa,OPTIONAL,53,Ligue1,2022/2023,10771,8776,81.478,0,0,380,380,100.0,2.4425,1.7793,2020/2021,2025/2026,False,False,OK
fact_player_match_stats,xg_and_xa,player_attacking_xg_xa,OPTIONAL,53,Ligue1,2023/2024,8774,7250,82.6305,0,0,306,306,100.0,1.2555,1.1525,2020/2021,2025/2026,False,False,OK
fact_player_match_stats,xg_and_xa,player_attacking_xg_xa,OPTIONAL,53,Ligue1,2024/2025,8795,7138,81.1597,0,0,306,306,100.0,0.1094,-1.4708,2020/2021,2025/2026,False,False,OK
fact_player_match_stats,xg_and_xa,player_attacking_xg_xa,OPTIONAL,53,Ligue1,2025/2026,8784,7107,80.9085,0,0,306,306,100.0,-0.4062,-0.2512,2020/2021,2025/2026,False,False,OK
fact_player_match_stats,xg_and_xa,player_attacking_xg_xa,OPTIONAL,54,Bundesliga,2020/2021,8652,7079,81.8192,0,0,306,306,100.0,-0.1708,,2020/2021,2025/2026,False,False,OK
fact_player_match_stats,xg_and_xa,player_attacking_xg_xa,OPTIONAL,54,Bundesliga,2021/2022,8775,7197,82.0171,0,0,306,306,100.0,0.0175,0.1979,2020/2021,2025/2026,False,False,OK
fact_player_match_stats,xg_and_xa,player_attacking_xg_xa,OPTIONAL,54,Bundesliga,2022/2023,8865,7213,81.3649,0,0,306,306,100.0,2.3294,-0.6522,2020/2021,2025/2026,False,False,OK
fact_player_match_stats,xg_and_xa,player_attacking_xg_xa,OPTIONAL,54,Bundesliga,2023/2024,8912,7396,82.9892,0,0,306,306,100.0,1.6142,1.6243,2020/2021,2025/2026,False,False,OK
fact_player_match_stats,xg_and_xa,player_attacking_xg_xa,OPTIONAL,54,Bundesliga,2024/2025,8906,7386,82.9329,0,0,306,306,100.0,1.8826,-0.0563,2020/2021,2025/2026,False,False,OK
fact_player_match_stats,xg_and_xa,player_attacking_xg_xa,OPTIONAL,54,Bundesliga,2025/2026,8935,7564,84.6558,0,0,306,306,100.0,3.3411,1.7229,2020/2021,2025/2026,False,False,OK
fact_player_match_stats,xg_and_xa,player_attacking_xg_xa,OPTIONAL,55,SerieA,2020/2021,10842,8673,79.9945,0,0,379,379,100.0,-1.9955,,2020/2021,2025/2026,False,False,OK
fact_player_match_stats,xg_and_xa,player_attacking_xg_xa,OPTIONAL,55,SerieA,2021/2022,10945,8705,79.534,0,0,380,380,100.0,-2.4656,-0.4605,2020/2021,2025/2026,False,False,OK
fact_player_match_stats,xg_and_xa,player_attacking_xg_xa,OPTIONAL,55,SerieA,2022/2023,11144,8852,79.4329,0,0,381,381,100.0,0.3974,-0.1011,2020/2021,2025/2026,False,False,OK
fact_player_match_stats,xg_and_xa,player_attacking_xg_xa,OPTIONAL,55,SerieA,2023/2024,11137,8819,79.1865,0,0,380,380,100.0,-2.1885,-0.2464,2020/2021,2025/2026,False,False,OK
fact_player_match_stats,xg_and_xa,player_attacking_xg_xa,OPTIONAL,55,SerieA,2024/2025,11118,8716,78.3954,0,0,380,380,100.0,-2.6549,-0.7911,2020/2021,2025/2026,False,False,OK
fact_player_match_stats,xg_and_xa,player_attacking_xg_xa,OPTIONAL,55,SerieA,2025/2026,11157,8791,78.7936,0,0,380,380,100.0,-2.5211,0.3982,2020/2021,2025/2026,False,False,OK
fact_player_match_stats,xg_and_xa,player_attacking_xg_xa,OPTIONAL,87,LaLiga,2020/2021,10842,8461,78.0391,0,0,380,380,100.0,-3.9509,,2020/2021,2025/2026,False,False,OK
fact_player_match_stats,xg_and_xa,player_attacking_xg_xa,OPTIONAL,87,LaLiga,2021/2022,11038,8761,79.3713,0,0,380,380,100.0,-2.6283,1.3322,2020/2021,2025/2026,False,False,OK
fact_player_match_stats,xg_and_xa,player_attacking_xg_xa,OPTIONAL,87,LaLiga,2022/2023,11032,8860,80.3118,0,0,379,379,100.0,1.2763,0.9405,2020/2021,2025/2026,False,False,OK
fact_player_match_stats,xg_and_xa,player_attacking_xg_xa,OPTIONAL,87,LaLiga,2023/2024,11083,8907,80.3663,0,0,379,379,100.0,-1.0087,0.0545,2020/2021,2025/2026,False,False,OK
fact_player_match_stats,xg_and_xa,player_attacking_xg_xa,OPTIONAL,87,LaLiga,2024/2025,11130,8802,79.0836,0,0,380,380,100.0,-1.9667,-1.2827,2020/2021,2025/2026,False,False,OK
fact_player_match_stats,xg_and_xa,player_attacking_xg_xa,OPTIONAL,87,LaLiga,2025/2026,11191,9043,80.806,0,0,380,380,100.0,-0.5087,1.7224,2020/2021,2025/2026,False,False,OK
fact_shotmap,Minute,shot_xg,REQUIRED,47,EPL,2020/2021,9232,9232,100.0,0,1,380,380,100.0,,,2020/2021,2025/2026,False,False,OK
fact_shotmap,Minute,shot_xg,REQUIRED,47,EPL,2021/2022,9781,9781,100.0,0,0,380,380,100.0,,0.0,2020/2021,2025/2026,False,False,OK
fact_shotmap,Minute,shot_xg,REQUIRED,47,EPL,2022/2023,9654,9654,100.0,0,0,380,380,100.0,,0.0,2020/2021,2025/2026,False,False,OK
fact_shotmap,Minute,shot_xg,REQUIRED,47,EPL,2023/2024,10538,10538,100.0,0,0,380,380,100.0,,0.0,2020/2021,2025/2026,False,False,OK
fact_shotmap,Minute,shot_xg,REQUIRED,47,EPL,2024/2025,9883,9883,100.0,0,2,380,380,100.0,,0.0,2020/2021,2025/2026,False,False,OK
fact_shotmap,Minute,shot_xg,REQUIRED,47,EPL,2025/2026,9543,9543,100.0,0,0,380,380,100.0,,0.0,2020/2021,2025/2026,False,False,OK
fact_shotmap,Minute,shot_xg,REQUIRED,53,Ligue1,2020/2021,8899,8899,100.0,0,0,379,379,100.0,0.0,,2020/2021,2025/2026,False,False,OK
fact_shotmap,Minute,shot_xg,REQUIRED,53,Ligue1,2021/2022,9152,9152,100.0,0,0,380,380,100.0,0.0,0.0,2020/2021,2025/2026,False,False,OK
fact_shotmap,Minute,shot_xg,REQUIRED,53,Ligue1,2022/2023,9350,9350,100.0,0,0,380,380,100.0,0.0,0.0,2020/2021,2025/2026,False,False,OK
fact_shotmap,Minute,shot_xg,REQUIRED,53,Ligue1,2023/2024,7797,7797,100.0,0,1,305,305,100.0,0.0,0.0,2020/2021,2025/2026,False,False,OK
fact_shotmap,Minute,shot_xg,REQUIRED,53,Ligue1,2024/2025,7655,7655,100.0,0,0,306,306,100.0,0.0,0.0,2020/2021,2025/2026,False,False,OK
fact_shotmap,Minute,shot_xg,REQUIRED,53,Ligue1,2025/2026,7618,7618,100.0,0,0,306,306,100.0,0.0,0.0,2020/2021,2025/2026,False,False,OK
fact_shotmap,Minute,shot_xg,REQUIRED,54,Bundesliga,2020/2021,7603,7603,100.0,0,0,306,306,100.0,0.0,,2020/2021,2025/2026,False,False,OK
fact_shotmap,Minute,shot_xg,REQUIRED,54,Bundesliga,2021/2022,7961,7961,100.0,0,0,306,306,100.0,0.0,0.0,2020/2021,2025/2026,False,False,OK
fact_shotmap,Minute,shot_xg,REQUIRED,54,Bundesliga,2022/2023,7825,7825,100.0,0,0,306,306,100.0,0.0,0.0,2020/2021,2025/2026,False,False,OK
fact_shotmap,Minute,shot_xg,REQUIRED,54,Bundesliga,2023/2024,8523,8523,100.0,0,0,306,306,100.0,0.0,0.0,2020/2021,2025/2026,False,False,OK
fact_shotmap,Minute,shot_xg,REQUIRED,54,Bundesliga,2024/2025,7989,7989,100.0,0,1,306,306,100.0,0.0,0.0,2020/2021,2025/2026,False,False,OK
fact_shotmap,Minute,shot_xg,REQUIRED,54,Bundesliga,2025/2026,8130,8130,100.0,0,1,306,306,100.0,0.0,0.0,2020/2021,2025/2026,False,False,OK
fact_shotmap,Minute,shot_xg,REQUIRED,55,SerieA,2020/2021,9520,9520,100.0,0,0,380,380,100.0,0.0,,2020/2021,2025/2026,False,False,OK
fact_shotmap,Minute,shot_xg,REQUIRED,55,SerieA,2021/2022,9939,9939,100.0,0,0,380,380,100.0,0.0,0.0,2020/2021,2025/2026,False,False,OK
fact_shotmap,Minute,shot_xg,REQUIRED,55,SerieA,2022/2023,9708,9708,100.0,0,0,381,381,100.0,0.0,0.0,2020/2021,2025/2026,False,False,OK
fact_shotmap,Minute,shot_xg,REQUIRED,55,SerieA,2023/2024,9724,9724,100.0,0,0,380,380,100.0,0.0,0.0,2020/2021,2025/2026,False,False,OK
fact_shotmap,Minute,shot_xg,REQUIRED,55,SerieA,2024/2025,9250,9250,100.0,0,0,380,380,100.0,0.0,0.0,2020/2021,2025/2026,False,False,OK
fact_shotmap,Minute,shot_xg,REQUIRED,55,SerieA,2025/2026,9381,9381,100.0,0,0,380,380,100.0,0.0,0.0,2020/2021,2025/2026,False,False,OK
fact_shotmap,Minute,shot_xg,REQUIRED,87,LaLiga,2020/2021,8132,8132,100.0,0,0,380,380,100.0,0.0,,2020/2021,2025/2026,False,False,OK
fact_shotmap,Minute,shot_xg,REQUIRED,87,LaLiga,2021/2022,8982,8982,100.0,0,0,380,380,100.0,0.0,0.0,2020/2021,2025/2026,False,False,OK
fact_shotmap,Minute,shot_xg,REQUIRED,87,LaLiga,2022/2023,9392,9392,100.0,0,0,380,380,100.0,0.0,0.0,2020/2021,2025/2026,False,False,OK
fact_shotmap,Minute,shot_xg,REQUIRED,87,LaLiga,2023/2024,9335,9335,100.0,0,0,380,380,100.0,0.0,0.0,2020/2021,2025/2026,False,False,OK
fact_shotmap,Minute,shot_xg,REQUIRED,87,LaLiga,2024/2025,9065,9065,100.0,0,1,380,380,100.0,0.0,0.0,2020/2021,2025/2026,False,False,OK
fact_shotmap,Minute,shot_xg,REQUIRED,87,LaLiga,2025/2026,9510,9510,100.0,0,0,380,380,100.0,0.0,0.0,2020/2021,2025/2026,False,False,OK
fact_shotmap,Outcome,shot_xg,REQUIRED,47,EPL,2020/2021,9232,9232,100.0,0,0,380,380,100.0,,,2020/2021,2025/2026,False,False,OK
fact_shotmap,Outcome,shot_xg,REQUIRED,47,EPL,2021/2022,9781,9781,100.0,0,0,380,380,100.0,,0.0,2020/2021,2025/2026,False,False,OK
fact_shotmap,Outcome,shot_xg,REQUIRED,47,EPL,2022/2023,9654,9654,100.0,0,0,380,380,100.0,,0.0,2020/2021,2025/2026,False,False,OK
fact_shotmap,Outcome,shot_xg,REQUIRED,47,EPL,2023/2024,10538,10538,100.0,0,0,380,380,100.0,,0.0,2020/2021,2025/2026,False,False,OK
fact_shotmap,Outcome,shot_xg,REQUIRED,47,EPL,2024/2025,9883,9883,100.0,0,0,380,380,100.0,,0.0,2020/2021,2025/2026,False,False,OK
fact_shotmap,Outcome,shot_xg,REQUIRED,47,EPL,2025/2026,9543,9543,100.0,0,0,380,380,100.0,,0.0,2020/2021,2025/2026,False,False,OK
fact_shotmap,Outcome,shot_xg,REQUIRED,53,Ligue1,2020/2021,8899,8899,100.0,0,0,379,379,100.0,0.0,,2020/2021,2025/2026,False,False,OK
fact_shotmap,Outcome,shot_xg,REQUIRED,53,Ligue1,2021/2022,9152,9152,100.0,0,0,380,380,100.0,0.0,0.0,2020/2021,2025/2026,False,False,OK
fact_shotmap,Outcome,shot_xg,REQUIRED,53,Ligue1,2022/2023,9350,9350,100.0,0,0,380,380,100.0,0.0,0.0,2020/2021,2025/2026,False,False,OK
fact_shotmap,Outcome,shot_xg,REQUIRED,53,Ligue1,2023/2024,7797,7797,100.0,0,0,305,305,100.0,0.0,0.0,2020/2021,2025/2026,False,False,OK
fact_shotmap,Outcome,shot_xg,REQUIRED,53,Ligue1,2024/2025,7655,7655,100.0,0,0,306,306,100.0,0.0,0.0,2020/2021,2025/2026,False,False,OK
fact_shotmap,Outcome,shot_xg,REQUIRED,53,Ligue1,2025/2026,7618,7618,100.0,0,0,306,306,100.0,0.0,0.0,2020/2021,2025/2026,False,False,OK
fact_shotmap,Outcome,shot_xg,REQUIRED,54,Bundesliga,2020/2021,7603,7603,100.0,0,0,306,306,100.0,0.0,,2020/2021,2025/2026,False,False,OK
fact_shotmap,Outcome,shot_xg,REQUIRED,54,Bundesliga,2021/2022,7961,7961,100.0,0,0,306,306,100.0,0.0,0.0,2020/2021,2025/2026,False,False,OK
fact_shotmap,Outcome,shot_xg,REQUIRED,54,Bundesliga,2022/2023,7825,7825,100.0,0,0,306,306,100.0,0.0,0.0,2020/2021,2025/2026,False,False,OK
fact_shotmap,Outcome,shot_xg,REQUIRED,54,Bundesliga,2023/2024,8523,8523,100.0,0,0,306,306,100.0,0.0,0.0,2020/2021,2025/2026,False,False,OK
fact_shotmap,Outcome,shot_xg,REQUIRED,54,Bundesliga,2024/2025,7989,7989,100.0,0,0,306,306,100.0,0.0,0.0,2020/2021,2025/2026,False,False,OK
fact_shotmap,Outcome,shot_xg,REQUIRED,54,Bundesliga,2025/2026,8130,8130,100.0,0,0,306,306,100.0,0.0,0.0,2020/2021,2025/2026,False,False,OK
fact_shotmap,Outcome,shot_xg,REQUIRED,55,SerieA,2020/2021,9520,9520,100.0,0,0,380,380,100.0,0.0,,2020/2021,2025/2026,False,False,OK
fact_shotmap,Outcome,shot_xg,REQUIRED,55,SerieA,2021/2022,9939,9939,100.0,0,0,380,380,100.0,0.0,0.0,2020/2021,2025/2026,False,False,OK
fact_shotmap,Outcome,shot_xg,REQUIRED,55,SerieA,2022/2023,9708,9708,100.0,0,0,381,381,100.0,0.0,0.0,2020/2021,2025/2026,False,False,OK
fact_shotmap,Outcome,shot_xg,REQUIRED,55,SerieA,2023/2024,9724,9724,100.0,0,0,380,380,100.0,0.0,0.0,2020/2021,2025/2026,False,False,OK
fact_shotmap,Outcome,shot_xg,REQUIRED,55,SerieA,2024/2025,9250,9250,100.0,0,0,380,380,100.0,0.0,0.0,2020/2021,2025/2026,False,False,OK
fact_shotmap,Outcome,shot_xg,REQUIRED,55,SerieA,2025/2026,9381,9381,100.0,0,0,380,380,100.0,0.0,0.0,2020/2021,2025/2026,False,False,OK
fact_shotmap,Outcome,shot_xg,REQUIRED,87,LaLiga,2020/2021,8132,8132,100.0,0,0,380,380,100.0,0.0,,2020/2021,2025/2026,False,False,OK
fact_shotmap,Outcome,shot_xg,REQUIRED,87,LaLiga,2021/2022,8982,8982,100.0,0,0,380,380,100.0,0.0,0.0,2020/2021,2025/2026,False,False,OK
fact_shotmap,Outcome,shot_xg,REQUIRED,87,LaLiga,2022/2023,9392,9392,100.0,0,0,380,380,100.0,0.0,0.0,2020/2021,2025/2026,False,False,OK
fact_shotmap,Outcome,shot_xg,REQUIRED,87,LaLiga,2023/2024,9335,9335,100.0,0,0,380,380,100.0,0.0,0.0,2020/2021,2025/2026,False,False,OK
fact_shotmap,Outcome,shot_xg,REQUIRED,87,LaLiga,2024/2025,9065,9065,100.0,0,0,380,380,100.0,0.0,0.0,2020/2021,2025/2026,False,False,OK
fact_shotmap,Outcome,shot_xg,REQUIRED,87,LaLiga,2025/2026,9510,9510,100.0,0,0,380,380,100.0,0.0,0.0,2020/2021,2025/2026,False,False,OK
fact_shotmap,Shot_Type,shot_xg,REQUIRED,47,EPL,2020/2021,9232,9232,100.0,0,0,380,380,100.0,,,2020/2021,2025/2026,False,False,OK
fact_shotmap,Shot_Type,shot_xg,REQUIRED,47,EPL,2021/2022,9781,9781,100.0,0,0,380,380,100.0,,0.0,2020/2021,2025/2026,False,False,OK
fact_shotmap,Shot_Type,shot_xg,REQUIRED,47,EPL,2022/2023,9654,9654,100.0,0,0,380,380,100.0,,0.0,2020/2021,2025/2026,False,False,OK
fact_shotmap,Shot_Type,shot_xg,REQUIRED,47,EPL,2023/2024,10538,10538,100.0,0,0,380,380,100.0,,0.0,2020/2021,2025/2026,False,False,OK
fact_shotmap,Shot_Type,shot_xg,REQUIRED,47,EPL,2024/2025,9883,9883,100.0,0,0,380,380,100.0,,0.0,2020/2021,2025/2026,False,False,OK
fact_shotmap,Shot_Type,shot_xg,REQUIRED,47,EPL,2025/2026,9543,9543,100.0,0,0,380,380,100.0,,0.0,2020/2021,2025/2026,False,False,OK
fact_shotmap,Shot_Type,shot_xg,REQUIRED,53,Ligue1,2020/2021,8899,8899,100.0,0,0,379,379,100.0,0.0,,2020/2021,2025/2026,False,False,OK
fact_shotmap,Shot_Type,shot_xg,REQUIRED,53,Ligue1,2021/2022,9152,9152,100.0,0,0,380,380,100.0,0.0,0.0,2020/2021,2025/2026,False,False,OK
fact_shotmap,Shot_Type,shot_xg,REQUIRED,53,Ligue1,2022/2023,9350,9350,100.0,0,0,380,380,100.0,0.0,0.0,2020/2021,2025/2026,False,False,OK
fact_shotmap,Shot_Type,shot_xg,REQUIRED,53,Ligue1,2023/2024,7797,7797,100.0,0,0,305,305,100.0,0.0,0.0,2020/2021,2025/2026,False,False,OK
fact_shotmap,Shot_Type,shot_xg,REQUIRED,53,Ligue1,2024/2025,7655,7655,100.0,0,0,306,306,100.0,0.0,0.0,2020/2021,2025/2026,False,False,OK
fact_shotmap,Shot_Type,shot_xg,REQUIRED,53,Ligue1,2025/2026,7618,7618,100.0,0,0,306,306,100.0,0.0,0.0,2020/2021,2025/2026,False,False,OK
fact_shotmap,Shot_Type,shot_xg,REQUIRED,54,Bundesliga,2020/2021,7603,7603,100.0,0,0,306,306,100.0,0.0,,2020/2021,2025/2026,False,False,OK
fact_shotmap,Shot_Type,shot_xg,REQUIRED,54,Bundesliga,2021/2022,7961,7961,100.0,0,0,306,306,100.0,0.0,0.0,2020/2021,2025/2026,False,False,OK
fact_shotmap,Shot_Type,shot_xg,REQUIRED,54,Bundesliga,2022/2023,7825,7825,100.0,0,0,306,306,100.0,0.0,0.0,2020/2021,2025/2026,False,False,OK
fact_shotmap,Shot_Type,shot_xg,REQUIRED,54,Bundesliga,2023/2024,8523,8523,100.0,0,0,306,306,100.0,0.0,0.0,2020/2021,2025/2026,False,False,OK
fact_shotmap,Shot_Type,shot_xg,REQUIRED,54,Bundesliga,2024/2025,7989,7989,100.0,0,0,306,306,100.0,0.0,0.0,2020/2021,2025/2026,False,False,OK
fact_shotmap,Shot_Type,shot_xg,REQUIRED,54,Bundesliga,2025/2026,8130,8130,100.0,0,0,306,306,100.0,0.0,0.0,2020/2021,2025/2026,False,False,OK
fact_shotmap,Shot_Type,shot_xg,REQUIRED,55,SerieA,2020/2021,9520,9520,100.0,0,0,380,380,100.0,0.0,,2020/2021,2025/2026,False,False,OK
fact_shotmap,Shot_Type,shot_xg,REQUIRED,55,SerieA,2021/2022,9939,9939,100.0,0,0,380,380,100.0,0.0,0.0,2020/2021,2025/2026,False,False,OK
fact_shotmap,Shot_Type,shot_xg,REQUIRED,55,SerieA,2022/2023,9708,9708,100.0,0,0,381,381,100.0,0.0,0.0,2020/2021,2025/2026,False,False,OK
fact_shotmap,Shot_Type,shot_xg,REQUIRED,55,SerieA,2023/2024,9724,9724,100.0,0,0,380,380,100.0,0.0,0.0,2020/2021,2025/2026,False,False,OK
fact_shotmap,Shot_Type,shot_xg,REQUIRED,55,SerieA,2024/2025,9250,9250,100.0,0,0,380,380,100.0,0.0,0.0,2020/2021,2025/2026,False,False,OK
fact_shotmap,Shot_Type,shot_xg,REQUIRED,55,SerieA,2025/2026,9381,9381,100.0,0,0,380,380,100.0,0.0,0.0,2020/2021,2025/2026,False,False,OK
fact_shotmap,Shot_Type,shot_xg,REQUIRED,87,LaLiga,2020/2021,8132,8132,100.0,0,0,380,380,100.0,0.0,,2020/2021,2025/2026,False,False,OK
fact_shotmap,Shot_Type,shot_xg,REQUIRED,87,LaLiga,2021/2022,8982,8982,100.0,0,0,380,380,100.0,0.0,0.0,2020/2021,2025/2026,False,False,OK
fact_shotmap,Shot_Type,shot_xg,REQUIRED,87,LaLiga,2022/2023,9392,9392,100.0,0,0,380,380,100.0,0.0,0.0,2020/2021,2025/2026,False,False,OK
fact_shotmap,Shot_Type,shot_xg,REQUIRED,87,LaLiga,2023/2024,9335,9335,100.0,0,0,380,380,100.0,0.0,0.0,2020/2021,2025/2026,False,False,OK
fact_shotmap,Shot_Type,shot_xg,REQUIRED,87,LaLiga,2024/2025,9065,9065,100.0,0,0,380,380,100.0,0.0,0.0,2020/2021,2025/2026,False,False,OK
fact_shotmap,Shot_Type,shot_xg,REQUIRED,87,LaLiga,2025/2026,9510,9510,100.0,0,0,380,380,100.0,0.0,0.0,2020/2021,2025/2026,False,False,OK
fact_shotmap,Situation,shot_xg,REQUIRED,47,EPL,2020/2021,9232,9232,100.0,0,0,380,380,100.0,,,2020/2021,2025/2026,False,False,OK
fact_shotmap,Situation,shot_xg,REQUIRED,47,EPL,2021/2022,9781,9781,100.0,0,0,380,380,100.0,,0.0,2020/2021,2025/2026,False,False,OK
fact_shotmap,Situation,shot_xg,REQUIRED,47,EPL,2022/2023,9654,9654,100.0,0,0,380,380,100.0,,0.0,2020/2021,2025/2026,False,False,OK
fact_shotmap,Situation,shot_xg,REQUIRED,47,EPL,2023/2024,10538,10538,100.0,0,0,380,380,100.0,,0.0,2020/2021,2025/2026,False,False,OK
fact_shotmap,Situation,shot_xg,REQUIRED,47,EPL,2024/2025,9883,9883,100.0,0,0,380,380,100.0,,0.0,2020/2021,2025/2026,False,False,OK
fact_shotmap,Situation,shot_xg,REQUIRED,47,EPL,2025/2026,9543,9543,100.0,0,0,380,380,100.0,,0.0,2020/2021,2025/2026,False,False,OK
fact_shotmap,Situation,shot_xg,REQUIRED,53,Ligue1,2020/2021,8899,8899,100.0,0,0,379,379,100.0,0.0,,2020/2021,2025/2026,False,False,OK
fact_shotmap,Situation,shot_xg,REQUIRED,53,Ligue1,2021/2022,9152,9152,100.0,0,0,380,380,100.0,0.0,0.0,2020/2021,2025/2026,False,False,OK
fact_shotmap,Situation,shot_xg,REQUIRED,53,Ligue1,2022/2023,9350,9350,100.0,0,0,380,380,100.0,0.0,0.0,2020/2021,2025/2026,False,False,OK
fact_shotmap,Situation,shot_xg,REQUIRED,53,Ligue1,2023/2024,7797,7797,100.0,0,0,305,305,100.0,0.0,0.0,2020/2021,2025/2026,False,False,OK
fact_shotmap,Situation,shot_xg,REQUIRED,53,Ligue1,2024/2025,7655,7655,100.0,0,0,306,306,100.0,0.0,0.0,2020/2021,2025/2026,False,False,OK
fact_shotmap,Situation,shot_xg,REQUIRED,53,Ligue1,2025/2026,7618,7618,100.0,0,0,306,306,100.0,0.0,0.0,2020/2021,2025/2026,False,False,OK
fact_shotmap,Situation,shot_xg,REQUIRED,54,Bundesliga,2020/2021,7603,7603,100.0,0,0,306,306,100.0,0.0,,2020/2021,2025/2026,False,False,OK
fact_shotmap,Situation,shot_xg,REQUIRED,54,Bundesliga,2021/2022,7961,7961,100.0,0,0,306,306,100.0,0.0,0.0,2020/2021,2025/2026,False,False,OK
fact_shotmap,Situation,shot_xg,REQUIRED,54,Bundesliga,2022/2023,7825,7825,100.0,0,0,306,306,100.0,0.0,0.0,2020/2021,2025/2026,False,False,OK
fact_shotmap,Situation,shot_xg,REQUIRED,54,Bundesliga,2023/2024,8523,8523,100.0,0,0,306,306,100.0,0.0,0.0,2020/2021,2025/2026,False,False,OK
fact_shotmap,Situation,shot_xg,REQUIRED,54,Bundesliga,2024/2025,7989,7989,100.0,0,0,306,306,100.0,0.0,0.0,2020/2021,2025/2026,False,False,OK
fact_shotmap,Situation,shot_xg,REQUIRED,54,Bundesliga,2025/2026,8130,8130,100.0,0,0,306,306,100.0,0.0,0.0,2020/2021,2025/2026,False,False,OK
fact_shotmap,Situation,shot_xg,REQUIRED,55,SerieA,2020/2021,9520,9520,100.0,0,0,380,380,100.0,0.0,,2020/2021,2025/2026,False,False,OK
fact_shotmap,Situation,shot_xg,REQUIRED,55,SerieA,2021/2022,9939,9939,100.0,0,0,380,380,100.0,0.0,0.0,2020/2021,2025/2026,False,False,OK
fact_shotmap,Situation,shot_xg,REQUIRED,55,SerieA,2022/2023,9708,9708,100.0,0,0,381,381,100.0,0.0,0.0,2020/2021,2025/2026,False,False,OK
fact_shotmap,Situation,shot_xg,REQUIRED,55,SerieA,2023/2024,9724,9724,100.0,0,0,380,380,100.0,0.0,0.0,2020/2021,2025/2026,False,False,OK
fact_shotmap,Situation,shot_xg,REQUIRED,55,SerieA,2024/2025,9250,9250,100.0,0,0,380,380,100.0,0.0,0.0,2020/2021,2025/2026,False,False,OK
fact_shotmap,Situation,shot_xg,REQUIRED,55,SerieA,2025/2026,9381,9381,100.0,0,0,380,380,100.0,0.0,0.0,2020/2021,2025/2026,False,False,OK
fact_shotmap,Situation,shot_xg,REQUIRED,87,LaLiga,2020/2021,8132,8132,100.0,0,0,380,380,100.0,0.0,,2020/2021,2025/2026,False,False,OK
fact_shotmap,Situation,shot_xg,REQUIRED,87,LaLiga,2021/2022,8982,8982,100.0,0,0,380,380,100.0,0.0,0.0,2020/2021,2025/2026,False,False,OK
fact_shotmap,Situation,shot_xg,REQUIRED,87,LaLiga,2022/2023,9392,9392,100.0,0,0,380,380,100.0,0.0,0.0,2020/2021,2025/2026,False,False,OK
fact_shotmap,Situation,shot_xg,REQUIRED,87,LaLiga,2023/2024,9335,9335,100.0,0,0,380,380,100.0,0.0,0.0,2020/2021,2025/2026,False,False,OK
fact_shotmap,Situation,shot_xg,REQUIRED,87,LaLiga,2024/2025,9065,9065,100.0,0,0,380,380,100.0,0.0,0.0,2020/2021,2025/2026,False,False,OK
fact_shotmap,Situation,shot_xg,REQUIRED,87,LaLiga,2025/2026,9510,9510,100.0,0,0,380,380,100.0,0.0,0.0,2020/2021,2025/2026,False,False,OK
fact_shotmap,X_Coord,shot_xg,REQUIRED,47,EPL,2020/2021,9232,9232,100.0,0,0,380,380,100.0,,,2020/2021,2025/2026,False,False,OK
fact_shotmap,X_Coord,shot_xg,REQUIRED,47,EPL,2021/2022,9781,9781,100.0,0,0,380,380,100.0,,0.0,2020/2021,2025/2026,False,False,OK
fact_shotmap,X_Coord,shot_xg,REQUIRED,47,EPL,2022/2023,9654,9654,100.0,0,0,380,380,100.0,,0.0,2020/2021,2025/2026,False,False,OK
fact_shotmap,X_Coord,shot_xg,REQUIRED,47,EPL,2023/2024,10538,10538,100.0,0,0,380,380,100.0,,0.0,2020/2021,2025/2026,False,False,OK
fact_shotmap,X_Coord,shot_xg,REQUIRED,47,EPL,2024/2025,9883,9883,100.0,0,0,380,380,100.0,,0.0,2020/2021,2025/2026,False,False,OK
fact_shotmap,X_Coord,shot_xg,REQUIRED,47,EPL,2025/2026,9543,9543,100.0,0,0,380,380,100.0,,0.0,2020/2021,2025/2026,False,False,OK
fact_shotmap,X_Coord,shot_xg,REQUIRED,53,Ligue1,2020/2021,8899,8899,100.0,0,0,379,379,100.0,0.0,,2020/2021,2025/2026,False,False,OK
fact_shotmap,X_Coord,shot_xg,REQUIRED,53,Ligue1,2021/2022,9152,9152,100.0,0,0,380,380,100.0,0.0,0.0,2020/2021,2025/2026,False,False,OK
fact_shotmap,X_Coord,shot_xg,REQUIRED,53,Ligue1,2022/2023,9350,9350,100.0,0,0,380,380,100.0,0.0,0.0,2020/2021,2025/2026,False,False,OK
fact_shotmap,X_Coord,shot_xg,REQUIRED,53,Ligue1,2023/2024,7797,7797,100.0,0,0,305,305,100.0,0.0,0.0,2020/2021,2025/2026,False,False,OK
fact_shotmap,X_Coord,shot_xg,REQUIRED,53,Ligue1,2024/2025,7655,7655,100.0,0,0,306,306,100.0,0.0,0.0,2020/2021,2025/2026,False,False,OK
fact_shotmap,X_Coord,shot_xg,REQUIRED,53,Ligue1,2025/2026,7618,7618,100.0,0,0,306,306,100.0,0.0,0.0,2020/2021,2025/2026,False,False,OK
fact_shotmap,X_Coord,shot_xg,REQUIRED,54,Bundesliga,2020/2021,7603,7603,100.0,0,0,306,306,100.0,0.0,,2020/2021,2025/2026,False,False,OK
fact_shotmap,X_Coord,shot_xg,REQUIRED,54,Bundesliga,2021/2022,7961,7961,100.0,0,0,306,306,100.0,0.0,0.0,2020/2021,2025/2026,False,False,OK
fact_shotmap,X_Coord,shot_xg,REQUIRED,54,Bundesliga,2022/2023,7825,7825,100.0,0,0,306,306,100.0,0.0,0.0,2020/2021,2025/2026,False,False,OK
fact_shotmap,X_Coord,shot_xg,REQUIRED,54,Bundesliga,2023/2024,8523,8523,100.0,0,0,306,306,100.0,0.0,0.0,2020/2021,2025/2026,False,False,OK
fact_shotmap,X_Coord,shot_xg,REQUIRED,54,Bundesliga,2024/2025,7989,7989,100.0,0,0,306,306,100.0,0.0,0.0,2020/2021,2025/2026,False,False,OK
fact_shotmap,X_Coord,shot_xg,REQUIRED,54,Bundesliga,2025/2026,8130,8130,100.0,0,0,306,306,100.0,0.0,0.0,2020/2021,2025/2026,False,False,OK
fact_shotmap,X_Coord,shot_xg,REQUIRED,55,SerieA,2020/2021,9520,9520,100.0,0,0,380,380,100.0,0.0,,2020/2021,2025/2026,False,False,OK
fact_shotmap,X_Coord,shot_xg,REQUIRED,55,SerieA,2021/2022,9939,9939,100.0,0,0,380,380,100.0,0.0,0.0,2020/2021,2025/2026,False,False,OK
fact_shotmap,X_Coord,shot_xg,REQUIRED,55,SerieA,2022/2023,9708,9708,100.0,0,0,381,381,100.0,0.0,0.0,2020/2021,2025/2026,False,False,OK
fact_shotmap,X_Coord,shot_xg,REQUIRED,55,SerieA,2023/2024,9724,9724,100.0,0,0,380,380,100.0,0.0,0.0,2020/2021,2025/2026,False,False,OK
fact_shotmap,X_Coord,shot_xg,REQUIRED,55,SerieA,2024/2025,9250,9250,100.0,0,0,380,380,100.0,0.0,0.0,2020/2021,2025/2026,False,False,OK
fact_shotmap,X_Coord,shot_xg,REQUIRED,55,SerieA,2025/2026,9381,9381,100.0,0,0,380,380,100.0,0.0,0.0,2020/2021,2025/2026,False,False,OK
fact_shotmap,X_Coord,shot_xg,REQUIRED,87,LaLiga,2020/2021,8132,8132,100.0,0,0,380,380,100.0,0.0,,2020/2021,2025/2026,False,False,OK
fact_shotmap,X_Coord,shot_xg,REQUIRED,87,LaLiga,2021/2022,8982,8982,100.0,0,0,380,380,100.0,0.0,0.0,2020/2021,2025/2026,False,False,OK
fact_shotmap,X_Coord,shot_xg,REQUIRED,87,LaLiga,2022/2023,9392,9392,100.0,0,0,380,380,100.0,0.0,0.0,2020/2021,2025/2026,False,False,OK
fact_shotmap,X_Coord,shot_xg,REQUIRED,87,LaLiga,2023/2024,9335,9335,100.0,0,0,380,380,100.0,0.0,0.0,2020/2021,2025/2026,False,False,OK
fact_shotmap,X_Coord,shot_xg,REQUIRED,87,LaLiga,2024/2025,9065,9065,100.0,0,0,380,380,100.0,0.0,0.0,2020/2021,2025/2026,False,False,OK
fact_shotmap,X_Coord,shot_xg,REQUIRED,87,LaLiga,2025/2026,9510,9510,100.0,0,0,380,380,100.0,0.0,0.0,2020/2021,2025/2026,False,False,OK
fact_shotmap,Y_Coord,shot_xg,REQUIRED,47,EPL,2020/2021,9232,9232,100.0,0,0,380,380,100.0,,,2020/2021,2025/2026,False,False,OK
fact_shotmap,Y_Coord,shot_xg,REQUIRED,47,EPL,2021/2022,9781,9781,100.0,0,0,380,380,100.0,,0.0,2020/2021,2025/2026,False,False,OK
fact_shotmap,Y_Coord,shot_xg,REQUIRED,47,EPL,2022/2023,9654,9654,100.0,0,0,380,380,100.0,,0.0,2020/2021,2025/2026,False,False,OK
fact_shotmap,Y_Coord,shot_xg,REQUIRED,47,EPL,2023/2024,10538,10538,100.0,0,0,380,380,100.0,,0.0,2020/2021,2025/2026,False,False,OK
fact_shotmap,Y_Coord,shot_xg,REQUIRED,47,EPL,2024/2025,9883,9883,100.0,0,0,380,380,100.0,,0.0,2020/2021,2025/2026,False,False,OK
fact_shotmap,Y_Coord,shot_xg,REQUIRED,47,EPL,2025/2026,9543,9543,100.0,0,0,380,380,100.0,,0.0,2020/2021,2025/2026,False,False,OK
fact_shotmap,Y_Coord,shot_xg,REQUIRED,53,Ligue1,2020/2021,8899,8899,100.0,0,0,379,379,100.0,0.0,,2020/2021,2025/2026,False,False,OK
fact_shotmap,Y_Coord,shot_xg,REQUIRED,53,Ligue1,2021/2022,9152,9152,100.0,0,0,380,380,100.0,0.0,0.0,2020/2021,2025/2026,False,False,OK
fact_shotmap,Y_Coord,shot_xg,REQUIRED,53,Ligue1,2022/2023,9350,9350,100.0,0,0,380,380,100.0,0.0,0.0,2020/2021,2025/2026,False,False,OK
fact_shotmap,Y_Coord,shot_xg,REQUIRED,53,Ligue1,2023/2024,7797,7797,100.0,0,0,305,305,100.0,0.0,0.0,2020/2021,2025/2026,False,False,OK
fact_shotmap,Y_Coord,shot_xg,REQUIRED,53,Ligue1,2024/2025,7655,7655,100.0,0,0,306,306,100.0,0.0,0.0,2020/2021,2025/2026,False,False,OK
fact_shotmap,Y_Coord,shot_xg,REQUIRED,53,Ligue1,2025/2026,7618,7618,100.0,0,0,306,306,100.0,0.0,0.0,2020/2021,2025/2026,False,False,OK
fact_shotmap,Y_Coord,shot_xg,REQUIRED,54,Bundesliga,2020/2021,7603,7603,100.0,0,0,306,306,100.0,0.0,,2020/2021,2025/2026,False,False,OK
fact_shotmap,Y_Coord,shot_xg,REQUIRED,54,Bundesliga,2021/2022,7961,7961,100.0,0,0,306,306,100.0,0.0,0.0,2020/2021,2025/2026,False,False,OK
fact_shotmap,Y_Coord,shot_xg,REQUIRED,54,Bundesliga,2022/2023,7825,7825,100.0,0,0,306,306,100.0,0.0,0.0,2020/2021,2025/2026,False,False,OK
fact_shotmap,Y_Coord,shot_xg,REQUIRED,54,Bundesliga,2023/2024,8523,8523,100.0,0,0,306,306,100.0,0.0,0.0,2020/2021,2025/2026,False,False,OK
fact_shotmap,Y_Coord,shot_xg,REQUIRED,54,Bundesliga,2024/2025,7989,7989,100.0,0,0,306,306,100.0,0.0,0.0,2020/2021,2025/2026,False,False,OK
fact_shotmap,Y_Coord,shot_xg,REQUIRED,54,Bundesliga,2025/2026,8130,8130,100.0,0,0,306,306,100.0,0.0,0.0,2020/2021,2025/2026,False,False,OK
fact_shotmap,Y_Coord,shot_xg,REQUIRED,55,SerieA,2020/2021,9520,9520,100.0,0,0,380,380,100.0,0.0,,2020/2021,2025/2026,False,False,OK
fact_shotmap,Y_Coord,shot_xg,REQUIRED,55,SerieA,2021/2022,9939,9939,100.0,0,0,380,380,100.0,0.0,0.0,2020/2021,2025/2026,False,False,OK
fact_shotmap,Y_Coord,shot_xg,REQUIRED,55,SerieA,2022/2023,9708,9708,100.0,0,0,381,381,100.0,0.0,0.0,2020/2021,2025/2026,False,False,OK
fact_shotmap,Y_Coord,shot_xg,REQUIRED,55,SerieA,2023/2024,9724,9724,100.0,0,0,380,380,100.0,0.0,0.0,2020/2021,2025/2026,False,False,OK
fact_shotmap,Y_Coord,shot_xg,REQUIRED,55,SerieA,2024/2025,9250,9250,100.0,0,0,380,380,100.0,0.0,0.0,2020/2021,2025/2026,False,False,OK
fact_shotmap,Y_Coord,shot_xg,REQUIRED,55,SerieA,2025/2026,9381,9381,100.0,0,0,380,380,100.0,0.0,0.0,2020/2021,2025/2026,False,False,OK
fact_shotmap,Y_Coord,shot_xg,REQUIRED,87,LaLiga,2020/2021,8132,8132,100.0,0,0,380,380,100.0,0.0,,2020/2021,2025/2026,False,False,OK
fact_shotmap,Y_Coord,shot_xg,REQUIRED,87,LaLiga,2021/2022,8982,8982,100.0,0,0,380,380,100.0,0.0,0.0,2020/2021,2025/2026,False,False,OK
fact_shotmap,Y_Coord,shot_xg,REQUIRED,87,LaLiga,2022/2023,9392,9392,100.0,0,0,380,380,100.0,0.0,0.0,2020/2021,2025/2026,False,False,OK
fact_shotmap,Y_Coord,shot_xg,REQUIRED,87,LaLiga,2023/2024,9335,9335,100.0,0,0,380,380,100.0,0.0,0.0,2020/2021,2025/2026,False,False,OK
fact_shotmap,Y_Coord,shot_xg,REQUIRED,87,LaLiga,2024/2025,9065,9065,100.0,0,0,380,380,100.0,0.0,0.0,2020/2021,2025/2026,False,False,OK
fact_shotmap,Y_Coord,shot_xg,REQUIRED,87,LaLiga,2025/2026,9510,9510,100.0,0,0,380,380,100.0,0.0,0.0,2020/2021,2025/2026,False,False,OK
fact_shotmap,xG,shot_xg,REQUIRED,47,EPL,2020/2021,9232,9194,99.5884,0,0,380,380,100.0,,,2020/2021,2025/2026,False,False,OK
fact_shotmap,xG,shot_xg,REQUIRED,47,EPL,2021/2022,9781,9749,99.6728,0,2,380,380,100.0,,0.0844,2020/2021,2025/2026,False,False,OK
fact_shotmap,xG,shot_xg,REQUIRED,47,EPL,2022/2023,9654,9615,99.596,0,6,380,380,100.0,,-0.0768,2020/2021,2025/2026,False,False,OK
fact_shotmap,xG,shot_xg,REQUIRED,47,EPL,2023/2024,10538,10489,99.535,0,0,380,380,100.0,,-0.061,2020/2021,2025/2026,False,False,OK
fact_shotmap,xG,shot_xg,REQUIRED,47,EPL,2024/2025,9883,9854,99.7066,0,4,380,380,100.0,,0.1716,2020/2021,2025/2026,False,False,OK
fact_shotmap,xG,shot_xg,REQUIRED,47,EPL,2025/2026,9543,9510,99.6542,0,7,380,380,100.0,,-0.0524,2020/2021,2025/2026,False,False,OK
fact_shotmap,xG,shot_xg,REQUIRED,53,Ligue1,2020/2021,8899,8873,99.7078,0,0,379,379,100.0,0.1194,,2020/2021,2025/2026,False,False,OK
fact_shotmap,xG,shot_xg,REQUIRED,53,Ligue1,2021/2022,9152,9120,99.6503,0,4,380,380,100.0,-0.0225,-0.0575,2020/2021,2025/2026,False,False,OK
fact_shotmap,xG,shot_xg,REQUIRED,53,Ligue1,2022/2023,9350,9317,99.6471,0,5,380,380,100.0,0.0511,-0.0032,2020/2021,2025/2026,False,False,OK
fact_shotmap,xG,shot_xg,REQUIRED,53,Ligue1,2023/2024,7797,7778,99.7563,0,2,305,305,100.0,0.2213,0.1092,2020/2021,2025/2026,False,False,OK
fact_shotmap,xG,shot_xg,REQUIRED,53,Ligue1,2024/2025,7655,7634,99.7257,0,5,306,306,100.0,0.0191,-0.0306,2020/2021,2025/2026,False,False,OK
fact_shotmap,xG,shot_xg,REQUIRED,53,Ligue1,2025/2026,7618,7595,99.6981,0,4,306,306,100.0,0.0439,-0.0276,2020/2021,2025/2026,False,False,OK
fact_shotmap,xG,shot_xg,REQUIRED,54,Bundesliga,2020/2021,7603,7576,99.6449,0,0,306,306,100.0,0.0565,,2020/2021,2025/2026,False,False,OK
fact_shotmap,xG,shot_xg,REQUIRED,54,Bundesliga,2021/2022,7961,7936,99.686,0,5,306,306,100.0,0.0132,0.0411,2020/2021,2025/2026,False,False,OK
fact_shotmap,xG,shot_xg,REQUIRED,54,Bundesliga,2022/2023,7825,7805,99.7444,0,3,306,306,100.0,0.1484,0.0584,2020/2021,2025/2026,False,False,OK
fact_shotmap,xG,shot_xg,REQUIRED,54,Bundesliga,2023/2024,8523,8498,99.7067,0,0,306,306,100.0,0.1717,-0.0377,2020/2021,2025/2026,False,False,OK
fact_shotmap,xG,shot_xg,REQUIRED,54,Bundesliga,2024/2025,7989,7967,99.7246,0,3,306,306,100.0,0.018,0.0179,2020/2021,2025/2026,False,False,OK
fact_shotmap,xG,shot_xg,REQUIRED,54,Bundesliga,2025/2026,8130,8112,99.7786,0,2,306,306,100.0,0.1244,0.054,2020/2021,2025/2026,False,False,OK
fact_shotmap,xG,shot_xg,REQUIRED,55,SerieA,2020/2021,9520,9489,99.6744,0,1,380,380,100.0,0.086,,2020/2021,2025/2026,False,False,OK
fact_shotmap,xG,shot_xg,REQUIRED,55,SerieA,2021/2022,9939,9902,99.6277,0,0,380,380,100.0,-0.0451,-0.0467,2020/2021,2025/2026,False,False,OK
fact_shotmap,xG,shot_xg,REQUIRED,55,SerieA,2022/2023,9708,9685,99.7631,0,8,381,381,100.0,0.1671,0.1354,2020/2021,2025/2026,False,False,OK
fact_shotmap,xG,shot_xg,REQUIRED,55,SerieA,2023/2024,9724,9700,99.7532,0,0,380,380,100.0,0.2182,-0.0099,2020/2021,2025/2026,False,False,OK
fact_shotmap,xG,shot_xg,REQUIRED,55,SerieA,2024/2025,9250,9215,99.6216,0,2,380,380,100.0,-0.085,-0.1316,2020/2021,2025/2026,False,False,OK
fact_shotmap,xG,shot_xg,REQUIRED,55,SerieA,2025/2026,9381,9362,99.7975,0,3,380,380,100.0,0.1433,0.1759,2020/2021,2025/2026,False,False,OK
fact_shotmap,xG,shot_xg,REQUIRED,87,LaLiga,2020/2021,8132,8102,99.6311,0,0,380,380,100.0,0.0427,,2020/2021,2025/2026,False,False,OK
fact_shotmap,xG,shot_xg,REQUIRED,87,LaLiga,2021/2022,8982,8959,99.7439,0,1,380,380,100.0,0.0711,0.1128,2020/2021,2025/2026,False,False,OK
fact_shotmap,xG,shot_xg,REQUIRED,87,LaLiga,2022/2023,9392,9363,99.6912,0,2,380,380,100.0,0.0952,-0.0527,2020/2021,2025/2026,False,False,OK
fact_shotmap,xG,shot_xg,REQUIRED,87,LaLiga,2023/2024,9335,9307,99.7001,0,0,380,380,100.0,0.1651,0.0089,2020/2021,2025/2026,False,False,OK
fact_shotmap,xG,shot_xg,REQUIRED,87,LaLiga,2024/2025,9065,9040,99.7242,0,1,380,380,100.0,0.0176,0.0241,2020/2021,2025/2026,False,False,OK
fact_shotmap,xG,shot_xg,REQUIRED,87,LaLiga,2025/2026,9510,9489,99.7792,0,3,380,380,100.0,0.125,0.055,2020/2021,2025/2026,False,False,OK
fact_shotmap,xGOT,shot_xg,CONDITIONAL,47,EPL,2020/2021,5798,3212,55.3984,0,0,380,380,100.0,,,2020/2021,2025/2026,False,False,OK
fact_shotmap,xGOT,shot_xg,CONDITIONAL,47,EPL,2021/2022,6157,3273,53.159,0,12,380,380,100.0,,-2.2394,2020/2021,2025/2026,False,False,OK
fact_shotmap,xGOT,shot_xg,CONDITIONAL,47,EPL,2022/2023,6102,3269,53.5726,0,22,380,380,100.0,,0.4136,2020/2021,2025/2026,False,False,OK
fact_shotmap,xGOT,shot_xg,CONDITIONAL,47,EPL,2023/2024,6772,3676,54.2823,0,24,380,380,100.0,,0.7097,2020/2021,2025/2026,False,False,OK
fact_shotmap,xGOT,shot_xg,CONDITIONAL,47,EPL,2024/2025,6328,6299,99.5417,0,2931,380,380,100.0,,45.2594,2020/2021,2025/2026,False,False,OK
fact_shotmap,xGOT,shot_xg,CONDITIONAL,47,EPL,2025/2026,6023,5990,99.4521,0,2911,380,380,100.0,,-0.0896,2020/2021,2025/2026,False,False,OK
fact_shotmap,xGOT,shot_xg,CONDITIONAL,53,Ligue1,2020/2021,5215,3043,58.3509,0,0,379,379,100.0,2.9525,,2020/2021,2025/2026,False,False,OK
fact_shotmap,xGOT,shot_xg,CONDITIONAL,53,Ligue1,2021/2022,5425,3154,58.1382,0,17,380,380,100.0,4.9792,-0.2127,2020/2021,2025/2026,False,False,OK
fact_shotmap,xGOT,shot_xg,CONDITIONAL,53,Ligue1,2022/2023,5761,3381,58.6877,0,7,379,380,99.7368,5.1151,0.5495,2020/2021,2025/2026,False,False,OK
fact_shotmap,xGOT,shot_xg,CONDITIONAL,53,Ligue1,2023/2024,4906,2755,56.1557,0,29,305,305,100.0,1.8734,-2.532,2020/2021,2025/2026,False,False,OK
fact_shotmap,xGOT,shot_xg,CONDITIONAL,53,Ligue1,2024/2025,4875,4854,99.5692,0,2069,306,306,100.0,0.0275,43.4135,2020/2021,2025/2026,False,False,OK
fact_shotmap,xGOT,shot_xg,CONDITIONAL,53,Ligue1,2025/2026,4662,4638,99.4852,0,2050,306,306,100.0,0.0331,-0.084,2020/2021,2025/2026,False,False,OK
fact_shotmap,xGOT,shot_xg,CONDITIONAL,54,Bundesliga,2020/2021,4588,2710,59.0671,0,0,305,306,99.6732,3.6687,,2020/2021,2025/2026,False,False,OK
fact_shotmap,xGOT,shot_xg,CONDITIONAL,54,Bundesliga,2021/2022,4725,2800,59.2593,0,18,306,306,100.0,6.1003,0.1922,2020/2021,2025/2026,False,False,OK
fact_shotmap,xGOT,shot_xg,CONDITIONAL,54,Bundesliga,2022/2023,4810,2805,58.316,0,3,306,306,100.0,4.7434,-0.9433,2020/2021,2025/2026,False,False,OK
fact_shotmap,xGOT,shot_xg,CONDITIONAL,54,Bundesliga,2023/2024,5266,2901,55.0893,0,0,306,306,100.0,0.807,-3.2267,2020/2021,2025/2026,False,False,OK
fact_shotmap,xGOT,shot_xg,CONDITIONAL,54,Bundesliga,2024/2025,5031,5009,99.5627,0,2265,306,306,100.0,0.021,44.4734,2020/2021,2025/2026,False,False,OK
fact_shotmap,xGOT,shot_xg,CONDITIONAL,54,Bundesliga,2025/2026,5069,5046,99.5463,0,2203,306,306,100.0,0.0942,-0.0164,2020/2021,2025/2026,False,False,OK
fact_shotmap,xGOT,shot_xg,CONDITIONAL,55,SerieA,2020/2021,5792,3245,56.0256,0,1,379,380,99.7368,0.6272,,2020/2021,2025/2026,False,False,OK
fact_shotmap,xGOT,shot_xg,CONDITIONAL,55,SerieA,2021/2022,6033,3301,54.7157,0,0,380,380,100.0,1.5567,-1.3099,2020/2021,2025/2026,False,False,OK
fact_shotmap,xGOT,shot_xg,CONDITIONAL,55,SerieA,2022/2023,5794,3125,53.9351,0,33,381,381,100.0,0.3625,-0.7806,2020/2021,2025/2026,False,False,OK
fact_shotmap,xGOT,shot_xg,CONDITIONAL,55,SerieA,2023/2024,5794,3117,53.797,0,33,379,380,99.7368,-0.4853,-0.1381,2020/2021,2025/2026,False,False,OK
fact_shotmap,xGOT,shot_xg,CONDITIONAL,55,SerieA,2024/2025,5614,5578,99.3587,0,2582,380,380,100.0,-0.183,45.5617,2020/2021,2025/2026,False,False,OK
fact_shotmap,xGOT,shot_xg,CONDITIONAL,55,SerieA,2025/2026,5646,5628,99.6812,0,2632,380,380,100.0,0.2291,0.3225,2020/2021,2025/2026,False,False,OK
fact_shotmap,xGOT,shot_xg,CONDITIONAL,87,LaLiga,2020/2021,4662,2765,59.3093,0,0,380,380,100.0,3.9109,,2020/2021,2025/2026,False,False,OK
fact_shotmap,xGOT,shot_xg,CONDITIONAL,87,LaLiga,2021/2022,5279,2981,56.469,0,10,380,380,100.0,3.31,-2.8403,2020/2021,2025/2026,False,False,OK
fact_shotmap,xGOT,shot_xg,CONDITIONAL,87,LaLiga,2022/2023,5503,3128,56.8417,0,2,380,380,100.0,3.2691,0.3727,2020/2021,2025/2026,False,False,OK
fact_shotmap,xGOT,shot_xg,CONDITIONAL,87,LaLiga,2023/2024,5607,3229,57.5887,0,11,380,380,100.0,3.3064,0.747,2020/2021,2025/2026,False,False,OK
fact_shotmap,xGOT,shot_xg,CONDITIONAL,87,LaLiga,2024/2025,5416,5391,99.5384,0,2363,380,380,100.0,-0.0033,41.9497,2020/2021,2025/2026,False,False,OK
fact_shotmap,xGOT,shot_xg,CONDITIONAL,87,LaLiga,2025/2026,5791,5768,99.6028,0,2545,380,380,100.0,0.1507,0.0644,2020/2021,2025/2026,False,False,OK
fact_team_match_stats,extra_json.BallPossesion,standard_match,REQUIRED,47,EPL,2020/2021,760,760,100.0,0,0,380,380,100.0,,,2020/2021,2025/2026,False,False,OK
fact_team_match_stats,extra_json.BallPossesion,standard_match,REQUIRED,47,EPL,2021/2022,760,760,100.0,0,0,380,380,100.0,,0.0,2020/2021,2025/2026,False,False,OK
fact_team_match_stats,extra_json.BallPossesion,standard_match,REQUIRED,47,EPL,2022/2023,760,760,100.0,0,0,380,380,100.0,,0.0,2020/2021,2025/2026,False,False,OK
fact_team_match_stats,extra_json.BallPossesion,standard_match,REQUIRED,47,EPL,2023/2024,760,760,100.0,0,0,380,380,100.0,,0.0,2020/2021,2025/2026,False,False,OK
fact_team_match_stats,extra_json.BallPossesion,standard_match,REQUIRED,47,EPL,2024/2025,760,760,100.0,0,0,380,380,100.0,,0.0,2020/2021,2025/2026,False,False,OK
fact_team_match_stats,extra_json.BallPossesion,standard_match,REQUIRED,47,EPL,2025/2026,760,760,100.0,0,0,380,380,100.0,,0.0,2020/2021,2025/2026,False,False,OK
fact_team_match_stats,extra_json.BallPossesion,standard_match,REQUIRED,53,Ligue1,2020/2021,760,760,100.0,0,0,380,380,100.0,0.0,,2020/2021,2025/2026,False,False,OK
fact_team_match_stats,extra_json.BallPossesion,standard_match,REQUIRED,53,Ligue1,2021/2022,760,760,100.0,0,0,380,380,100.0,0.0,0.0,2020/2021,2025/2026,False,False,OK
fact_team_match_stats,extra_json.BallPossesion,standard_match,REQUIRED,53,Ligue1,2022/2023,760,760,100.0,0,0,380,380,100.0,0.0,0.0,2020/2021,2025/2026,False,False,OK
fact_team_match_stats,extra_json.BallPossesion,standard_match,REQUIRED,53,Ligue1,2023/2024,612,612,100.0,0,0,306,306,100.0,0.0,0.0,2020/2021,2025/2026,False,False,OK
fact_team_match_stats,extra_json.BallPossesion,standard_match,REQUIRED,53,Ligue1,2024/2025,612,612,100.0,0,0,306,306,100.0,0.0,0.0,2020/2021,2025/2026,False,False,OK
fact_team_match_stats,extra_json.BallPossesion,standard_match,REQUIRED,53,Ligue1,2025/2026,612,612,100.0,0,0,306,306,100.0,0.0,0.0,2020/2021,2025/2026,False,False,OK
fact_team_match_stats,extra_json.BallPossesion,standard_match,REQUIRED,54,Bundesliga,2020/2021,612,612,100.0,0,0,306,306,100.0,0.0,,2020/2021,2025/2026,False,False,OK
fact_team_match_stats,extra_json.BallPossesion,standard_match,REQUIRED,54,Bundesliga,2021/2022,612,612,100.0,0,0,306,306,100.0,0.0,0.0,2020/2021,2025/2026,False,False,OK
fact_team_match_stats,extra_json.BallPossesion,standard_match,REQUIRED,54,Bundesliga,2022/2023,612,612,100.0,0,0,306,306,100.0,0.0,0.0,2020/2021,2025/2026,False,False,OK
fact_team_match_stats,extra_json.BallPossesion,standard_match,REQUIRED,54,Bundesliga,2023/2024,612,612,100.0,0,0,306,306,100.0,0.0,0.0,2020/2021,2025/2026,False,False,OK
fact_team_match_stats,extra_json.BallPossesion,standard_match,REQUIRED,54,Bundesliga,2024/2025,612,612,100.0,0,0,306,306,100.0,0.0,0.0,2020/2021,2025/2026,False,False,OK
fact_team_match_stats,extra_json.BallPossesion,standard_match,REQUIRED,54,Bundesliga,2025/2026,612,612,100.0,0,0,306,306,100.0,0.0,0.0,2020/2021,2025/2026,False,False,OK
fact_team_match_stats,extra_json.BallPossesion,standard_match,REQUIRED,55,SerieA,2020/2021,760,760,100.0,0,0,380,380,100.0,0.0,,2020/2021,2025/2026,False,False,OK
fact_team_match_stats,extra_json.BallPossesion,standard_match,REQUIRED,55,SerieA,2021/2022,760,760,100.0,0,0,380,380,100.0,0.0,0.0,2020/2021,2025/2026,False,False,OK
fact_team_match_stats,extra_json.BallPossesion,standard_match,REQUIRED,55,SerieA,2022/2023,762,762,100.0,0,0,381,381,100.0,0.0,0.0,2020/2021,2025/2026,False,False,OK
fact_team_match_stats,extra_json.BallPossesion,standard_match,REQUIRED,55,SerieA,2023/2024,760,760,100.0,0,0,380,380,100.0,0.0,0.0,2020/2021,2025/2026,False,False,OK
fact_team_match_stats,extra_json.BallPossesion,standard_match,REQUIRED,55,SerieA,2024/2025,760,760,100.0,0,0,380,380,100.0,0.0,0.0,2020/2021,2025/2026,False,False,OK
fact_team_match_stats,extra_json.BallPossesion,standard_match,REQUIRED,55,SerieA,2025/2026,760,760,100.0,0,0,380,380,100.0,0.0,0.0,2020/2021,2025/2026,False,False,OK
fact_team_match_stats,extra_json.BallPossesion,standard_match,REQUIRED,87,LaLiga,2020/2021,760,760,100.0,0,0,380,380,100.0,0.0,,2020/2021,2025/2026,False,False,OK
fact_team_match_stats,extra_json.BallPossesion,standard_match,REQUIRED,87,LaLiga,2021/2022,760,760,100.0,0,0,380,380,100.0,0.0,0.0,2020/2021,2025/2026,False,False,OK
fact_team_match_stats,extra_json.BallPossesion,standard_match,REQUIRED,87,LaLiga,2022/2023,760,760,100.0,0,0,380,380,100.0,0.0,0.0,2020/2021,2025/2026,False,False,OK
fact_team_match_stats,extra_json.BallPossesion,standard_match,REQUIRED,87,LaLiga,2023/2024,760,760,100.0,0,0,380,380,100.0,0.0,0.0,2020/2021,2025/2026,False,False,OK
fact_team_match_stats,extra_json.BallPossesion,standard_match,REQUIRED,87,LaLiga,2024/2025,760,760,100.0,0,0,380,380,100.0,0.0,0.0,2020/2021,2025/2026,False,False,OK
fact_team_match_stats,extra_json.BallPossesion,standard_match,REQUIRED,87,LaLiga,2025/2026,760,760,100.0,0,0,380,380,100.0,0.0,0.0,2020/2021,2025/2026,False,False,OK
fact_team_match_stats,extra_json.Offsides,context,OPTIONAL,47,EPL,2020/2021,760,760,100.0,0,151,380,380,100.0,,,2020/2021,2025/2026,False,False,OK
fact_team_match_stats,extra_json.Offsides,context,OPTIONAL,47,EPL,2021/2022,760,760,100.0,0,180,380,380,100.0,,0.0,2020/2021,2025/2026,False,False,OK
fact_team_match_stats,extra_json.Offsides,context,OPTIONAL,47,EPL,2022/2023,760,760,100.0,0,166,380,380,100.0,,0.0,2020/2021,2025/2026,False,False,OK
fact_team_match_stats,extra_json.Offsides,context,OPTIONAL,47,EPL,2023/2024,760,760,100.0,0,144,380,380,100.0,,0.0,2020/2021,2025/2026,False,False,OK
fact_team_match_stats,extra_json.Offsides,context,OPTIONAL,47,EPL,2024/2025,760,760,100.0,0,166,380,380,100.0,,0.0,2020/2021,2025/2026,False,False,OK
fact_team_match_stats,extra_json.Offsides,context,OPTIONAL,47,EPL,2025/2026,760,760,100.0,0,186,380,380,100.0,,0.0,2020/2021,2025/2026,False,False,OK
fact_team_match_stats,extra_json.Offsides,context,OPTIONAL,53,Ligue1,2020/2021,760,760,100.0,0,224,380,380,100.0,0.0,,2020/2021,2025/2026,False,False,OK
fact_team_match_stats,extra_json.Offsides,context,OPTIONAL,53,Ligue1,2021/2022,760,760,100.0,0,173,380,380,100.0,0.0,0.0,2020/2021,2025/2026,False,False,OK
fact_team_match_stats,extra_json.Offsides,context,OPTIONAL,53,Ligue1,2022/2023,760,760,100.0,0,175,380,380,100.0,0.0,0.0,2020/2021,2025/2026,False,False,OK
fact_team_match_stats,extra_json.Offsides,context,OPTIONAL,53,Ligue1,2023/2024,612,612,100.0,0,154,306,306,100.0,0.0,0.0,2020/2021,2025/2026,False,False,OK
fact_team_match_stats,extra_json.Offsides,context,OPTIONAL,53,Ligue1,2024/2025,612,612,100.0,0,159,306,306,100.0,0.0,0.0,2020/2021,2025/2026,False,False,OK
fact_team_match_stats,extra_json.Offsides,context,OPTIONAL,53,Ligue1,2025/2026,612,612,100.0,0,149,306,306,100.0,0.0,0.0,2020/2021,2025/2026,False,False,OK
fact_team_match_stats,extra_json.Offsides,context,OPTIONAL,54,Bundesliga,2020/2021,612,612,100.0,0,106,306,306,100.0,0.0,,2020/2021,2025/2026,False,False,OK
fact_team_match_stats,extra_json.Offsides,context,OPTIONAL,54,Bundesliga,2021/2022,612,612,100.0,0,105,306,306,100.0,0.0,0.0,2020/2021,2025/2026,False,False,OK
fact_team_match_stats,extra_json.Offsides,context,OPTIONAL,54,Bundesliga,2022/2023,612,612,100.0,0,111,306,306,100.0,0.0,0.0,2020/2021,2025/2026,False,False,OK
fact_team_match_stats,extra_json.Offsides,context,OPTIONAL,54,Bundesliga,2023/2024,612,612,100.0,0,137,306,306,100.0,0.0,0.0,2020/2021,2025/2026,False,False,OK
fact_team_match_stats,extra_json.Offsides,context,OPTIONAL,54,Bundesliga,2024/2025,612,612,100.0,0,118,306,306,100.0,0.0,0.0,2020/2021,2025/2026,False,False,OK
fact_team_match_stats,extra_json.Offsides,context,OPTIONAL,54,Bundesliga,2025/2026,612,612,100.0,0,131,306,306,100.0,0.0,0.0,2020/2021,2025/2026,False,False,OK
fact_team_match_stats,extra_json.Offsides,context,OPTIONAL,55,SerieA,2020/2021,760,758,99.7368,0,166,379,380,99.7368,-0.2632,,2020/2021,2025/2026,False,False,OK
fact_team_match_stats,extra_json.Offsides,context,OPTIONAL,55,SerieA,2021/2022,760,760,100.0,0,169,380,380,100.0,0.0,0.2632,2020/2021,2025/2026,False,False,OK
fact_team_match_stats,extra_json.Offsides,context,OPTIONAL,55,SerieA,2022/2023,762,762,100.0,0,189,381,381,100.0,0.0,0.0,2020/2021,2025/2026,False,False,OK
fact_team_match_stats,extra_json.Offsides,context,OPTIONAL,55,SerieA,2023/2024,760,760,100.0,0,199,380,380,100.0,0.0,0.0,2020/2021,2025/2026,False,False,OK
fact_team_match_stats,extra_json.Offsides,context,OPTIONAL,55,SerieA,2024/2025,760,760,100.0,0,187,380,380,100.0,0.0,0.0,2020/2021,2025/2026,False,False,OK
fact_team_match_stats,extra_json.Offsides,context,OPTIONAL,55,SerieA,2025/2026,760,760,100.0,0,188,380,380,100.0,0.0,0.0,2020/2021,2025/2026,False,False,OK
fact_team_match_stats,extra_json.Offsides,context,OPTIONAL,87,LaLiga,2020/2021,760,760,100.0,0,135,380,380,100.0,0.0,,2020/2021,2025/2026,False,False,OK
fact_team_match_stats,extra_json.Offsides,context,OPTIONAL,87,LaLiga,2021/2022,760,760,100.0,0,157,380,380,100.0,0.0,0.0,2020/2021,2025/2026,False,False,OK
fact_team_match_stats,extra_json.Offsides,context,OPTIONAL,87,LaLiga,2022/2023,760,760,100.0,0,126,380,380,100.0,0.0,0.0,2020/2021,2025/2026,False,False,OK
fact_team_match_stats,extra_json.Offsides,context,OPTIONAL,87,LaLiga,2023/2024,760,758,99.7368,0,126,379,380,99.7368,-0.2632,-0.2632,2020/2021,2025/2026,False,False,OK
fact_team_match_stats,extra_json.Offsides,context,OPTIONAL,87,LaLiga,2024/2025,760,760,100.0,0,156,380,380,100.0,0.0,0.2632,2020/2021,2025/2026,False,False,OK
fact_team_match_stats,extra_json.Offsides,context,OPTIONAL,87,LaLiga,2025/2026,760,760,100.0,0,173,380,380,100.0,0.0,0.0,2020/2021,2025/2026,False,False,OK
fact_team_match_stats,extra_json.ShotsOffTarget,context,OPTIONAL,47,EPL,2020/2021,760,760,100.0,0,23,380,380,100.0,,,2020/2021,2025/2026,False,False,OK
fact_team_match_stats,extra_json.ShotsOffTarget,context,OPTIONAL,47,EPL,2021/2022,760,760,100.0,0,14,380,380,100.0,,0.0,2020/2021,2025/2026,False,False,OK
fact_team_match_stats,extra_json.ShotsOffTarget,context,OPTIONAL,47,EPL,2022/2023,760,760,100.0,0,17,380,380,100.0,,0.0,2020/2021,2025/2026,False,False,OK
fact_team_match_stats,extra_json.ShotsOffTarget,context,OPTIONAL,47,EPL,2023/2024,760,760,100.0,0,12,380,380,100.0,,0.0,2020/2021,2025/2026,False,False,OK
fact_team_match_stats,extra_json.ShotsOffTarget,context,OPTIONAL,47,EPL,2024/2025,760,760,100.0,0,24,380,380,100.0,,0.0,2020/2021,2025/2026,False,False,OK
fact_team_match_stats,extra_json.ShotsOffTarget,context,OPTIONAL,47,EPL,2025/2026,760,760,100.0,0,13,380,380,100.0,,0.0,2020/2021,2025/2026,False,False,OK
fact_team_match_stats,extra_json.ShotsOffTarget,context,OPTIONAL,53,Ligue1,2020/2021,760,760,100.0,0,10,380,380,100.0,0.0,,2020/2021,2025/2026,False,False,OK
fact_team_match_stats,extra_json.ShotsOffTarget,context,OPTIONAL,53,Ligue1,2021/2022,760,760,100.0,0,12,380,380,100.0,0.0,0.0,2020/2021,2025/2026,False,False,OK
fact_team_match_stats,extra_json.ShotsOffTarget,context,OPTIONAL,53,Ligue1,2022/2023,760,760,100.0,0,12,380,380,100.0,0.0,0.0,2020/2021,2025/2026,False,False,OK
fact_team_match_stats,extra_json.ShotsOffTarget,context,OPTIONAL,53,Ligue1,2023/2024,612,612,100.0,0,8,306,306,100.0,0.0,0.0,2020/2021,2025/2026,False,False,OK
fact_team_match_stats,extra_json.ShotsOffTarget,context,OPTIONAL,53,Ligue1,2024/2025,612,612,100.0,0,10,306,306,100.0,0.0,0.0,2020/2021,2025/2026,False,False,OK
fact_team_match_stats,extra_json.ShotsOffTarget,context,OPTIONAL,53,Ligue1,2025/2026,612,612,100.0,0,11,306,306,100.0,0.0,0.0,2020/2021,2025/2026,False,False,OK
fact_team_match_stats,extra_json.ShotsOffTarget,context,OPTIONAL,54,Bundesliga,2020/2021,612,612,100.0,0,9,306,306,100.0,0.0,,2020/2021,2025/2026,False,False,OK
fact_team_match_stats,extra_json.ShotsOffTarget,context,OPTIONAL,54,Bundesliga,2021/2022,612,612,100.0,0,6,306,306,100.0,0.0,0.0,2020/2021,2025/2026,False,False,OK
fact_team_match_stats,extra_json.ShotsOffTarget,context,OPTIONAL,54,Bundesliga,2022/2023,612,612,100.0,0,6,306,306,100.0,0.0,0.0,2020/2021,2025/2026,False,False,OK
fact_team_match_stats,extra_json.ShotsOffTarget,context,OPTIONAL,54,Bundesliga,2023/2024,612,612,100.0,0,8,306,306,100.0,0.0,0.0,2020/2021,2025/2026,False,False,OK
fact_team_match_stats,extra_json.ShotsOffTarget,context,OPTIONAL,54,Bundesliga,2024/2025,612,612,100.0,0,10,306,306,100.0,0.0,0.0,2020/2021,2025/2026,False,False,OK
fact_team_match_stats,extra_json.ShotsOffTarget,context,OPTIONAL,54,Bundesliga,2025/2026,612,612,100.0,0,7,306,306,100.0,0.0,0.0,2020/2021,2025/2026,False,False,OK
fact_team_match_stats,extra_json.ShotsOffTarget,context,OPTIONAL,55,SerieA,2020/2021,760,758,99.7368,0,14,379,380,99.7368,-0.2632,,2020/2021,2025/2026,False,False,OK
fact_team_match_stats,extra_json.ShotsOffTarget,context,OPTIONAL,55,SerieA,2021/2022,760,760,100.0,0,15,380,380,100.0,0.0,0.2632,2020/2021,2025/2026,False,False,OK
fact_team_match_stats,extra_json.ShotsOffTarget,context,OPTIONAL,55,SerieA,2022/2023,762,762,100.0,0,14,381,381,100.0,0.0,0.0,2020/2021,2025/2026,False,False,OK
fact_team_match_stats,extra_json.ShotsOffTarget,context,OPTIONAL,55,SerieA,2023/2024,760,760,100.0,0,9,380,380,100.0,0.0,0.0,2020/2021,2025/2026,False,False,OK
fact_team_match_stats,extra_json.ShotsOffTarget,context,OPTIONAL,55,SerieA,2024/2025,760,760,100.0,0,13,380,380,100.0,0.0,0.0,2020/2021,2025/2026,False,False,OK
fact_team_match_stats,extra_json.ShotsOffTarget,context,OPTIONAL,55,SerieA,2025/2026,760,760,100.0,0,8,380,380,100.0,0.0,0.0,2020/2021,2025/2026,False,False,OK
fact_team_match_stats,extra_json.ShotsOffTarget,context,OPTIONAL,87,LaLiga,2020/2021,760,760,100.0,0,18,380,380,100.0,0.0,,2020/2021,2025/2026,False,False,OK
fact_team_match_stats,extra_json.ShotsOffTarget,context,OPTIONAL,87,LaLiga,2021/2022,760,760,100.0,0,15,380,380,100.0,0.0,0.0,2020/2021,2025/2026,False,False,OK
fact_team_match_stats,extra_json.ShotsOffTarget,context,OPTIONAL,87,LaLiga,2022/2023,760,760,100.0,0,10,380,380,100.0,0.0,0.0,2020/2021,2025/2026,False,False,OK
fact_team_match_stats,extra_json.ShotsOffTarget,context,OPTIONAL,87,LaLiga,2023/2024,760,758,99.7368,0,19,379,380,99.7368,-0.2632,-0.2632,2020/2021,2025/2026,False,False,OK
fact_team_match_stats,extra_json.ShotsOffTarget,context,OPTIONAL,87,LaLiga,2024/2025,760,760,100.0,0,11,380,380,100.0,0.0,0.2632,2020/2021,2025/2026,False,False,OK
fact_team_match_stats,extra_json.ShotsOffTarget,context,OPTIONAL,87,LaLiga,2025/2026,760,760,100.0,0,8,380,380,100.0,0.0,0.0,2020/2021,2025/2026,False,False,OK
fact_team_match_stats,extra_json.ShotsOnTarget,shot_xg,REQUIRED,47,EPL,2020/2021,760,760,100.0,0,18,380,380,100.0,,,2020/2021,2025/2026,False,False,OK
fact_team_match_stats,extra_json.ShotsOnTarget,shot_xg,REQUIRED,47,EPL,2021/2022,760,760,100.0,0,21,380,380,100.0,,0.0,2020/2021,2025/2026,False,False,OK
fact_team_match_stats,extra_json.ShotsOnTarget,shot_xg,REQUIRED,47,EPL,2022/2023,760,760,100.0,0,22,380,380,100.0,,0.0,2020/2021,2025/2026,False,False,OK
fact_team_match_stats,extra_json.ShotsOnTarget,shot_xg,REQUIRED,47,EPL,2023/2024,760,760,100.0,0,6,380,380,100.0,,0.0,2020/2021,2025/2026,False,False,OK
fact_team_match_stats,extra_json.ShotsOnTarget,shot_xg,REQUIRED,47,EPL,2024/2025,760,760,100.0,0,20,380,380,100.0,,0.0,2020/2021,2025/2026,False,False,OK
fact_team_match_stats,extra_json.ShotsOnTarget,shot_xg,REQUIRED,47,EPL,2025/2026,760,760,100.0,0,16,380,380,100.0,,0.0,2020/2021,2025/2026,False,False,OK
fact_team_match_stats,extra_json.ShotsOnTarget,shot_xg,REQUIRED,53,Ligue1,2020/2021,760,760,100.0,0,20,380,380,100.0,0.0,,2020/2021,2025/2026,False,False,OK
fact_team_match_stats,extra_json.ShotsOnTarget,shot_xg,REQUIRED,53,Ligue1,2021/2022,760,760,100.0,0,25,380,380,100.0,0.0,0.0,2020/2021,2025/2026,False,False,OK
fact_team_match_stats,extra_json.ShotsOnTarget,shot_xg,REQUIRED,53,Ligue1,2022/2023,760,760,100.0,0,20,380,380,100.0,0.0,0.0,2020/2021,2025/2026,False,False,OK
fact_team_match_stats,extra_json.ShotsOnTarget,shot_xg,REQUIRED,53,Ligue1,2023/2024,612,612,100.0,0,14,306,306,100.0,0.0,0.0,2020/2021,2025/2026,False,False,OK
fact_team_match_stats,extra_json.ShotsOnTarget,shot_xg,REQUIRED,53,Ligue1,2024/2025,612,612,100.0,0,15,306,306,100.0,0.0,0.0,2020/2021,2025/2026,False,False,OK
fact_team_match_stats,extra_json.ShotsOnTarget,shot_xg,REQUIRED,53,Ligue1,2025/2026,612,612,100.0,0,14,306,306,100.0,0.0,0.0,2020/2021,2025/2026,False,False,OK
fact_team_match_stats,extra_json.ShotsOnTarget,shot_xg,REQUIRED,54,Bundesliga,2020/2021,612,612,100.0,0,22,306,306,100.0,0.0,,2020/2021,2025/2026,False,False,OK
fact_team_match_stats,extra_json.ShotsOnTarget,shot_xg,REQUIRED,54,Bundesliga,2021/2022,612,612,100.0,0,16,306,306,100.0,0.0,0.0,2020/2021,2025/2026,False,False,OK
fact_team_match_stats,extra_json.ShotsOnTarget,shot_xg,REQUIRED,54,Bundesliga,2022/2023,612,612,100.0,0,12,306,306,100.0,0.0,0.0,2020/2021,2025/2026,False,False,OK
fact_team_match_stats,extra_json.ShotsOnTarget,shot_xg,REQUIRED,54,Bundesliga,2023/2024,612,612,100.0,0,12,306,306,100.0,0.0,0.0,2020/2021,2025/2026,False,False,OK
fact_team_match_stats,extra_json.ShotsOnTarget,shot_xg,REQUIRED,54,Bundesliga,2024/2025,612,612,100.0,0,11,306,306,100.0,0.0,0.0,2020/2021,2025/2026,False,False,OK
fact_team_match_stats,extra_json.ShotsOnTarget,shot_xg,REQUIRED,54,Bundesliga,2025/2026,612,612,100.0,0,9,306,306,100.0,0.0,0.0,2020/2021,2025/2026,False,False,OK
fact_team_match_stats,extra_json.ShotsOnTarget,shot_xg,REQUIRED,55,SerieA,2020/2021,760,760,100.0,0,20,380,380,100.0,0.0,,2020/2021,2025/2026,False,False,OK
fact_team_match_stats,extra_json.ShotsOnTarget,shot_xg,REQUIRED,55,SerieA,2021/2022,760,760,100.0,0,14,380,380,100.0,0.0,0.0,2020/2021,2025/2026,False,False,OK
fact_team_match_stats,extra_json.ShotsOnTarget,shot_xg,REQUIRED,55,SerieA,2022/2023,762,762,100.0,0,17,381,381,100.0,0.0,0.0,2020/2021,2025/2026,False,False,OK
fact_team_match_stats,extra_json.ShotsOnTarget,shot_xg,REQUIRED,55,SerieA,2023/2024,760,760,100.0,0,14,380,380,100.0,0.0,0.0,2020/2021,2025/2026,False,False,OK
fact_team_match_stats,extra_json.ShotsOnTarget,shot_xg,REQUIRED,55,SerieA,2024/2025,760,760,100.0,0,17,380,380,100.0,0.0,0.0,2020/2021,2025/2026,False,False,OK
fact_team_match_stats,extra_json.ShotsOnTarget,shot_xg,REQUIRED,55,SerieA,2025/2026,760,760,100.0,0,28,380,380,100.0,0.0,0.0,2020/2021,2025/2026,False,False,OK
fact_team_match_stats,extra_json.ShotsOnTarget,shot_xg,REQUIRED,87,LaLiga,2020/2021,760,760,100.0,0,21,380,380,100.0,0.0,,2020/2021,2025/2026,False,False,OK
fact_team_match_stats,extra_json.ShotsOnTarget,shot_xg,REQUIRED,87,LaLiga,2021/2022,760,760,100.0,0,22,380,380,100.0,0.0,0.0,2020/2021,2025/2026,False,False,OK
fact_team_match_stats,extra_json.ShotsOnTarget,shot_xg,REQUIRED,87,LaLiga,2022/2023,760,760,100.0,0,21,380,380,100.0,0.0,0.0,2020/2021,2025/2026,False,False,OK
fact_team_match_stats,extra_json.ShotsOnTarget,shot_xg,REQUIRED,87,LaLiga,2023/2024,760,760,100.0,0,21,380,380,100.0,0.0,0.0,2020/2021,2025/2026,False,False,OK
fact_team_match_stats,extra_json.ShotsOnTarget,shot_xg,REQUIRED,87,LaLiga,2024/2025,760,760,100.0,0,24,380,380,100.0,0.0,0.0,2020/2021,2025/2026,False,False,OK
fact_team_match_stats,extra_json.ShotsOnTarget,shot_xg,REQUIRED,87,LaLiga,2025/2026,760,760,100.0,0,24,380,380,100.0,0.0,0.0,2020/2021,2025/2026,False,False,OK
fact_team_match_stats,extra_json.accurate_crosses,context,OPTIONAL,47,EPL,2020/2021,760,760,100.0,0,34,380,380,100.0,,,2020/2021,2025/2026,False,False,OK
fact_team_match_stats,extra_json.accurate_crosses,context,OPTIONAL,47,EPL,2021/2022,760,760,100.0,0,26,380,380,100.0,,0.0,2020/2021,2025/2026,False,False,OK
fact_team_match_stats,extra_json.accurate_crosses,context,OPTIONAL,47,EPL,2022/2023,760,760,100.0,0,23,380,380,100.0,,0.0,2020/2021,2025/2026,False,False,OK
fact_team_match_stats,extra_json.accurate_crosses,context,OPTIONAL,47,EPL,2023/2024,760,760,100.0,0,28,380,380,100.0,,0.0,2020/2021,2025/2026,False,False,OK
fact_team_match_stats,extra_json.accurate_crosses,context,OPTIONAL,47,EPL,2024/2025,760,760,100.0,0,19,380,380,100.0,,0.0,2020/2021,2025/2026,False,False,OK
fact_team_match_stats,extra_json.accurate_crosses,context,OPTIONAL,47,EPL,2025/2026,760,760,100.0,0,17,380,380,100.0,,0.0,2020/2021,2025/2026,False,False,OK
fact_team_match_stats,extra_json.accurate_crosses,context,OPTIONAL,53,Ligue1,2020/2021,760,760,100.0,0,39,380,380,100.0,0.0,,2020/2021,2025/2026,False,False,OK
fact_team_match_stats,extra_json.accurate_crosses,context,OPTIONAL,53,Ligue1,2021/2022,760,760,100.0,0,24,380,380,100.0,0.0,0.0,2020/2021,2025/2026,False,False,OK
fact_team_match_stats,extra_json.accurate_crosses,context,OPTIONAL,53,Ligue1,2022/2023,760,760,100.0,0,23,380,380,100.0,0.0,0.0,2020/2021,2025/2026,False,False,OK
fact_team_match_stats,extra_json.accurate_crosses,context,OPTIONAL,53,Ligue1,2023/2024,612,612,100.0,0,24,306,306,100.0,0.0,0.0,2020/2021,2025/2026,False,False,OK
fact_team_match_stats,extra_json.accurate_crosses,context,OPTIONAL,53,Ligue1,2024/2025,612,612,100.0,0,18,306,306,100.0,0.0,0.0,2020/2021,2025/2026,False,False,OK
fact_team_match_stats,extra_json.accurate_crosses,context,OPTIONAL,53,Ligue1,2025/2026,612,612,100.0,0,31,306,306,100.0,0.0,0.0,2020/2021,2025/2026,False,False,OK
fact_team_match_stats,extra_json.accurate_crosses,context,OPTIONAL,54,Bundesliga,2020/2021,612,612,100.0,0,14,306,306,100.0,0.0,,2020/2021,2025/2026,False,False,OK
fact_team_match_stats,extra_json.accurate_crosses,context,OPTIONAL,54,Bundesliga,2021/2022,612,612,100.0,0,26,306,306,100.0,0.0,0.0,2020/2021,2025/2026,False,False,OK
fact_team_match_stats,extra_json.accurate_crosses,context,OPTIONAL,54,Bundesliga,2022/2023,612,612,100.0,0,18,306,306,100.0,0.0,0.0,2020/2021,2025/2026,False,False,OK
fact_team_match_stats,extra_json.accurate_crosses,context,OPTIONAL,54,Bundesliga,2023/2024,612,612,100.0,0,19,306,306,100.0,0.0,0.0,2020/2021,2025/2026,False,False,OK
fact_team_match_stats,extra_json.accurate_crosses,context,OPTIONAL,54,Bundesliga,2024/2025,612,612,100.0,0,20,306,306,100.0,0.0,0.0,2020/2021,2025/2026,False,False,OK
fact_team_match_stats,extra_json.accurate_crosses,context,OPTIONAL,54,Bundesliga,2025/2026,612,612,100.0,0,18,306,306,100.0,0.0,0.0,2020/2021,2025/2026,False,False,OK
fact_team_match_stats,extra_json.accurate_crosses,context,OPTIONAL,55,SerieA,2020/2021,760,758,99.7368,0,24,379,380,99.7368,-0.2632,,2020/2021,2025/2026,False,False,OK
fact_team_match_stats,extra_json.accurate_crosses,context,OPTIONAL,55,SerieA,2021/2022,760,760,100.0,0,32,380,380,100.0,0.0,0.2632,2020/2021,2025/2026,False,False,OK
fact_team_match_stats,extra_json.accurate_crosses,context,OPTIONAL,55,SerieA,2022/2023,762,762,100.0,0,27,381,381,100.0,0.0,0.0,2020/2021,2025/2026,False,False,OK
fact_team_match_stats,extra_json.accurate_crosses,context,OPTIONAL,55,SerieA,2023/2024,760,760,100.0,0,23,380,380,100.0,0.0,0.0,2020/2021,2025/2026,False,False,OK
fact_team_match_stats,extra_json.accurate_crosses,context,OPTIONAL,55,SerieA,2024/2025,760,760,100.0,0,30,380,380,100.0,0.0,0.0,2020/2021,2025/2026,False,False,OK
fact_team_match_stats,extra_json.accurate_crosses,context,OPTIONAL,55,SerieA,2025/2026,760,760,100.0,0,30,380,380,100.0,0.0,0.0,2020/2021,2025/2026,False,False,OK
fact_team_match_stats,extra_json.accurate_crosses,context,OPTIONAL,87,LaLiga,2020/2021,760,760,100.0,0,25,380,380,100.0,0.0,,2020/2021,2025/2026,False,False,OK
fact_team_match_stats,extra_json.accurate_crosses,context,OPTIONAL,87,LaLiga,2021/2022,760,760,100.0,0,23,380,380,100.0,0.0,0.0,2020/2021,2025/2026,False,False,OK
fact_team_match_stats,extra_json.accurate_crosses,context,OPTIONAL,87,LaLiga,2022/2023,760,760,100.0,0,26,380,380,100.0,0.0,0.0,2020/2021,2025/2026,False,False,OK
fact_team_match_stats,extra_json.accurate_crosses,context,OPTIONAL,87,LaLiga,2023/2024,760,758,99.7368,0,21,379,380,99.7368,-0.2632,-0.2632,2020/2021,2025/2026,False,False,OK
fact_team_match_stats,extra_json.accurate_crosses,context,OPTIONAL,87,LaLiga,2024/2025,760,760,100.0,0,29,380,380,100.0,0.0,0.2632,2020/2021,2025/2026,False,False,OK
fact_team_match_stats,extra_json.accurate_crosses,context,OPTIONAL,87,LaLiga,2025/2026,760,760,100.0,0,37,380,380,100.0,0.0,0.0,2020/2021,2025/2026,False,False,OK
fact_team_match_stats,extra_json.accurate_passes,context,OPTIONAL,47,EPL,2020/2021,760,760,100.0,0,0,380,380,100.0,,,2020/2021,2025/2026,False,False,OK
fact_team_match_stats,extra_json.accurate_passes,context,OPTIONAL,47,EPL,2021/2022,760,760,100.0,0,0,380,380,100.0,,0.0,2020/2021,2025/2026,False,False,OK
fact_team_match_stats,extra_json.accurate_passes,context,OPTIONAL,47,EPL,2022/2023,760,760,100.0,0,0,380,380,100.0,,0.0,2020/2021,2025/2026,False,False,OK
fact_team_match_stats,extra_json.accurate_passes,context,OPTIONAL,47,EPL,2023/2024,760,760,100.0,0,0,380,380,100.0,,0.0,2020/2021,2025/2026,False,False,OK
fact_team_match_stats,extra_json.accurate_passes,context,OPTIONAL,47,EPL,2024/2025,760,760,100.0,0,0,380,380,100.0,,0.0,2020/2021,2025/2026,False,False,OK
fact_team_match_stats,extra_json.accurate_passes,context,OPTIONAL,47,EPL,2025/2026,760,760,100.0,0,0,380,380,100.0,,0.0,2020/2021,2025/2026,False,False,OK
fact_team_match_stats,extra_json.accurate_passes,context,OPTIONAL,53,Ligue1,2020/2021,760,760,100.0,0,0,380,380,100.0,0.0,,2020/2021,2025/2026,False,False,OK
fact_team_match_stats,extra_json.accurate_passes,context,OPTIONAL,53,Ligue1,2021/2022,760,760,100.0,0,0,380,380,100.0,0.0,0.0,2020/2021,2025/2026,False,False,OK
fact_team_match_stats,extra_json.accurate_passes,context,OPTIONAL,53,Ligue1,2022/2023,760,760,100.0,0,0,380,380,100.0,0.0,0.0,2020/2021,2025/2026,False,False,OK
fact_team_match_stats,extra_json.accurate_passes,context,OPTIONAL,53,Ligue1,2023/2024,612,612,100.0,0,0,306,306,100.0,0.0,0.0,2020/2021,2025/2026,False,False,OK
fact_team_match_stats,extra_json.accurate_passes,context,OPTIONAL,53,Ligue1,2024/2025,612,612,100.0,0,0,306,306,100.0,0.0,0.0,2020/2021,2025/2026,False,False,OK
fact_team_match_stats,extra_json.accurate_passes,context,OPTIONAL,53,Ligue1,2025/2026,612,612,100.0,0,0,306,306,100.0,0.0,0.0,2020/2021,2025/2026,False,False,OK
fact_team_match_stats,extra_json.accurate_passes,context,OPTIONAL,54,Bundesliga,2020/2021,612,612,100.0,0,0,306,306,100.0,0.0,,2020/2021,2025/2026,False,False,OK
fact_team_match_stats,extra_json.accurate_passes,context,OPTIONAL,54,Bundesliga,2021/2022,612,612,100.0,0,0,306,306,100.0,0.0,0.0,2020/2021,2025/2026,False,False,OK
fact_team_match_stats,extra_json.accurate_passes,context,OPTIONAL,54,Bundesliga,2022/2023,612,612,100.0,0,0,306,306,100.0,0.0,0.0,2020/2021,2025/2026,False,False,OK
fact_team_match_stats,extra_json.accurate_passes,context,OPTIONAL,54,Bundesliga,2023/2024,612,612,100.0,0,0,306,306,100.0,0.0,0.0,2020/2021,2025/2026,False,False,OK
fact_team_match_stats,extra_json.accurate_passes,context,OPTIONAL,54,Bundesliga,2024/2025,612,612,100.0,0,0,306,306,100.0,0.0,0.0,2020/2021,2025/2026,False,False,OK
fact_team_match_stats,extra_json.accurate_passes,context,OPTIONAL,54,Bundesliga,2025/2026,612,612,100.0,0,0,306,306,100.0,0.0,0.0,2020/2021,2025/2026,False,False,OK
fact_team_match_stats,extra_json.accurate_passes,context,OPTIONAL,55,SerieA,2020/2021,760,758,99.7368,0,0,379,380,99.7368,-0.2632,,2020/2021,2025/2026,False,False,OK
fact_team_match_stats,extra_json.accurate_passes,context,OPTIONAL,55,SerieA,2021/2022,760,760,100.0,0,0,380,380,100.0,0.0,0.2632,2020/2021,2025/2026,False,False,OK
fact_team_match_stats,extra_json.accurate_passes,context,OPTIONAL,55,SerieA,2022/2023,762,762,100.0,0,0,381,381,100.0,0.0,0.0,2020/2021,2025/2026,False,False,OK
fact_team_match_stats,extra_json.accurate_passes,context,OPTIONAL,55,SerieA,2023/2024,760,760,100.0,0,0,380,380,100.0,0.0,0.0,2020/2021,2025/2026,False,False,OK
fact_team_match_stats,extra_json.accurate_passes,context,OPTIONAL,55,SerieA,2024/2025,760,760,100.0,0,0,380,380,100.0,0.0,0.0,2020/2021,2025/2026,False,False,OK
fact_team_match_stats,extra_json.accurate_passes,context,OPTIONAL,55,SerieA,2025/2026,760,760,100.0,0,0,380,380,100.0,0.0,0.0,2020/2021,2025/2026,False,False,OK
fact_team_match_stats,extra_json.accurate_passes,context,OPTIONAL,87,LaLiga,2020/2021,760,760,100.0,0,0,380,380,100.0,0.0,,2020/2021,2025/2026,False,False,OK
fact_team_match_stats,extra_json.accurate_passes,context,OPTIONAL,87,LaLiga,2021/2022,760,760,100.0,0,0,380,380,100.0,0.0,0.0,2020/2021,2025/2026,False,False,OK
fact_team_match_stats,extra_json.accurate_passes,context,OPTIONAL,87,LaLiga,2022/2023,760,760,100.0,0,0,380,380,100.0,0.0,0.0,2020/2021,2025/2026,False,False,OK
fact_team_match_stats,extra_json.accurate_passes,context,OPTIONAL,87,LaLiga,2023/2024,760,758,99.7368,0,0,379,380,99.7368,-0.2632,-0.2632,2020/2021,2025/2026,False,False,OK
fact_team_match_stats,extra_json.accurate_passes,context,OPTIONAL,87,LaLiga,2024/2025,760,760,100.0,0,0,380,380,100.0,0.0,0.2632,2020/2021,2025/2026,False,False,OK
fact_team_match_stats,extra_json.accurate_passes,context,OPTIONAL,87,LaLiga,2025/2026,760,760,100.0,0,0,380,380,100.0,0.0,0.0,2020/2021,2025/2026,False,False,OK
fact_team_match_stats,extra_json.aerials_won,context,OPTIONAL,47,EPL,2020/2021,760,760,100.0,0,0,380,380,100.0,,,2020/2021,2025/2026,False,False,OK
fact_team_match_stats,extra_json.aerials_won,context,OPTIONAL,47,EPL,2021/2022,760,760,100.0,0,0,380,380,100.0,,0.0,2020/2021,2025/2026,False,False,OK
fact_team_match_stats,extra_json.aerials_won,context,OPTIONAL,47,EPL,2022/2023,760,760,100.0,0,0,380,380,100.0,,0.0,2020/2021,2025/2026,False,False,OK
fact_team_match_stats,extra_json.aerials_won,context,OPTIONAL,47,EPL,2023/2024,760,760,100.0,0,0,380,380,100.0,,0.0,2020/2021,2025/2026,False,False,OK
fact_team_match_stats,extra_json.aerials_won,context,OPTIONAL,47,EPL,2024/2025,760,760,100.0,0,0,380,380,100.0,,0.0,2020/2021,2025/2026,False,False,OK
fact_team_match_stats,extra_json.aerials_won,context,OPTIONAL,47,EPL,2025/2026,760,760,100.0,0,0,380,380,100.0,,0.0,2020/2021,2025/2026,False,False,OK
fact_team_match_stats,extra_json.aerials_won,context,OPTIONAL,53,Ligue1,2020/2021,760,760,100.0,0,0,380,380,100.0,0.0,,2020/2021,2025/2026,False,False,OK
fact_team_match_stats,extra_json.aerials_won,context,OPTIONAL,53,Ligue1,2021/2022,760,760,100.0,0,0,380,380,100.0,0.0,0.0,2020/2021,2025/2026,False,False,OK
fact_team_match_stats,extra_json.aerials_won,context,OPTIONAL,53,Ligue1,2022/2023,760,760,100.0,0,0,380,380,100.0,0.0,0.0,2020/2021,2025/2026,False,False,OK
fact_team_match_stats,extra_json.aerials_won,context,OPTIONAL,53,Ligue1,2023/2024,612,612,100.0,0,0,306,306,100.0,0.0,0.0,2020/2021,2025/2026,False,False,OK
fact_team_match_stats,extra_json.aerials_won,context,OPTIONAL,53,Ligue1,2024/2025,612,612,100.0,0,0,306,306,100.0,0.0,0.0,2020/2021,2025/2026,False,False,OK
fact_team_match_stats,extra_json.aerials_won,context,OPTIONAL,53,Ligue1,2025/2026,612,612,100.0,0,0,306,306,100.0,0.0,0.0,2020/2021,2025/2026,False,False,OK
fact_team_match_stats,extra_json.aerials_won,context,OPTIONAL,54,Bundesliga,2020/2021,612,612,100.0,0,0,306,306,100.0,0.0,,2020/2021,2025/2026,False,False,OK
fact_team_match_stats,extra_json.aerials_won,context,OPTIONAL,54,Bundesliga,2021/2022,612,612,100.0,0,1,306,306,100.0,0.0,0.0,2020/2021,2025/2026,False,False,OK
fact_team_match_stats,extra_json.aerials_won,context,OPTIONAL,54,Bundesliga,2022/2023,612,612,100.0,0,0,306,306,100.0,0.0,0.0,2020/2021,2025/2026,False,False,OK
fact_team_match_stats,extra_json.aerials_won,context,OPTIONAL,54,Bundesliga,2023/2024,612,612,100.0,0,0,306,306,100.0,0.0,0.0,2020/2021,2025/2026,False,False,OK
fact_team_match_stats,extra_json.aerials_won,context,OPTIONAL,54,Bundesliga,2024/2025,612,612,100.0,0,0,306,306,100.0,0.0,0.0,2020/2021,2025/2026,False,False,OK
fact_team_match_stats,extra_json.aerials_won,context,OPTIONAL,54,Bundesliga,2025/2026,612,612,100.0,0,0,306,306,100.0,0.0,0.0,2020/2021,2025/2026,False,False,OK
fact_team_match_stats,extra_json.aerials_won,context,OPTIONAL,55,SerieA,2020/2021,760,758,99.7368,0,0,379,380,99.7368,-0.2632,,2020/2021,2025/2026,False,False,OK
fact_team_match_stats,extra_json.aerials_won,context,OPTIONAL,55,SerieA,2021/2022,760,760,100.0,0,0,380,380,100.0,0.0,0.2632,2020/2021,2025/2026,False,False,OK
fact_team_match_stats,extra_json.aerials_won,context,OPTIONAL,55,SerieA,2022/2023,762,762,100.0,0,0,381,381,100.0,0.0,0.0,2020/2021,2025/2026,False,False,OK
fact_team_match_stats,extra_json.aerials_won,context,OPTIONAL,55,SerieA,2023/2024,760,760,100.0,0,0,380,380,100.0,0.0,0.0,2020/2021,2025/2026,False,False,OK
fact_team_match_stats,extra_json.aerials_won,context,OPTIONAL,55,SerieA,2024/2025,760,760,100.0,0,0,380,380,100.0,0.0,0.0,2020/2021,2025/2026,False,False,OK
fact_team_match_stats,extra_json.aerials_won,context,OPTIONAL,55,SerieA,2025/2026,760,760,100.0,0,0,380,380,100.0,0.0,0.0,2020/2021,2025/2026,False,False,OK
fact_team_match_stats,extra_json.aerials_won,context,OPTIONAL,87,LaLiga,2020/2021,760,760,100.0,0,0,380,380,100.0,0.0,,2020/2021,2025/2026,False,False,OK
fact_team_match_stats,extra_json.aerials_won,context,OPTIONAL,87,LaLiga,2021/2022,760,760,100.0,0,1,380,380,100.0,0.0,0.0,2020/2021,2025/2026,False,False,OK
fact_team_match_stats,extra_json.aerials_won,context,OPTIONAL,87,LaLiga,2022/2023,760,760,100.0,0,1,380,380,100.0,0.0,0.0,2020/2021,2025/2026,False,False,OK
fact_team_match_stats,extra_json.aerials_won,context,OPTIONAL,87,LaLiga,2023/2024,760,758,99.7368,0,1,379,380,99.7368,-0.2632,-0.2632,2020/2021,2025/2026,False,False,OK
fact_team_match_stats,extra_json.aerials_won,context,OPTIONAL,87,LaLiga,2024/2025,760,760,100.0,0,1,380,380,100.0,0.0,0.2632,2020/2021,2025/2026,False,False,OK
fact_team_match_stats,extra_json.aerials_won,context,OPTIONAL,87,LaLiga,2025/2026,760,760,100.0,0,0,380,380,100.0,0.0,0.0,2020/2021,2025/2026,False,False,OK
fact_team_match_stats,extra_json.big_chance,context,OPTIONAL,47,EPL,2020/2021,760,760,100.0,0,154,380,380,100.0,,,2020/2021,2025/2026,False,False,OK
fact_team_match_stats,extra_json.big_chance,context,OPTIONAL,47,EPL,2021/2022,760,760,100.0,0,163,380,380,100.0,,0.0,2020/2021,2025/2026,False,False,OK
fact_team_match_stats,extra_json.big_chance,context,OPTIONAL,47,EPL,2022/2023,760,760,100.0,0,141,380,380,100.0,,0.0,2020/2021,2025/2026,False,False,OK
fact_team_match_stats,extra_json.big_chance,context,OPTIONAL,47,EPL,2023/2024,760,760,100.0,0,96,380,380,100.0,,0.0,2020/2021,2025/2026,False,False,OK
fact_team_match_stats,extra_json.big_chance,context,OPTIONAL,47,EPL,2024/2025,760,760,100.0,0,91,380,380,100.0,,0.0,2020/2021,2025/2026,False,False,OK
fact_team_match_stats,extra_json.big_chance,context,OPTIONAL,47,EPL,2025/2026,760,760,100.0,0,96,380,380,100.0,,0.0,2020/2021,2025/2026,False,False,OK
fact_team_match_stats,extra_json.big_chance,context,OPTIONAL,53,Ligue1,2020/2021,760,760,100.0,0,143,380,380,100.0,0.0,,2020/2021,2025/2026,False,False,OK
fact_team_match_stats,extra_json.big_chance,context,OPTIONAL,53,Ligue1,2021/2022,760,760,100.0,0,132,380,380,100.0,0.0,0.0,2020/2021,2025/2026,False,False,OK
fact_team_match_stats,extra_json.big_chance,context,OPTIONAL,53,Ligue1,2022/2023,760,760,100.0,0,109,380,380,100.0,0.0,0.0,2020/2021,2025/2026,False,False,OK
fact_team_match_stats,extra_json.big_chance,context,OPTIONAL,53,Ligue1,2023/2024,612,612,100.0,0,97,306,306,100.0,0.0,0.0,2020/2021,2025/2026,False,False,OK
fact_team_match_stats,extra_json.big_chance,context,OPTIONAL,53,Ligue1,2024/2025,612,612,100.0,0,81,306,306,100.0,0.0,0.0,2020/2021,2025/2026,False,False,OK
fact_team_match_stats,extra_json.big_chance,context,OPTIONAL,53,Ligue1,2025/2026,612,612,100.0,0,86,306,306,100.0,0.0,0.0,2020/2021,2025/2026,False,False,OK
fact_team_match_stats,extra_json.big_chance,context,OPTIONAL,54,Bundesliga,2020/2021,612,612,100.0,0,114,306,306,100.0,0.0,,2020/2021,2025/2026,False,False,OK
fact_team_match_stats,extra_json.big_chance,context,OPTIONAL,54,Bundesliga,2021/2022,612,612,100.0,0,93,306,306,100.0,0.0,0.0,2020/2021,2025/2026,False,False,OK
fact_team_match_stats,extra_json.big_chance,context,OPTIONAL,54,Bundesliga,2022/2023,612,612,100.0,0,101,306,306,100.0,0.0,0.0,2020/2021,2025/2026,False,False,OK
fact_team_match_stats,extra_json.big_chance,context,OPTIONAL,54,Bundesliga,2023/2024,612,612,100.0,0,80,306,306,100.0,0.0,0.0,2020/2021,2025/2026,False,False,OK
fact_team_match_stats,extra_json.big_chance,context,OPTIONAL,54,Bundesliga,2024/2025,612,612,100.0,0,74,306,306,100.0,0.0,0.0,2020/2021,2025/2026,False,False,OK
fact_team_match_stats,extra_json.big_chance,context,OPTIONAL,54,Bundesliga,2025/2026,612,612,100.0,0,74,306,306,100.0,0.0,0.0,2020/2021,2025/2026,False,False,OK
fact_team_match_stats,extra_json.big_chance,context,OPTIONAL,55,SerieA,2020/2021,760,758,99.7368,0,129,379,380,99.7368,-0.2632,,2020/2021,2025/2026,False,False,OK
fact_team_match_stats,extra_json.big_chance,context,OPTIONAL,55,SerieA,2021/2022,760,760,100.0,0,152,380,380,100.0,0.0,0.2632,2020/2021,2025/2026,False,False,OK
fact_team_match_stats,extra_json.big_chance,context,OPTIONAL,55,SerieA,2022/2023,762,762,100.0,0,170,381,381,100.0,0.0,0.0,2020/2021,2025/2026,False,False,OK
fact_team_match_stats,extra_json.big_chance,context,OPTIONAL,55,SerieA,2023/2024,760,760,100.0,0,151,380,380,100.0,0.0,0.0,2020/2021,2025/2026,False,False,OK
fact_team_match_stats,extra_json.big_chance,context,OPTIONAL,55,SerieA,2024/2025,760,760,100.0,0,140,380,380,100.0,0.0,0.0,2020/2021,2025/2026,False,False,OK
fact_team_match_stats,extra_json.big_chance,context,OPTIONAL,55,SerieA,2025/2026,760,760,100.0,0,131,380,380,100.0,0.0,0.0,2020/2021,2025/2026,False,False,OK
fact_team_match_stats,extra_json.big_chance,context,OPTIONAL,87,LaLiga,2020/2021,760,760,100.0,0,169,380,380,100.0,0.0,,2020/2021,2025/2026,False,False,OK
fact_team_match_stats,extra_json.big_chance,context,OPTIONAL,87,LaLiga,2021/2022,760,760,100.0,0,164,380,380,100.0,0.0,0.0,2020/2021,2025/2026,False,False,OK
fact_team_match_stats,extra_json.big_chance,context,OPTIONAL,87,LaLiga,2022/2023,760,760,100.0,0,149,380,380,100.0,0.0,0.0,2020/2021,2025/2026,False,False,OK
fact_team_match_stats,extra_json.big_chance,context,OPTIONAL,87,LaLiga,2023/2024,760,758,99.7368,0,129,379,380,99.7368,-0.2632,-0.2632,2020/2021,2025/2026,False,False,OK
fact_team_match_stats,extra_json.big_chance,context,OPTIONAL,87,LaLiga,2024/2025,760,760,100.0,0,118,380,380,100.0,0.0,0.2632,2020/2021,2025/2026,False,False,OK
fact_team_match_stats,extra_json.big_chance,context,OPTIONAL,87,LaLiga,2025/2026,760,760,100.0,0,85,380,380,100.0,0.0,0.0,2020/2021,2025/2026,False,False,OK
fact_team_match_stats,extra_json.big_chance_missed_title,context,OPTIONAL,47,EPL,2020/2021,760,760,100.0,0,291,380,380,100.0,,,2020/2021,2025/2026,False,False,OK
fact_team_match_stats,extra_json.big_chance_missed_title,context,OPTIONAL,47,EPL,2021/2022,760,760,100.0,0,279,380,380,100.0,,0.0,2020/2021,2025/2026,False,False,OK
fact_team_match_stats,extra_json.big_chance_missed_title,context,OPTIONAL,47,EPL,2022/2023,760,760,100.0,0,264,380,380,100.0,,0.0,2020/2021,2025/2026,False,False,OK
fact_team_match_stats,extra_json.big_chance_missed_title,context,OPTIONAL,47,EPL,2023/2024,760,760,100.0,0,211,380,380,100.0,,0.0,2020/2021,2025/2026,False,False,OK
fact_team_match_stats,extra_json.big_chance_missed_title,context,OPTIONAL,47,EPL,2024/2025,760,760,100.0,0,200,380,380,100.0,,0.0,2020/2021,2025/2026,False,False,OK
fact_team_match_stats,extra_json.big_chance_missed_title,context,OPTIONAL,47,EPL,2025/2026,760,760,100.0,0,222,380,380,100.0,,0.0,2020/2021,2025/2026,False,False,OK
fact_team_match_stats,extra_json.big_chance_missed_title,context,OPTIONAL,53,Ligue1,2020/2021,760,760,100.0,0,295,380,380,100.0,0.0,,2020/2021,2025/2026,False,False,OK
fact_team_match_stats,extra_json.big_chance_missed_title,context,OPTIONAL,53,Ligue1,2021/2022,760,760,100.0,0,263,380,380,100.0,0.0,0.0,2020/2021,2025/2026,False,False,OK
fact_team_match_stats,extra_json.big_chance_missed_title,context,OPTIONAL,53,Ligue1,2022/2023,760,760,100.0,0,226,380,380,100.0,0.0,0.0,2020/2021,2025/2026,False,False,OK
fact_team_match_stats,extra_json.big_chance_missed_title,context,OPTIONAL,53,Ligue1,2023/2024,612,612,100.0,0,195,306,306,100.0,0.0,0.0,2020/2021,2025/2026,False,False,OK
fact_team_match_stats,extra_json.big_chance_missed_title,context,OPTIONAL,53,Ligue1,2024/2025,612,612,100.0,0,170,306,306,100.0,0.0,0.0,2020/2021,2025/2026,False,False,OK
fact_team_match_stats,extra_json.big_chance_missed_title,context,OPTIONAL,53,Ligue1,2025/2026,612,612,100.0,0,168,306,306,100.0,0.0,0.0,2020/2021,2025/2026,False,False,OK
fact_team_match_stats,extra_json.big_chance_missed_title,context,OPTIONAL,54,Bundesliga,2020/2021,612,612,100.0,0,217,306,306,100.0,0.0,,2020/2021,2025/2026,False,False,OK
fact_team_match_stats,extra_json.big_chance_missed_title,context,OPTIONAL,54,Bundesliga,2021/2022,612,612,100.0,0,201,306,306,100.0,0.0,0.0,2020/2021,2025/2026,False,False,OK
fact_team_match_stats,extra_json.big_chance_missed_title,context,OPTIONAL,54,Bundesliga,2022/2023,612,612,100.0,0,215,306,306,100.0,0.0,0.0,2020/2021,2025/2026,False,False,OK
fact_team_match_stats,extra_json.big_chance_missed_title,context,OPTIONAL,54,Bundesliga,2023/2024,612,612,100.0,0,173,306,306,100.0,0.0,0.0,2020/2021,2025/2026,False,False,OK
fact_team_match_stats,extra_json.big_chance_missed_title,context,OPTIONAL,54,Bundesliga,2024/2025,612,612,100.0,0,158,306,306,100.0,0.0,0.0,2020/2021,2025/2026,False,False,OK
fact_team_match_stats,extra_json.big_chance_missed_title,context,OPTIONAL,54,Bundesliga,2025/2026,612,612,100.0,0,143,306,306,100.0,0.0,0.0,2020/2021,2025/2026,False,False,OK
fact_team_match_stats,extra_json.big_chance_missed_title,context,OPTIONAL,55,SerieA,2020/2021,760,758,99.7368,0,263,379,380,99.7368,-0.2632,,2020/2021,2025/2026,False,False,OK
fact_team_match_stats,extra_json.big_chance_missed_title,context,OPTIONAL,55,SerieA,2021/2022,760,760,100.0,0,298,380,380,100.0,0.0,0.2632,2020/2021,2025/2026,False,False,OK
fact_team_match_stats,extra_json.big_chance_missed_title,context,OPTIONAL,55,SerieA,2022/2023,762,762,100.0,0,305,381,381,100.0,0.0,0.0,2020/2021,2025/2026,False,False,OK
fact_team_match_stats,extra_json.big_chance_missed_title,context,OPTIONAL,55,SerieA,2023/2024,760,760,100.0,0,296,380,380,100.0,0.0,0.0,2020/2021,2025/2026,False,False,OK
fact_team_match_stats,extra_json.big_chance_missed_title,context,OPTIONAL,55,SerieA,2024/2025,760,760,100.0,0,254,380,380,100.0,0.0,0.0,2020/2021,2025/2026,False,False,OK
fact_team_match_stats,extra_json.big_chance_missed_title,context,OPTIONAL,55,SerieA,2025/2026,760,760,100.0,0,235,380,380,100.0,0.0,0.0,2020/2021,2025/2026,False,False,OK
fact_team_match_stats,extra_json.big_chance_missed_title,context,OPTIONAL,87,LaLiga,2020/2021,760,760,100.0,0,322,380,380,100.0,0.0,,2020/2021,2025/2026,False,False,OK
fact_team_match_stats,extra_json.big_chance_missed_title,context,OPTIONAL,87,LaLiga,2021/2022,760,760,100.0,0,300,380,380,100.0,0.0,0.0,2020/2021,2025/2026,False,False,OK
fact_team_match_stats,extra_json.big_chance_missed_title,context,OPTIONAL,87,LaLiga,2022/2023,760,760,100.0,0,254,380,380,100.0,0.0,0.0,2020/2021,2025/2026,False,False,OK
fact_team_match_stats,extra_json.big_chance_missed_title,context,OPTIONAL,87,LaLiga,2023/2024,760,758,99.7368,0,242,379,380,99.7368,-0.2632,-0.2632,2020/2021,2025/2026,False,False,OK
fact_team_match_stats,extra_json.big_chance_missed_title,context,OPTIONAL,87,LaLiga,2024/2025,760,760,100.0,0,230,380,380,100.0,0.0,0.2632,2020/2021,2025/2026,False,False,OK
fact_team_match_stats,extra_json.big_chance_missed_title,context,OPTIONAL,87,LaLiga,2025/2026,760,760,100.0,0,202,380,380,100.0,0.0,0.0,2020/2021,2025/2026,False,False,OK
fact_team_match_stats,extra_json.blocked_shots,context,OPTIONAL,47,EPL,2020/2021,760,760,100.0,0,66,380,380,100.0,,,2020/2021,2025/2026,False,False,OK
fact_team_match_stats,extra_json.blocked_shots,context,OPTIONAL,47,EPL,2021/2022,760,760,100.0,0,57,380,380,100.0,,0.0,2020/2021,2025/2026,False,False,OK
fact_team_match_stats,extra_json.blocked_shots,context,OPTIONAL,47,EPL,2022/2023,760,760,100.0,0,43,380,380,100.0,,0.0,2020/2021,2025/2026,False,False,OK
fact_team_match_stats,extra_json.blocked_shots,context,OPTIONAL,47,EPL,2023/2024,760,760,100.0,0,52,380,380,100.0,,0.0,2020/2021,2025/2026,False,False,OK
fact_team_match_stats,extra_json.blocked_shots,context,OPTIONAL,47,EPL,2024/2025,760,760,100.0,0,43,380,380,100.0,,0.0,2020/2021,2025/2026,False,False,OK
fact_team_match_stats,extra_json.blocked_shots,context,OPTIONAL,47,EPL,2025/2026,760,760,100.0,0,47,380,380,100.0,,0.0,2020/2021,2025/2026,False,False,OK
fact_team_match_stats,extra_json.blocked_shots,context,OPTIONAL,53,Ligue1,2020/2021,760,760,100.0,0,90,380,380,100.0,0.0,,2020/2021,2025/2026,False,False,OK
fact_team_match_stats,extra_json.blocked_shots,context,OPTIONAL,53,Ligue1,2021/2022,760,760,100.0,0,56,380,380,100.0,0.0,0.0,2020/2021,2025/2026,False,False,OK
fact_team_match_stats,extra_json.blocked_shots,context,OPTIONAL,53,Ligue1,2022/2023,760,760,100.0,0,62,380,380,100.0,0.0,0.0,2020/2021,2025/2026,False,False,OK
fact_team_match_stats,extra_json.blocked_shots,context,OPTIONAL,53,Ligue1,2023/2024,612,612,100.0,0,29,306,306,100.0,0.0,0.0,2020/2021,2025/2026,False,False,OK
fact_team_match_stats,extra_json.blocked_shots,context,OPTIONAL,53,Ligue1,2024/2025,612,612,100.0,0,38,306,306,100.0,0.0,0.0,2020/2021,2025/2026,False,False,OK
fact_team_match_stats,extra_json.blocked_shots,context,OPTIONAL,53,Ligue1,2025/2026,612,612,100.0,0,50,306,306,100.0,0.0,0.0,2020/2021,2025/2026,False,False,OK
fact_team_match_stats,extra_json.blocked_shots,context,OPTIONAL,54,Bundesliga,2020/2021,612,612,100.0,0,47,306,306,100.0,0.0,,2020/2021,2025/2026,False,False,OK
fact_team_match_stats,extra_json.blocked_shots,context,OPTIONAL,54,Bundesliga,2021/2022,612,612,100.0,0,40,306,306,100.0,0.0,0.0,2020/2021,2025/2026,False,False,OK
fact_team_match_stats,extra_json.blocked_shots,context,OPTIONAL,54,Bundesliga,2022/2023,612,612,100.0,0,40,306,306,100.0,0.0,0.0,2020/2021,2025/2026,False,False,OK
fact_team_match_stats,extra_json.blocked_shots,context,OPTIONAL,54,Bundesliga,2023/2024,612,612,100.0,0,42,306,306,100.0,0.0,0.0,2020/2021,2025/2026,False,False,OK
fact_team_match_stats,extra_json.blocked_shots,context,OPTIONAL,54,Bundesliga,2024/2025,612,612,100.0,0,38,306,306,100.0,0.0,0.0,2020/2021,2025/2026,False,False,OK
fact_team_match_stats,extra_json.blocked_shots,context,OPTIONAL,54,Bundesliga,2025/2026,612,612,100.0,0,45,306,306,100.0,0.0,0.0,2020/2021,2025/2026,False,False,OK
fact_team_match_stats,extra_json.blocked_shots,context,OPTIONAL,55,SerieA,2020/2021,760,758,99.7368,0,54,379,380,99.7368,-0.2632,,2020/2021,2025/2026,False,False,OK
fact_team_match_stats,extra_json.blocked_shots,context,OPTIONAL,55,SerieA,2021/2022,760,760,100.0,0,59,380,380,100.0,0.0,0.2632,2020/2021,2025/2026,False,False,OK
fact_team_match_stats,extra_json.blocked_shots,context,OPTIONAL,55,SerieA,2022/2023,762,762,100.0,0,48,381,381,100.0,0.0,0.0,2020/2021,2025/2026,False,False,OK
fact_team_match_stats,extra_json.blocked_shots,context,OPTIONAL,55,SerieA,2023/2024,760,760,100.0,0,33,380,380,100.0,0.0,0.0,2020/2021,2025/2026,False,False,OK
fact_team_match_stats,extra_json.blocked_shots,context,OPTIONAL,55,SerieA,2024/2025,760,760,100.0,0,47,380,380,100.0,0.0,0.0,2020/2021,2025/2026,False,False,OK
fact_team_match_stats,extra_json.blocked_shots,context,OPTIONAL,55,SerieA,2025/2026,760,760,100.0,0,50,380,380,100.0,0.0,0.0,2020/2021,2025/2026,False,False,OK
fact_team_match_stats,extra_json.blocked_shots,context,OPTIONAL,87,LaLiga,2020/2021,760,760,100.0,0,118,380,380,100.0,0.0,,2020/2021,2025/2026,False,False,OK
fact_team_match_stats,extra_json.blocked_shots,context,OPTIONAL,87,LaLiga,2021/2022,760,760,100.0,0,69,380,380,100.0,0.0,0.0,2020/2021,2025/2026,False,False,OK
fact_team_match_stats,extra_json.blocked_shots,context,OPTIONAL,87,LaLiga,2022/2023,760,760,100.0,0,63,380,380,100.0,0.0,0.0,2020/2021,2025/2026,False,False,OK
fact_team_match_stats,extra_json.blocked_shots,context,OPTIONAL,87,LaLiga,2023/2024,760,758,99.7368,0,51,379,380,99.7368,-0.2632,-0.2632,2020/2021,2025/2026,False,False,OK
fact_team_match_stats,extra_json.blocked_shots,context,OPTIONAL,87,LaLiga,2024/2025,760,760,100.0,0,73,380,380,100.0,0.0,0.2632,2020/2021,2025/2026,False,False,OK
fact_team_match_stats,extra_json.blocked_shots,context,OPTIONAL,87,LaLiga,2025/2026,760,760,100.0,0,53,380,380,100.0,0.0,0.0,2020/2021,2025/2026,False,False,OK
fact_team_match_stats,extra_json.clearances,context,OPTIONAL,47,EPL,2020/2021,760,760,100.0,0,0,380,380,100.0,,,2020/2021,2025/2026,False,False,OK
fact_team_match_stats,extra_json.clearances,context,OPTIONAL,47,EPL,2021/2022,760,760,100.0,0,0,380,380,100.0,,0.0,2020/2021,2025/2026,False,False,OK
fact_team_match_stats,extra_json.clearances,context,OPTIONAL,47,EPL,2022/2023,760,760,100.0,0,0,380,380,100.0,,0.0,2020/2021,2025/2026,False,False,OK
fact_team_match_stats,extra_json.clearances,context,OPTIONAL,47,EPL,2023/2024,760,760,100.0,0,0,380,380,100.0,,0.0,2020/2021,2025/2026,False,False,OK
fact_team_match_stats,extra_json.clearances,context,OPTIONAL,47,EPL,2024/2025,760,760,100.0,0,0,380,380,100.0,,0.0,2020/2021,2025/2026,False,False,OK
fact_team_match_stats,extra_json.clearances,context,OPTIONAL,47,EPL,2025/2026,760,760,100.0,0,0,380,380,100.0,,0.0,2020/2021,2025/2026,False,False,OK
fact_team_match_stats,extra_json.clearances,context,OPTIONAL,53,Ligue1,2020/2021,760,760,100.0,0,0,380,380,100.0,0.0,,2020/2021,2025/2026,False,False,OK
fact_team_match_stats,extra_json.clearances,context,OPTIONAL,53,Ligue1,2021/2022,760,760,100.0,0,0,380,380,100.0,0.0,0.0,2020/2021,2025/2026,False,False,OK
fact_team_match_stats,extra_json.clearances,context,OPTIONAL,53,Ligue1,2022/2023,760,760,100.0,0,0,380,380,100.0,0.0,0.0,2020/2021,2025/2026,False,False,OK
fact_team_match_stats,extra_json.clearances,context,OPTIONAL,53,Ligue1,2023/2024,612,612,100.0,0,0,306,306,100.0,0.0,0.0,2020/2021,2025/2026,False,False,OK
fact_team_match_stats,extra_json.clearances,context,OPTIONAL,53,Ligue1,2024/2025,612,612,100.0,0,0,306,306,100.0,0.0,0.0,2020/2021,2025/2026,False,False,OK
fact_team_match_stats,extra_json.clearances,context,OPTIONAL,53,Ligue1,2025/2026,612,612,100.0,0,0,306,306,100.0,0.0,0.0,2020/2021,2025/2026,False,False,OK
fact_team_match_stats,extra_json.clearances,context,OPTIONAL,54,Bundesliga,2020/2021,612,612,100.0,0,0,306,306,100.0,0.0,,2020/2021,2025/2026,False,False,OK
fact_team_match_stats,extra_json.clearances,context,OPTIONAL,54,Bundesliga,2021/2022,612,612,100.0,0,1,306,306,100.0,0.0,0.0,2020/2021,2025/2026,False,False,OK
fact_team_match_stats,extra_json.clearances,context,OPTIONAL,54,Bundesliga,2022/2023,612,612,100.0,0,1,306,306,100.0,0.0,0.0,2020/2021,2025/2026,False,False,OK
fact_team_match_stats,extra_json.clearances,context,OPTIONAL,54,Bundesliga,2023/2024,612,612,100.0,0,0,306,306,100.0,0.0,0.0,2020/2021,2025/2026,False,False,OK
fact_team_match_stats,extra_json.clearances,context,OPTIONAL,54,Bundesliga,2024/2025,612,612,100.0,0,0,306,306,100.0,0.0,0.0,2020/2021,2025/2026,False,False,OK
fact_team_match_stats,extra_json.clearances,context,OPTIONAL,54,Bundesliga,2025/2026,612,612,100.0,0,0,306,306,100.0,0.0,0.0,2020/2021,2025/2026,False,False,OK
fact_team_match_stats,extra_json.clearances,context,OPTIONAL,55,SerieA,2020/2021,760,758,99.7368,0,0,379,380,99.7368,-0.2632,,2020/2021,2025/2026,False,False,OK
fact_team_match_stats,extra_json.clearances,context,OPTIONAL,55,SerieA,2021/2022,760,760,100.0,0,0,380,380,100.0,0.0,0.2632,2020/2021,2025/2026,False,False,OK
fact_team_match_stats,extra_json.clearances,context,OPTIONAL,55,SerieA,2022/2023,762,762,100.0,0,0,381,381,100.0,0.0,0.0,2020/2021,2025/2026,False,False,OK
fact_team_match_stats,extra_json.clearances,context,OPTIONAL,55,SerieA,2023/2024,760,760,100.0,0,0,380,380,100.0,0.0,0.0,2020/2021,2025/2026,False,False,OK
fact_team_match_stats,extra_json.clearances,context,OPTIONAL,55,SerieA,2024/2025,760,760,100.0,0,0,380,380,100.0,0.0,0.0,2020/2021,2025/2026,False,False,OK
fact_team_match_stats,extra_json.clearances,context,OPTIONAL,55,SerieA,2025/2026,760,760,100.0,0,0,380,380,100.0,0.0,0.0,2020/2021,2025/2026,False,False,OK
fact_team_match_stats,extra_json.clearances,context,OPTIONAL,87,LaLiga,2020/2021,760,760,100.0,0,0,380,380,100.0,0.0,,2020/2021,2025/2026,False,False,OK
fact_team_match_stats,extra_json.clearances,context,OPTIONAL,87,LaLiga,2021/2022,760,760,100.0,0,0,380,380,100.0,0.0,0.0,2020/2021,2025/2026,False,False,OK
fact_team_match_stats,extra_json.clearances,context,OPTIONAL,87,LaLiga,2022/2023,760,760,100.0,0,0,380,380,100.0,0.0,0.0,2020/2021,2025/2026,False,False,OK
fact_team_match_stats,extra_json.clearances,context,OPTIONAL,87,LaLiga,2023/2024,760,758,99.7368,0,0,379,380,99.7368,-0.2632,-0.2632,2020/2021,2025/2026,False,False,OK
fact_team_match_stats,extra_json.clearances,context,OPTIONAL,87,LaLiga,2024/2025,760,760,100.0,0,0,380,380,100.0,0.0,0.2632,2020/2021,2025/2026,False,False,OK
fact_team_match_stats,extra_json.clearances,context,OPTIONAL,87,LaLiga,2025/2026,760,760,100.0,0,0,380,380,100.0,0.0,0.0,2020/2021,2025/2026,False,False,OK
fact_team_match_stats,extra_json.corners,standard_match,REQUIRED,47,EPL,2020/2021,760,760,100.0,0,16,380,380,100.0,,,2020/2021,2025/2026,False,False,OK
fact_team_match_stats,extra_json.corners,standard_match,REQUIRED,47,EPL,2021/2022,760,760,100.0,0,16,380,380,100.0,,0.0,2020/2021,2025/2026,False,False,OK
fact_team_match_stats,extra_json.corners,standard_match,REQUIRED,47,EPL,2022/2023,760,760,100.0,0,13,380,380,100.0,,0.0,2020/2021,2025/2026,False,False,OK
fact_team_match_stats,extra_json.corners,standard_match,REQUIRED,47,EPL,2023/2024,760,760,100.0,0,18,380,380,100.0,,0.0,2020/2021,2025/2026,False,False,OK
fact_team_match_stats,extra_json.corners,standard_match,REQUIRED,47,EPL,2024/2025,760,760,100.0,0,24,380,380,100.0,,0.0,2020/2021,2025/2026,False,False,OK
fact_team_match_stats,extra_json.corners,standard_match,REQUIRED,47,EPL,2025/2026,760,760,100.0,0,11,380,380,100.0,,0.0,2020/2021,2025/2026,False,False,OK
fact_team_match_stats,extra_json.corners,standard_match,REQUIRED,53,Ligue1,2020/2021,760,760,100.0,0,14,380,380,100.0,0.0,,2020/2021,2025/2026,False,False,OK
fact_team_match_stats,extra_json.corners,standard_match,REQUIRED,53,Ligue1,2021/2022,760,760,100.0,0,12,380,380,100.0,0.0,0.0,2020/2021,2025/2026,False,False,OK
fact_team_match_stats,extra_json.corners,standard_match,REQUIRED,53,Ligue1,2022/2023,760,760,100.0,0,23,380,380,100.0,0.0,0.0,2020/2021,2025/2026,False,False,OK
fact_team_match_stats,extra_json.corners,standard_match,REQUIRED,53,Ligue1,2023/2024,612,612,100.0,0,15,306,306,100.0,0.0,0.0,2020/2021,2025/2026,False,False,OK
fact_team_match_stats,extra_json.corners,standard_match,REQUIRED,53,Ligue1,2024/2025,612,612,100.0,0,15,306,306,100.0,0.0,0.0,2020/2021,2025/2026,False,False,OK
fact_team_match_stats,extra_json.corners,standard_match,REQUIRED,53,Ligue1,2025/2026,612,612,100.0,0,13,306,306,100.0,0.0,0.0,2020/2021,2025/2026,False,False,OK
fact_team_match_stats,extra_json.corners,standard_match,REQUIRED,54,Bundesliga,2020/2021,612,612,100.0,0,12,306,306,100.0,0.0,,2020/2021,2025/2026,False,False,OK
fact_team_match_stats,extra_json.corners,standard_match,REQUIRED,54,Bundesliga,2021/2022,612,612,100.0,0,15,306,306,100.0,0.0,0.0,2020/2021,2025/2026,False,False,OK
fact_team_match_stats,extra_json.corners,standard_match,REQUIRED,54,Bundesliga,2022/2023,612,612,100.0,0,9,306,306,100.0,0.0,0.0,2020/2021,2025/2026,False,False,OK
fact_team_match_stats,extra_json.corners,standard_match,REQUIRED,54,Bundesliga,2023/2024,612,612,100.0,0,12,306,306,100.0,0.0,0.0,2020/2021,2025/2026,False,False,OK
fact_team_match_stats,extra_json.corners,standard_match,REQUIRED,54,Bundesliga,2024/2025,612,612,100.0,0,16,306,306,100.0,0.0,0.0,2020/2021,2025/2026,False,False,OK
fact_team_match_stats,extra_json.corners,standard_match,REQUIRED,54,Bundesliga,2025/2026,612,612,100.0,0,15,306,306,100.0,0.0,0.0,2020/2021,2025/2026,False,False,OK
fact_team_match_stats,extra_json.corners,standard_match,REQUIRED,55,SerieA,2020/2021,760,760,100.0,0,17,380,380,100.0,0.0,,2020/2021,2025/2026,False,False,OK
fact_team_match_stats,extra_json.corners,standard_match,REQUIRED,55,SerieA,2021/2022,760,760,100.0,0,28,380,380,100.0,0.0,0.0,2020/2021,2025/2026,False,False,OK
fact_team_match_stats,extra_json.corners,standard_match,REQUIRED,55,SerieA,2022/2023,762,762,100.0,0,17,381,381,100.0,0.0,0.0,2020/2021,2025/2026,False,False,OK
fact_team_match_stats,extra_json.corners,standard_match,REQUIRED,55,SerieA,2023/2024,760,760,100.0,0,22,380,380,100.0,0.0,0.0,2020/2021,2025/2026,False,False,OK
fact_team_match_stats,extra_json.corners,standard_match,REQUIRED,55,SerieA,2024/2025,760,760,100.0,0,20,380,380,100.0,0.0,0.0,2020/2021,2025/2026,False,False,OK
fact_team_match_stats,extra_json.corners,standard_match,REQUIRED,55,SerieA,2025/2026,760,760,100.0,0,14,380,380,100.0,0.0,0.0,2020/2021,2025/2026,False,False,OK
fact_team_match_stats,extra_json.corners,standard_match,REQUIRED,87,LaLiga,2020/2021,760,760,100.0,0,26,380,380,100.0,0.0,,2020/2021,2025/2026,False,False,OK
fact_team_match_stats,extra_json.corners,standard_match,REQUIRED,87,LaLiga,2021/2022,760,760,100.0,0,22,380,380,100.0,0.0,0.0,2020/2021,2025/2026,False,False,OK
fact_team_match_stats,extra_json.corners,standard_match,REQUIRED,87,LaLiga,2022/2023,760,760,100.0,0,15,380,380,100.0,0.0,0.0,2020/2021,2025/2026,False,False,OK
fact_team_match_stats,extra_json.corners,standard_match,REQUIRED,87,LaLiga,2023/2024,760,760,100.0,0,21,380,380,100.0,0.0,0.0,2020/2021,2025/2026,False,False,OK
fact_team_match_stats,extra_json.corners,standard_match,REQUIRED,87,LaLiga,2024/2025,760,760,100.0,0,16,380,380,100.0,0.0,0.0,2020/2021,2025/2026,False,False,OK
fact_team_match_stats,extra_json.corners,standard_match,REQUIRED,87,LaLiga,2025/2026,760,760,100.0,0,18,380,380,100.0,0.0,0.0,2020/2021,2025/2026,False,False,OK
fact_team_match_stats,extra_json.defense,context,OPTIONAL,47,EPL,2020/2021,760,0,0.0,0,0,0,380,0.0,,,2020/2021,2025/2026,True,False,OK
fact_team_match_stats,extra_json.defense,context,OPTIONAL,47,EPL,2021/2022,760,0,0.0,0,0,0,380,0.0,,0.0,2020/2021,2025/2026,True,False,OK
fact_team_match_stats,extra_json.defense,context,OPTIONAL,47,EPL,2022/2023,760,0,0.0,0,0,0,380,0.0,,0.0,2020/2021,2025/2026,True,False,OK
fact_team_match_stats,extra_json.defense,context,OPTIONAL,47,EPL,2023/2024,760,0,0.0,0,0,0,380,0.0,,0.0,2020/2021,2025/2026,True,False,OK
fact_team_match_stats,extra_json.defense,context,OPTIONAL,47,EPL,2024/2025,760,0,0.0,0,0,0,380,0.0,,0.0,2020/2021,2025/2026,True,False,OK
fact_team_match_stats,extra_json.defense,context,OPTIONAL,47,EPL,2025/2026,760,0,0.0,0,0,0,380,0.0,,0.0,2020/2021,2025/2026,True,False,OK
fact_team_match_stats,extra_json.defense,context,OPTIONAL,53,Ligue1,2020/2021,760,0,0.0,0,0,0,380,0.0,0.0,,2020/2021,2025/2026,True,False,OK
fact_team_match_stats,extra_json.defense,context,OPTIONAL,53,Ligue1,2021/2022,760,0,0.0,0,0,0,380,0.0,0.0,0.0,2020/2021,2025/2026,True,False,OK
fact_team_match_stats,extra_json.defense,context,OPTIONAL,53,Ligue1,2022/2023,760,0,0.0,0,0,0,380,0.0,0.0,0.0,2020/2021,2025/2026,True,False,OK
fact_team_match_stats,extra_json.defense,context,OPTIONAL,53,Ligue1,2023/2024,612,0,0.0,0,0,0,306,0.0,0.0,0.0,2020/2021,2025/2026,True,False,OK
fact_team_match_stats,extra_json.defense,context,OPTIONAL,53,Ligue1,2024/2025,612,0,0.0,0,0,0,306,0.0,0.0,0.0,2020/2021,2025/2026,True,False,OK
fact_team_match_stats,extra_json.defense,context,OPTIONAL,53,Ligue1,2025/2026,612,0,0.0,0,0,0,306,0.0,0.0,0.0,2020/2021,2025/2026,True,False,OK
fact_team_match_stats,extra_json.defense,context,OPTIONAL,54,Bundesliga,2020/2021,612,0,0.0,0,0,0,306,0.0,0.0,,2020/2021,2025/2026,True,False,OK
fact_team_match_stats,extra_json.defense,context,OPTIONAL,54,Bundesliga,2021/2022,612,0,0.0,0,0,0,306,0.0,0.0,0.0,2020/2021,2025/2026,True,False,OK
fact_team_match_stats,extra_json.defense,context,OPTIONAL,54,Bundesliga,2022/2023,612,0,0.0,0,0,0,306,0.0,0.0,0.0,2020/2021,2025/2026,True,False,OK
fact_team_match_stats,extra_json.defense,context,OPTIONAL,54,Bundesliga,2023/2024,612,0,0.0,0,0,0,306,0.0,0.0,0.0,2020/2021,2025/2026,True,False,OK
fact_team_match_stats,extra_json.defense,context,OPTIONAL,54,Bundesliga,2024/2025,612,0,0.0,0,0,0,306,0.0,0.0,0.0,2020/2021,2025/2026,True,False,OK
fact_team_match_stats,extra_json.defense,context,OPTIONAL,54,Bundesliga,2025/2026,612,0,0.0,0,0,0,306,0.0,0.0,0.0,2020/2021,2025/2026,True,False,OK
fact_team_match_stats,extra_json.defense,context,OPTIONAL,55,SerieA,2020/2021,760,0,0.0,0,0,0,380,0.0,0.0,,2020/2021,2025/2026,True,False,OK
fact_team_match_stats,extra_json.defense,context,OPTIONAL,55,SerieA,2021/2022,760,0,0.0,0,0,0,380,0.0,0.0,0.0,2020/2021,2025/2026,True,False,OK
fact_team_match_stats,extra_json.defense,context,OPTIONAL,55,SerieA,2022/2023,762,0,0.0,0,0,0,381,0.0,0.0,0.0,2020/2021,2025/2026,True,False,OK
fact_team_match_stats,extra_json.defense,context,OPTIONAL,55,SerieA,2023/2024,760,0,0.0,0,0,0,380,0.0,0.0,0.0,2020/2021,2025/2026,True,False,OK
fact_team_match_stats,extra_json.defense,context,OPTIONAL,55,SerieA,2024/2025,760,0,0.0,0,0,0,380,0.0,0.0,0.0,2020/2021,2025/2026,True,False,OK
fact_team_match_stats,extra_json.defense,context,OPTIONAL,55,SerieA,2025/2026,760,0,0.0,0,0,0,380,0.0,0.0,0.0,2020/2021,2025/2026,True,False,OK
fact_team_match_stats,extra_json.defense,context,OPTIONAL,87,LaLiga,2020/2021,760,0,0.0,0,0,0,380,0.0,0.0,,2020/2021,2025/2026,True,False,OK
fact_team_match_stats,extra_json.defense,context,OPTIONAL,87,LaLiga,2021/2022,760,0,0.0,0,0,0,380,0.0,0.0,0.0,2020/2021,2025/2026,True,False,OK
fact_team_match_stats,extra_json.defense,context,OPTIONAL,87,LaLiga,2022/2023,760,0,0.0,0,0,0,380,0.0,0.0,0.0,2020/2021,2025/2026,True,False,OK
fact_team_match_stats,extra_json.defense,context,OPTIONAL,87,LaLiga,2023/2024,760,0,0.0,0,0,0,380,0.0,0.0,0.0,2020/2021,2025/2026,True,False,OK
fact_team_match_stats,extra_json.defense,context,OPTIONAL,87,LaLiga,2024/2025,760,0,0.0,0,0,0,380,0.0,0.0,0.0,2020/2021,2025/2026,True,False,OK
fact_team_match_stats,extra_json.defense,context,OPTIONAL,87,LaLiga,2025/2026,760,0,0.0,0,0,0,380,0.0,0.0,0.0,2020/2021,2025/2026,True,False,OK
fact_team_match_stats,extra_json.discipline,context,OPTIONAL,47,EPL,2020/2021,760,0,0.0,0,0,0,380,0.0,,,2020/2021,2025/2026,True,False,OK
fact_team_match_stats,extra_json.discipline,context,OPTIONAL,47,EPL,2021/2022,760,0,0.0,0,0,0,380,0.0,,0.0,2020/2021,2025/2026,True,False,OK
fact_team_match_stats,extra_json.discipline,context,OPTIONAL,47,EPL,2022/2023,760,0,0.0,0,0,0,380,0.0,,0.0,2020/2021,2025/2026,True,False,OK
fact_team_match_stats,extra_json.discipline,context,OPTIONAL,47,EPL,2023/2024,760,0,0.0,0,0,0,380,0.0,,0.0,2020/2021,2025/2026,True,False,OK
fact_team_match_stats,extra_json.discipline,context,OPTIONAL,47,EPL,2024/2025,760,0,0.0,0,0,0,380,0.0,,0.0,2020/2021,2025/2026,True,False,OK
fact_team_match_stats,extra_json.discipline,context,OPTIONAL,47,EPL,2025/2026,760,0,0.0,0,0,0,380,0.0,,0.0,2020/2021,2025/2026,True,False,OK
fact_team_match_stats,extra_json.discipline,context,OPTIONAL,53,Ligue1,2020/2021,760,0,0.0,0,0,0,380,0.0,0.0,,2020/2021,2025/2026,True,False,OK
fact_team_match_stats,extra_json.discipline,context,OPTIONAL,53,Ligue1,2021/2022,760,0,0.0,0,0,0,380,0.0,0.0,0.0,2020/2021,2025/2026,True,False,OK
fact_team_match_stats,extra_json.discipline,context,OPTIONAL,53,Ligue1,2022/2023,760,0,0.0,0,0,0,380,0.0,0.0,0.0,2020/2021,2025/2026,True,False,OK
fact_team_match_stats,extra_json.discipline,context,OPTIONAL,53,Ligue1,2023/2024,612,0,0.0,0,0,0,306,0.0,0.0,0.0,2020/2021,2025/2026,True,False,OK
fact_team_match_stats,extra_json.discipline,context,OPTIONAL,53,Ligue1,2024/2025,612,0,0.0,0,0,0,306,0.0,0.0,0.0,2020/2021,2025/2026,True,False,OK
fact_team_match_stats,extra_json.discipline,context,OPTIONAL,53,Ligue1,2025/2026,612,0,0.0,0,0,0,306,0.0,0.0,0.0,2020/2021,2025/2026,True,False,OK
fact_team_match_stats,extra_json.discipline,context,OPTIONAL,54,Bundesliga,2020/2021,612,0,0.0,0,0,0,306,0.0,0.0,,2020/2021,2025/2026,True,False,OK
fact_team_match_stats,extra_json.discipline,context,OPTIONAL,54,Bundesliga,2021/2022,612,0,0.0,0,0,0,306,0.0,0.0,0.0,2020/2021,2025/2026,True,False,OK
fact_team_match_stats,extra_json.discipline,context,OPTIONAL,54,Bundesliga,2022/2023,612,0,0.0,0,0,0,306,0.0,0.0,0.0,2020/2021,2025/2026,True,False,OK
fact_team_match_stats,extra_json.discipline,context,OPTIONAL,54,Bundesliga,2023/2024,612,0,0.0,0,0,0,306,0.0,0.0,0.0,2020/2021,2025/2026,True,False,OK
fact_team_match_stats,extra_json.discipline,context,OPTIONAL,54,Bundesliga,2024/2025,612,0,0.0,0,0,0,306,0.0,0.0,0.0,2020/2021,2025/2026,True,False,OK
fact_team_match_stats,extra_json.discipline,context,OPTIONAL,54,Bundesliga,2025/2026,612,0,0.0,0,0,0,306,0.0,0.0,0.0,2020/2021,2025/2026,True,False,OK
fact_team_match_stats,extra_json.discipline,context,OPTIONAL,55,SerieA,2020/2021,760,0,0.0,0,0,0,380,0.0,0.0,,2020/2021,2025/2026,True,False,OK
fact_team_match_stats,extra_json.discipline,context,OPTIONAL,55,SerieA,2021/2022,760,0,0.0,0,0,0,380,0.0,0.0,0.0,2020/2021,2025/2026,True,False,OK
fact_team_match_stats,extra_json.discipline,context,OPTIONAL,55,SerieA,2022/2023,762,0,0.0,0,0,0,381,0.0,0.0,0.0,2020/2021,2025/2026,True,False,OK
fact_team_match_stats,extra_json.discipline,context,OPTIONAL,55,SerieA,2023/2024,760,0,0.0,0,0,0,380,0.0,0.0,0.0,2020/2021,2025/2026,True,False,OK
fact_team_match_stats,extra_json.discipline,context,OPTIONAL,55,SerieA,2024/2025,760,0,0.0,0,0,0,380,0.0,0.0,0.0,2020/2021,2025/2026,True,False,OK
fact_team_match_stats,extra_json.discipline,context,OPTIONAL,55,SerieA,2025/2026,760,0,0.0,0,0,0,380,0.0,0.0,0.0,2020/2021,2025/2026,True,False,OK
fact_team_match_stats,extra_json.discipline,context,OPTIONAL,87,LaLiga,2020/2021,760,0,0.0,0,0,0,380,0.0,0.0,,2020/2021,2025/2026,True,False,OK
fact_team_match_stats,extra_json.discipline,context,OPTIONAL,87,LaLiga,2021/2022,760,0,0.0,0,0,0,380,0.0,0.0,0.0,2020/2021,2025/2026,True,False,OK
fact_team_match_stats,extra_json.discipline,context,OPTIONAL,87,LaLiga,2022/2023,760,0,0.0,0,0,0,380,0.0,0.0,0.0,2020/2021,2025/2026,True,False,OK
fact_team_match_stats,extra_json.discipline,context,OPTIONAL,87,LaLiga,2023/2024,760,0,0.0,0,0,0,380,0.0,0.0,0.0,2020/2021,2025/2026,True,False,OK
fact_team_match_stats,extra_json.discipline,context,OPTIONAL,87,LaLiga,2024/2025,760,0,0.0,0,0,0,380,0.0,0.0,0.0,2020/2021,2025/2026,True,False,OK
fact_team_match_stats,extra_json.discipline,context,OPTIONAL,87,LaLiga,2025/2026,760,0,0.0,0,0,0,380,0.0,0.0,0.0,2020/2021,2025/2026,True,False,OK
fact_team_match_stats,extra_json.dribbles_succeeded,context,OPTIONAL,47,EPL,2020/2021,760,760,100.0,0,1,380,380,100.0,,,2020/2021,2025/2026,False,False,OK
fact_team_match_stats,extra_json.dribbles_succeeded,context,OPTIONAL,47,EPL,2021/2022,760,760,100.0,0,2,380,380,100.0,,0.0,2020/2021,2025/2026,False,False,OK
fact_team_match_stats,extra_json.dribbles_succeeded,context,OPTIONAL,47,EPL,2022/2023,760,760,100.0,0,6,380,380,100.0,,0.0,2020/2021,2025/2026,False,False,OK
fact_team_match_stats,extra_json.dribbles_succeeded,context,OPTIONAL,47,EPL,2023/2024,760,760,100.0,0,3,380,380,100.0,,0.0,2020/2021,2025/2026,False,False,OK
fact_team_match_stats,extra_json.dribbles_succeeded,context,OPTIONAL,47,EPL,2024/2025,760,760,100.0,0,1,380,380,100.0,,0.0,2020/2021,2025/2026,False,False,OK
fact_team_match_stats,extra_json.dribbles_succeeded,context,OPTIONAL,47,EPL,2025/2026,760,760,100.0,0,3,380,380,100.0,,0.0,2020/2021,2025/2026,False,False,OK
fact_team_match_stats,extra_json.dribbles_succeeded,context,OPTIONAL,53,Ligue1,2020/2021,760,760,100.0,0,1,380,380,100.0,0.0,,2020/2021,2025/2026,False,False,OK
fact_team_match_stats,extra_json.dribbles_succeeded,context,OPTIONAL,53,Ligue1,2021/2022,760,760,100.0,0,0,380,380,100.0,0.0,0.0,2020/2021,2025/2026,False,False,OK
fact_team_match_stats,extra_json.dribbles_succeeded,context,OPTIONAL,53,Ligue1,2022/2023,760,760,100.0,0,1,380,380,100.0,0.0,0.0,2020/2021,2025/2026,False,False,OK
fact_team_match_stats,extra_json.dribbles_succeeded,context,OPTIONAL,53,Ligue1,2023/2024,612,612,100.0,0,1,306,306,100.0,0.0,0.0,2020/2021,2025/2026,False,False,OK
fact_team_match_stats,extra_json.dribbles_succeeded,context,OPTIONAL,53,Ligue1,2024/2025,612,612,100.0,0,0,306,306,100.0,0.0,0.0,2020/2021,2025/2026,False,False,OK
fact_team_match_stats,extra_json.dribbles_succeeded,context,OPTIONAL,53,Ligue1,2025/2026,612,612,100.0,0,2,306,306,100.0,0.0,0.0,2020/2021,2025/2026,False,False,OK
fact_team_match_stats,extra_json.dribbles_succeeded,context,OPTIONAL,54,Bundesliga,2020/2021,612,612,100.0,0,1,306,306,100.0,0.0,,2020/2021,2025/2026,False,False,OK
fact_team_match_stats,extra_json.dribbles_succeeded,context,OPTIONAL,54,Bundesliga,2021/2022,612,612,100.0,0,0,306,306,100.0,0.0,0.0,2020/2021,2025/2026,False,False,OK
fact_team_match_stats,extra_json.dribbles_succeeded,context,OPTIONAL,54,Bundesliga,2022/2023,612,612,100.0,0,3,306,306,100.0,0.0,0.0,2020/2021,2025/2026,False,False,OK
fact_team_match_stats,extra_json.dribbles_succeeded,context,OPTIONAL,54,Bundesliga,2023/2024,612,612,100.0,0,6,306,306,100.0,0.0,0.0,2020/2021,2025/2026,False,False,OK
fact_team_match_stats,extra_json.dribbles_succeeded,context,OPTIONAL,54,Bundesliga,2024/2025,612,612,100.0,0,3,306,306,100.0,0.0,0.0,2020/2021,2025/2026,False,False,OK
fact_team_match_stats,extra_json.dribbles_succeeded,context,OPTIONAL,54,Bundesliga,2025/2026,612,612,100.0,0,2,306,306,100.0,0.0,0.0,2020/2021,2025/2026,False,False,OK
fact_team_match_stats,extra_json.dribbles_succeeded,context,OPTIONAL,55,SerieA,2020/2021,760,758,99.7368,0,0,379,380,99.7368,-0.2632,,2020/2021,2025/2026,False,False,OK
fact_team_match_stats,extra_json.dribbles_succeeded,context,OPTIONAL,55,SerieA,2021/2022,760,760,100.0,0,4,380,380,100.0,0.0,0.2632,2020/2021,2025/2026,False,False,OK
fact_team_match_stats,extra_json.dribbles_succeeded,context,OPTIONAL,55,SerieA,2022/2023,762,762,100.0,0,5,381,381,100.0,0.0,0.0,2020/2021,2025/2026,False,False,OK
fact_team_match_stats,extra_json.dribbles_succeeded,context,OPTIONAL,55,SerieA,2023/2024,760,760,100.0,0,4,380,380,100.0,0.0,0.0,2020/2021,2025/2026,False,False,OK
fact_team_match_stats,extra_json.dribbles_succeeded,context,OPTIONAL,55,SerieA,2024/2025,760,760,100.0,0,3,380,380,100.0,0.0,0.0,2020/2021,2025/2026,False,False,OK
fact_team_match_stats,extra_json.dribbles_succeeded,context,OPTIONAL,55,SerieA,2025/2026,760,760,100.0,0,6,380,380,100.0,0.0,0.0,2020/2021,2025/2026,False,False,OK
fact_team_match_stats,extra_json.dribbles_succeeded,context,OPTIONAL,87,LaLiga,2020/2021,760,760,100.0,0,3,380,380,100.0,0.0,,2020/2021,2025/2026,False,False,OK
fact_team_match_stats,extra_json.dribbles_succeeded,context,OPTIONAL,87,LaLiga,2021/2022,760,760,100.0,0,2,380,380,100.0,0.0,0.0,2020/2021,2025/2026,False,False,OK
fact_team_match_stats,extra_json.dribbles_succeeded,context,OPTIONAL,87,LaLiga,2022/2023,760,760,100.0,0,4,380,380,100.0,0.0,0.0,2020/2021,2025/2026,False,False,OK
fact_team_match_stats,extra_json.dribbles_succeeded,context,OPTIONAL,87,LaLiga,2023/2024,760,758,99.7368,0,0,379,380,99.7368,-0.2632,-0.2632,2020/2021,2025/2026,False,False,OK
fact_team_match_stats,extra_json.dribbles_succeeded,context,OPTIONAL,87,LaLiga,2024/2025,760,760,100.0,0,3,380,380,100.0,0.0,0.2632,2020/2021,2025/2026,False,False,OK
fact_team_match_stats,extra_json.dribbles_succeeded,context,OPTIONAL,87,LaLiga,2025/2026,760,760,100.0,0,0,380,380,100.0,0.0,0.0,2020/2021,2025/2026,False,False,OK
fact_team_match_stats,extra_json.duel_won,context,OPTIONAL,47,EPL,2020/2021,760,760,100.0,0,0,380,380,100.0,,,2020/2021,2025/2026,False,False,OK
fact_team_match_stats,extra_json.duel_won,context,OPTIONAL,47,EPL,2021/2022,760,760,100.0,0,0,380,380,100.0,,0.0,2020/2021,2025/2026,False,False,OK
fact_team_match_stats,extra_json.duel_won,context,OPTIONAL,47,EPL,2022/2023,760,760,100.0,0,0,380,380,100.0,,0.0,2020/2021,2025/2026,False,False,OK
fact_team_match_stats,extra_json.duel_won,context,OPTIONAL,47,EPL,2023/2024,760,760,100.0,0,0,380,380,100.0,,0.0,2020/2021,2025/2026,False,False,OK
fact_team_match_stats,extra_json.duel_won,context,OPTIONAL,47,EPL,2024/2025,760,760,100.0,0,0,380,380,100.0,,0.0,2020/2021,2025/2026,False,False,OK
fact_team_match_stats,extra_json.duel_won,context,OPTIONAL,47,EPL,2025/2026,760,760,100.0,0,0,380,380,100.0,,0.0,2020/2021,2025/2026,False,False,OK
fact_team_match_stats,extra_json.duel_won,context,OPTIONAL,53,Ligue1,2020/2021,760,760,100.0,0,0,380,380,100.0,0.0,,2020/2021,2025/2026,False,False,OK
fact_team_match_stats,extra_json.duel_won,context,OPTIONAL,53,Ligue1,2021/2022,760,760,100.0,0,0,380,380,100.0,0.0,0.0,2020/2021,2025/2026,False,False,OK
fact_team_match_stats,extra_json.duel_won,context,OPTIONAL,53,Ligue1,2022/2023,760,760,100.0,0,0,380,380,100.0,0.0,0.0,2020/2021,2025/2026,False,False,OK
fact_team_match_stats,extra_json.duel_won,context,OPTIONAL,53,Ligue1,2023/2024,612,612,100.0,0,0,306,306,100.0,0.0,0.0,2020/2021,2025/2026,False,False,OK
fact_team_match_stats,extra_json.duel_won,context,OPTIONAL,53,Ligue1,2024/2025,612,612,100.0,0,0,306,306,100.0,0.0,0.0,2020/2021,2025/2026,False,False,OK
fact_team_match_stats,extra_json.duel_won,context,OPTIONAL,53,Ligue1,2025/2026,612,612,100.0,0,0,306,306,100.0,0.0,0.0,2020/2021,2025/2026,False,False,OK
fact_team_match_stats,extra_json.duel_won,context,OPTIONAL,54,Bundesliga,2020/2021,612,612,100.0,0,0,306,306,100.0,0.0,,2020/2021,2025/2026,False,False,OK
fact_team_match_stats,extra_json.duel_won,context,OPTIONAL,54,Bundesliga,2021/2022,612,612,100.0,0,0,306,306,100.0,0.0,0.0,2020/2021,2025/2026,False,False,OK
fact_team_match_stats,extra_json.duel_won,context,OPTIONAL,54,Bundesliga,2022/2023,612,612,100.0,0,0,306,306,100.0,0.0,0.0,2020/2021,2025/2026,False,False,OK
fact_team_match_stats,extra_json.duel_won,context,OPTIONAL,54,Bundesliga,2023/2024,612,612,100.0,0,0,306,306,100.0,0.0,0.0,2020/2021,2025/2026,False,False,OK
fact_team_match_stats,extra_json.duel_won,context,OPTIONAL,54,Bundesliga,2024/2025,612,612,100.0,0,0,306,306,100.0,0.0,0.0,2020/2021,2025/2026,False,False,OK
fact_team_match_stats,extra_json.duel_won,context,OPTIONAL,54,Bundesliga,2025/2026,612,612,100.0,0,0,306,306,100.0,0.0,0.0,2020/2021,2025/2026,False,False,OK
fact_team_match_stats,extra_json.duel_won,context,OPTIONAL,55,SerieA,2020/2021,760,758,99.7368,0,0,379,380,99.7368,-0.2632,,2020/2021,2025/2026,False,False,OK
fact_team_match_stats,extra_json.duel_won,context,OPTIONAL,55,SerieA,2021/2022,760,760,100.0,0,0,380,380,100.0,0.0,0.2632,2020/2021,2025/2026,False,False,OK
fact_team_match_stats,extra_json.duel_won,context,OPTIONAL,55,SerieA,2022/2023,762,762,100.0,0,0,381,381,100.0,0.0,0.0,2020/2021,2025/2026,False,False,OK
fact_team_match_stats,extra_json.duel_won,context,OPTIONAL,55,SerieA,2023/2024,760,760,100.0,0,0,380,380,100.0,0.0,0.0,2020/2021,2025/2026,False,False,OK
fact_team_match_stats,extra_json.duel_won,context,OPTIONAL,55,SerieA,2024/2025,760,760,100.0,0,0,380,380,100.0,0.0,0.0,2020/2021,2025/2026,False,False,OK
fact_team_match_stats,extra_json.duel_won,context,OPTIONAL,55,SerieA,2025/2026,760,760,100.0,0,0,380,380,100.0,0.0,0.0,2020/2021,2025/2026,False,False,OK
fact_team_match_stats,extra_json.duel_won,context,OPTIONAL,87,LaLiga,2020/2021,760,760,100.0,0,0,380,380,100.0,0.0,,2020/2021,2025/2026,False,False,OK
fact_team_match_stats,extra_json.duel_won,context,OPTIONAL,87,LaLiga,2021/2022,760,760,100.0,0,0,380,380,100.0,0.0,0.0,2020/2021,2025/2026,False,False,OK
fact_team_match_stats,extra_json.duel_won,context,OPTIONAL,87,LaLiga,2022/2023,760,760,100.0,0,0,380,380,100.0,0.0,0.0,2020/2021,2025/2026,False,False,OK
fact_team_match_stats,extra_json.duel_won,context,OPTIONAL,87,LaLiga,2023/2024,760,758,99.7368,0,0,379,380,99.7368,-0.2632,-0.2632,2020/2021,2025/2026,False,False,OK
fact_team_match_stats,extra_json.duel_won,context,OPTIONAL,87,LaLiga,2024/2025,760,760,100.0,0,0,380,380,100.0,0.0,0.2632,2020/2021,2025/2026,False,False,OK
fact_team_match_stats,extra_json.duel_won,context,OPTIONAL,87,LaLiga,2025/2026,760,760,100.0,0,0,380,380,100.0,0.0,0.0,2020/2021,2025/2026,False,False,OK
fact_team_match_stats,extra_json.duels,context,OPTIONAL,47,EPL,2020/2021,760,0,0.0,0,0,0,380,0.0,,,2020/2021,2025/2026,True,False,OK
fact_team_match_stats,extra_json.duels,context,OPTIONAL,47,EPL,2021/2022,760,0,0.0,0,0,0,380,0.0,,0.0,2020/2021,2025/2026,True,False,OK
fact_team_match_stats,extra_json.duels,context,OPTIONAL,47,EPL,2022/2023,760,0,0.0,0,0,0,380,0.0,,0.0,2020/2021,2025/2026,True,False,OK
fact_team_match_stats,extra_json.duels,context,OPTIONAL,47,EPL,2023/2024,760,0,0.0,0,0,0,380,0.0,,0.0,2020/2021,2025/2026,True,False,OK
fact_team_match_stats,extra_json.duels,context,OPTIONAL,47,EPL,2024/2025,760,0,0.0,0,0,0,380,0.0,,0.0,2020/2021,2025/2026,True,False,OK
fact_team_match_stats,extra_json.duels,context,OPTIONAL,47,EPL,2025/2026,760,0,0.0,0,0,0,380,0.0,,0.0,2020/2021,2025/2026,True,False,OK
fact_team_match_stats,extra_json.duels,context,OPTIONAL,53,Ligue1,2020/2021,760,0,0.0,0,0,0,380,0.0,0.0,,2020/2021,2025/2026,True,False,OK
fact_team_match_stats,extra_json.duels,context,OPTIONAL,53,Ligue1,2021/2022,760,0,0.0,0,0,0,380,0.0,0.0,0.0,2020/2021,2025/2026,True,False,OK
fact_team_match_stats,extra_json.duels,context,OPTIONAL,53,Ligue1,2022/2023,760,0,0.0,0,0,0,380,0.0,0.0,0.0,2020/2021,2025/2026,True,False,OK
fact_team_match_stats,extra_json.duels,context,OPTIONAL,53,Ligue1,2023/2024,612,0,0.0,0,0,0,306,0.0,0.0,0.0,2020/2021,2025/2026,True,False,OK
fact_team_match_stats,extra_json.duels,context,OPTIONAL,53,Ligue1,2024/2025,612,0,0.0,0,0,0,306,0.0,0.0,0.0,2020/2021,2025/2026,True,False,OK
fact_team_match_stats,extra_json.duels,context,OPTIONAL,53,Ligue1,2025/2026,612,0,0.0,0,0,0,306,0.0,0.0,0.0,2020/2021,2025/2026,True,False,OK
fact_team_match_stats,extra_json.duels,context,OPTIONAL,54,Bundesliga,2020/2021,612,0,0.0,0,0,0,306,0.0,0.0,,2020/2021,2025/2026,True,False,OK
fact_team_match_stats,extra_json.duels,context,OPTIONAL,54,Bundesliga,2021/2022,612,0,0.0,0,0,0,306,0.0,0.0,0.0,2020/2021,2025/2026,True,False,OK
fact_team_match_stats,extra_json.duels,context,OPTIONAL,54,Bundesliga,2022/2023,612,0,0.0,0,0,0,306,0.0,0.0,0.0,2020/2021,2025/2026,True,False,OK
fact_team_match_stats,extra_json.duels,context,OPTIONAL,54,Bundesliga,2023/2024,612,0,0.0,0,0,0,306,0.0,0.0,0.0,2020/2021,2025/2026,True,False,OK
fact_team_match_stats,extra_json.duels,context,OPTIONAL,54,Bundesliga,2024/2025,612,0,0.0,0,0,0,306,0.0,0.0,0.0,2020/2021,2025/2026,True,False,OK
fact_team_match_stats,extra_json.duels,context,OPTIONAL,54,Bundesliga,2025/2026,612,0,0.0,0,0,0,306,0.0,0.0,0.0,2020/2021,2025/2026,True,False,OK
fact_team_match_stats,extra_json.duels,context,OPTIONAL,55,SerieA,2020/2021,760,0,0.0,0,0,0,380,0.0,0.0,,2020/2021,2025/2026,True,False,OK
fact_team_match_stats,extra_json.duels,context,OPTIONAL,55,SerieA,2021/2022,760,0,0.0,0,0,0,380,0.0,0.0,0.0,2020/2021,2025/2026,True,False,OK
fact_team_match_stats,extra_json.duels,context,OPTIONAL,55,SerieA,2022/2023,762,0,0.0,0,0,0,381,0.0,0.0,0.0,2020/2021,2025/2026,True,False,OK
fact_team_match_stats,extra_json.duels,context,OPTIONAL,55,SerieA,2023/2024,760,0,0.0,0,0,0,380,0.0,0.0,0.0,2020/2021,2025/2026,True,False,OK
fact_team_match_stats,extra_json.duels,context,OPTIONAL,55,SerieA,2024/2025,760,0,0.0,0,0,0,380,0.0,0.0,0.0,2020/2021,2025/2026,True,False,OK
fact_team_match_stats,extra_json.duels,context,OPTIONAL,55,SerieA,2025/2026,760,0,0.0,0,0,0,380,0.0,0.0,0.0,2020/2021,2025/2026,True,False,OK
fact_team_match_stats,extra_json.duels,context,OPTIONAL,87,LaLiga,2020/2021,760,0,0.0,0,0,0,380,0.0,0.0,,2020/2021,2025/2026,True,False,OK
fact_team_match_stats,extra_json.duels,context,OPTIONAL,87,LaLiga,2021/2022,760,0,0.0,0,0,0,380,0.0,0.0,0.0,2020/2021,2025/2026,True,False,OK
fact_team_match_stats,extra_json.duels,context,OPTIONAL,87,LaLiga,2022/2023,760,0,0.0,0,0,0,380,0.0,0.0,0.0,2020/2021,2025/2026,True,False,OK
fact_team_match_stats,extra_json.duels,context,OPTIONAL,87,LaLiga,2023/2024,760,0,0.0,0,0,0,380,0.0,0.0,0.0,2020/2021,2025/2026,True,False,OK
fact_team_match_stats,extra_json.duels,context,OPTIONAL,87,LaLiga,2024/2025,760,0,0.0,0,0,0,380,0.0,0.0,0.0,2020/2021,2025/2026,True,False,OK
fact_team_match_stats,extra_json.duels,context,OPTIONAL,87,LaLiga,2025/2026,760,0,0.0,0,0,0,380,0.0,0.0,0.0,2020/2021,2025/2026,True,False,OK
fact_team_match_stats,extra_json.expected_goals,shot_xg,REQUIRED,47,EPL,2020/2021,760,760,100.0,0,0,380,380,100.0,,,2020/2021,2025/2026,False,False,OK
fact_team_match_stats,extra_json.expected_goals,shot_xg,REQUIRED,47,EPL,2021/2022,760,760,100.0,0,0,380,380,100.0,,0.0,2020/2021,2025/2026,False,False,OK
fact_team_match_stats,extra_json.expected_goals,shot_xg,REQUIRED,47,EPL,2022/2023,760,760,100.0,0,0,380,380,100.0,,0.0,2020/2021,2025/2026,False,False,OK
fact_team_match_stats,extra_json.expected_goals,shot_xg,REQUIRED,47,EPL,2023/2024,760,760,100.0,0,0,380,380,100.0,,0.0,2020/2021,2025/2026,False,False,OK
fact_team_match_stats,extra_json.expected_goals,shot_xg,REQUIRED,47,EPL,2024/2025,760,760,100.0,0,0,380,380,100.0,,0.0,2020/2021,2025/2026,False,False,OK
fact_team_match_stats,extra_json.expected_goals,shot_xg,REQUIRED,47,EPL,2025/2026,760,760,100.0,0,0,380,380,100.0,,0.0,2020/2021,2025/2026,False,False,OK
fact_team_match_stats,extra_json.expected_goals,shot_xg,REQUIRED,53,Ligue1,2020/2021,760,758,99.7368,0,1,379,380,99.7368,-0.2632,,2020/2021,2025/2026,False,False,OK
fact_team_match_stats,extra_json.expected_goals,shot_xg,REQUIRED,53,Ligue1,2021/2022,760,760,100.0,0,0,380,380,100.0,0.0,0.2632,2020/2021,2025/2026,False,False,OK
fact_team_match_stats,extra_json.expected_goals,shot_xg,REQUIRED,53,Ligue1,2022/2023,760,760,100.0,0,0,380,380,100.0,0.0,0.0,2020/2021,2025/2026,False,False,OK
fact_team_match_stats,extra_json.expected_goals,shot_xg,REQUIRED,53,Ligue1,2023/2024,612,612,100.0,0,0,306,306,100.0,0.0,0.0,2020/2021,2025/2026,False,False,OK
fact_team_match_stats,extra_json.expected_goals,shot_xg,REQUIRED,53,Ligue1,2024/2025,612,612,100.0,0,0,306,306,100.0,0.0,0.0,2020/2021,2025/2026,False,False,OK
fact_team_match_stats,extra_json.expected_goals,shot_xg,REQUIRED,53,Ligue1,2025/2026,612,612,100.0,0,0,306,306,100.0,0.0,0.0,2020/2021,2025/2026,False,False,OK
fact_team_match_stats,extra_json.expected_goals,shot_xg,REQUIRED,54,Bundesliga,2020/2021,612,612,100.0,0,1,306,306,100.0,0.0,,2020/2021,2025/2026,False,False,OK
fact_team_match_stats,extra_json.expected_goals,shot_xg,REQUIRED,54,Bundesliga,2021/2022,612,612,100.0,0,0,306,306,100.0,0.0,0.0,2020/2021,2025/2026,False,False,OK
fact_team_match_stats,extra_json.expected_goals,shot_xg,REQUIRED,54,Bundesliga,2022/2023,612,612,100.0,0,0,306,306,100.0,0.0,0.0,2020/2021,2025/2026,False,False,OK
fact_team_match_stats,extra_json.expected_goals,shot_xg,REQUIRED,54,Bundesliga,2023/2024,612,612,100.0,0,0,306,306,100.0,0.0,0.0,2020/2021,2025/2026,False,False,OK
fact_team_match_stats,extra_json.expected_goals,shot_xg,REQUIRED,54,Bundesliga,2024/2025,612,612,100.0,0,1,306,306,100.0,0.0,0.0,2020/2021,2025/2026,False,False,OK
fact_team_match_stats,extra_json.expected_goals,shot_xg,REQUIRED,54,Bundesliga,2025/2026,612,612,100.0,0,0,306,306,100.0,0.0,0.0,2020/2021,2025/2026,False,False,OK
fact_team_match_stats,extra_json.expected_goals,shot_xg,REQUIRED,55,SerieA,2020/2021,760,758,99.7368,0,2,379,380,99.7368,-0.2632,,2020/2021,2025/2026,False,False,OK
fact_team_match_stats,extra_json.expected_goals,shot_xg,REQUIRED,55,SerieA,2021/2022,760,760,100.0,0,1,380,380,100.0,0.0,0.2632,2020/2021,2025/2026,False,False,OK
fact_team_match_stats,extra_json.expected_goals,shot_xg,REQUIRED,55,SerieA,2022/2023,762,762,100.0,0,0,381,381,100.0,0.0,0.0,2020/2021,2025/2026,False,False,OK
fact_team_match_stats,extra_json.expected_goals,shot_xg,REQUIRED,55,SerieA,2023/2024,760,760,100.0,0,0,380,380,100.0,0.0,0.0,2020/2021,2025/2026,False,False,OK
fact_team_match_stats,extra_json.expected_goals,shot_xg,REQUIRED,55,SerieA,2024/2025,760,760,100.0,0,0,380,380,100.0,0.0,0.0,2020/2021,2025/2026,False,False,OK
fact_team_match_stats,extra_json.expected_goals,shot_xg,REQUIRED,55,SerieA,2025/2026,760,760,100.0,0,1,380,380,100.0,0.0,0.0,2020/2021,2025/2026,False,False,OK
fact_team_match_stats,extra_json.expected_goals,shot_xg,REQUIRED,87,LaLiga,2020/2021,760,760,100.0,0,1,380,380,100.0,0.0,,2020/2021,2025/2026,False,False,OK
fact_team_match_stats,extra_json.expected_goals,shot_xg,REQUIRED,87,LaLiga,2021/2022,760,760,100.0,0,0,380,380,100.0,0.0,0.0,2020/2021,2025/2026,False,False,OK
fact_team_match_stats,extra_json.expected_goals,shot_xg,REQUIRED,87,LaLiga,2022/2023,760,760,100.0,0,0,380,380,100.0,0.0,0.0,2020/2021,2025/2026,False,False,OK
fact_team_match_stats,extra_json.expected_goals,shot_xg,REQUIRED,87,LaLiga,2023/2024,760,758,99.7368,0,0,379,380,99.7368,-0.2632,-0.2632,2020/2021,2025/2026,False,False,OK
fact_team_match_stats,extra_json.expected_goals,shot_xg,REQUIRED,87,LaLiga,2024/2025,760,760,100.0,0,1,380,380,100.0,0.0,0.2632,2020/2021,2025/2026,False,False,OK
fact_team_match_stats,extra_json.expected_goals,shot_xg,REQUIRED,87,LaLiga,2025/2026,760,760,100.0,0,0,380,380,100.0,0.0,0.0,2020/2021,2025/2026,False,False,OK
fact_team_match_stats,extra_json.expected_goals_non_penalty,shot_xg,REQUIRED,47,EPL,2020/2021,760,760,100.0,0,1,380,380,100.0,,,2020/2021,2025/2026,False,False,OK
fact_team_match_stats,extra_json.expected_goals_non_penalty,shot_xg,REQUIRED,47,EPL,2021/2022,760,760,100.0,0,0,380,380,100.0,,0.0,2020/2021,2025/2026,False,False,OK
fact_team_match_stats,extra_json.expected_goals_non_penalty,shot_xg,REQUIRED,47,EPL,2022/2023,760,760,100.0,0,0,380,380,100.0,,0.0,2020/2021,2025/2026,False,False,OK
fact_team_match_stats,extra_json.expected_goals_non_penalty,shot_xg,REQUIRED,47,EPL,2023/2024,760,760,100.0,0,0,380,380,100.0,,0.0,2020/2021,2025/2026,False,False,OK
fact_team_match_stats,extra_json.expected_goals_non_penalty,shot_xg,REQUIRED,47,EPL,2024/2025,760,760,100.0,0,0,380,380,100.0,,0.0,2020/2021,2025/2026,False,False,OK
fact_team_match_stats,extra_json.expected_goals_non_penalty,shot_xg,REQUIRED,47,EPL,2025/2026,760,760,100.0,0,0,380,380,100.0,,0.0,2020/2021,2025/2026,False,False,OK
fact_team_match_stats,extra_json.expected_goals_non_penalty,shot_xg,REQUIRED,53,Ligue1,2020/2021,760,758,99.7368,0,1,379,380,99.7368,-0.2632,,2020/2021,2025/2026,False,False,OK
fact_team_match_stats,extra_json.expected_goals_non_penalty,shot_xg,REQUIRED,53,Ligue1,2021/2022,760,760,100.0,0,0,380,380,100.0,0.0,0.2632,2020/2021,2025/2026,False,False,OK
fact_team_match_stats,extra_json.expected_goals_non_penalty,shot_xg,REQUIRED,53,Ligue1,2022/2023,760,760,100.0,0,0,380,380,100.0,0.0,0.0,2020/2021,2025/2026,False,False,OK
fact_team_match_stats,extra_json.expected_goals_non_penalty,shot_xg,REQUIRED,53,Ligue1,2023/2024,612,612,100.0,0,0,306,306,100.0,0.0,0.0,2020/2021,2025/2026,False,False,OK
fact_team_match_stats,extra_json.expected_goals_non_penalty,shot_xg,REQUIRED,53,Ligue1,2024/2025,612,612,100.0,0,0,306,306,100.0,0.0,0.0,2020/2021,2025/2026,False,False,OK
fact_team_match_stats,extra_json.expected_goals_non_penalty,shot_xg,REQUIRED,53,Ligue1,2025/2026,612,612,100.0,0,0,306,306,100.0,0.0,0.0,2020/2021,2025/2026,False,False,OK
fact_team_match_stats,extra_json.expected_goals_non_penalty,shot_xg,REQUIRED,54,Bundesliga,2020/2021,612,612,100.0,0,1,306,306,100.0,0.0,,2020/2021,2025/2026,False,False,OK
fact_team_match_stats,extra_json.expected_goals_non_penalty,shot_xg,REQUIRED,54,Bundesliga,2021/2022,612,612,100.0,0,0,306,306,100.0,0.0,0.0,2020/2021,2025/2026,False,False,OK
fact_team_match_stats,extra_json.expected_goals_non_penalty,shot_xg,REQUIRED,54,Bundesliga,2022/2023,612,612,100.0,0,0,306,306,100.0,0.0,0.0,2020/2021,2025/2026,False,False,OK
fact_team_match_stats,extra_json.expected_goals_non_penalty,shot_xg,REQUIRED,54,Bundesliga,2023/2024,612,612,100.0,0,0,306,306,100.0,0.0,0.0,2020/2021,2025/2026,False,False,OK
fact_team_match_stats,extra_json.expected_goals_non_penalty,shot_xg,REQUIRED,54,Bundesliga,2024/2025,612,612,100.0,0,1,306,306,100.0,0.0,0.0,2020/2021,2025/2026,False,False,OK
fact_team_match_stats,extra_json.expected_goals_non_penalty,shot_xg,REQUIRED,54,Bundesliga,2025/2026,612,612,100.0,0,1,306,306,100.0,0.0,0.0,2020/2021,2025/2026,False,False,OK
fact_team_match_stats,extra_json.expected_goals_non_penalty,shot_xg,REQUIRED,55,SerieA,2020/2021,760,758,99.7368,0,2,379,380,99.7368,-0.2632,,2020/2021,2025/2026,False,False,OK
fact_team_match_stats,extra_json.expected_goals_non_penalty,shot_xg,REQUIRED,55,SerieA,2021/2022,760,760,100.0,0,1,380,380,100.0,0.0,0.2632,2020/2021,2025/2026,False,False,OK
fact_team_match_stats,extra_json.expected_goals_non_penalty,shot_xg,REQUIRED,55,SerieA,2022/2023,762,762,100.0,0,0,381,381,100.0,0.0,0.0,2020/2021,2025/2026,False,False,OK
fact_team_match_stats,extra_json.expected_goals_non_penalty,shot_xg,REQUIRED,55,SerieA,2023/2024,760,760,100.0,0,0,380,380,100.0,0.0,0.0,2020/2021,2025/2026,False,False,OK
fact_team_match_stats,extra_json.expected_goals_non_penalty,shot_xg,REQUIRED,55,SerieA,2024/2025,760,760,100.0,0,0,380,380,100.0,0.0,0.0,2020/2021,2025/2026,False,False,OK
fact_team_match_stats,extra_json.expected_goals_non_penalty,shot_xg,REQUIRED,55,SerieA,2025/2026,760,760,100.0,0,1,380,380,100.0,0.0,0.0,2020/2021,2025/2026,False,False,OK
fact_team_match_stats,extra_json.expected_goals_non_penalty,shot_xg,REQUIRED,87,LaLiga,2020/2021,760,760,100.0,0,1,380,380,100.0,0.0,,2020/2021,2025/2026,False,False,OK
fact_team_match_stats,extra_json.expected_goals_non_penalty,shot_xg,REQUIRED,87,LaLiga,2021/2022,760,760,100.0,0,1,380,380,100.0,0.0,0.0,2020/2021,2025/2026,False,False,OK
fact_team_match_stats,extra_json.expected_goals_non_penalty,shot_xg,REQUIRED,87,LaLiga,2022/2023,760,760,100.0,0,0,380,380,100.0,0.0,0.0,2020/2021,2025/2026,False,False,OK
fact_team_match_stats,extra_json.expected_goals_non_penalty,shot_xg,REQUIRED,87,LaLiga,2023/2024,760,758,99.7368,0,0,379,380,99.7368,-0.2632,-0.2632,2020/2021,2025/2026,False,False,OK
fact_team_match_stats,extra_json.expected_goals_non_penalty,shot_xg,REQUIRED,87,LaLiga,2024/2025,760,760,100.0,0,2,380,380,100.0,0.0,0.2632,2020/2021,2025/2026,False,False,OK
fact_team_match_stats,extra_json.expected_goals_non_penalty,shot_xg,REQUIRED,87,LaLiga,2025/2026,760,760,100.0,0,0,380,380,100.0,0.0,0.0,2020/2021,2025/2026,False,False,OK
fact_team_match_stats,extra_json.expected_goals_on_target,shot_xg,REQUIRED,47,EPL,2020/2021,760,760,100.0,0,18,380,380,100.0,,,2020/2021,2025/2026,False,False,OK
fact_team_match_stats,extra_json.expected_goals_on_target,shot_xg,REQUIRED,47,EPL,2021/2022,760,758,99.7368,0,22,379,380,99.7368,,-0.2632,2020/2021,2025/2026,False,False,OK
fact_team_match_stats,extra_json.expected_goals_on_target,shot_xg,REQUIRED,47,EPL,2022/2023,760,744,97.8947,0,24,372,380,97.8947,,-1.8421,2020/2021,2025/2026,False,False,OK
fact_team_match_stats,extra_json.expected_goals_on_target,shot_xg,REQUIRED,47,EPL,2023/2024,760,754,99.2105,0,7,377,380,99.2105,,1.3158,2020/2021,2025/2026,False,False,OK
fact_team_match_stats,extra_json.expected_goals_on_target,shot_xg,REQUIRED,47,EPL,2024/2025,760,760,100.0,0,23,380,380,100.0,,0.7895,2020/2021,2025/2026,False,False,OK
fact_team_match_stats,extra_json.expected_goals_on_target,shot_xg,REQUIRED,47,EPL,2025/2026,760,760,100.0,0,17,380,380,100.0,,0.0,2020/2021,2025/2026,False,False,OK
fact_team_match_stats,extra_json.expected_goals_on_target,shot_xg,REQUIRED,53,Ligue1,2020/2021,760,758,99.7368,0,19,379,380,99.7368,-0.2632,,2020/2021,2025/2026,False,False,OK
fact_team_match_stats,extra_json.expected_goals_on_target,shot_xg,REQUIRED,53,Ligue1,2021/2022,760,748,98.4211,0,26,374,380,98.4211,-1.3157,-1.3157,2020/2021,2025/2026,False,False,OK
fact_team_match_stats,extra_json.expected_goals_on_target,shot_xg,REQUIRED,53,Ligue1,2022/2023,760,734,96.5789,0,18,367,380,96.5789,-1.3158,-1.8422,2020/2021,2025/2026,False,False,OK
fact_team_match_stats,extra_json.expected_goals_on_target,shot_xg,REQUIRED,53,Ligue1,2023/2024,612,592,96.732,0,13,296,306,96.732,-2.4785,0.1531,2020/2021,2025/2026,False,False,OK
fact_team_match_stats,extra_json.expected_goals_on_target,shot_xg,REQUIRED,53,Ligue1,2024/2025,612,612,100.0,0,17,306,306,100.0,0.0,3.268,2020/2021,2025/2026,False,False,OK
fact_team_match_stats,extra_json.expected_goals_on_target,shot_xg,REQUIRED,53,Ligue1,2025/2026,612,612,100.0,0,16,306,306,100.0,0.0,0.0,2020/2021,2025/2026,False,False,OK
fact_team_match_stats,extra_json.expected_goals_on_target,shot_xg,REQUIRED,54,Bundesliga,2020/2021,612,610,99.6732,0,18,305,306,99.6732,-0.3268,,2020/2021,2025/2026,False,False,OK
fact_team_match_stats,extra_json.expected_goals_on_target,shot_xg,REQUIRED,54,Bundesliga,2021/2022,612,612,100.0,0,16,306,306,100.0,0.2632,0.3268,2020/2021,2025/2026,False,False,OK
fact_team_match_stats,extra_json.expected_goals_on_target,shot_xg,REQUIRED,54,Bundesliga,2022/2023,612,588,96.0784,0,14,294,306,96.0784,-1.8163,-3.9216,2020/2021,2025/2026,False,False,OK
fact_team_match_stats,extra_json.expected_goals_on_target,shot_xg,REQUIRED,54,Bundesliga,2023/2024,612,596,97.3856,0,12,298,306,97.3856,-1.8249,1.3072,2020/2021,2025/2026,False,False,OK
fact_team_match_stats,extra_json.expected_goals_on_target,shot_xg,REQUIRED,54,Bundesliga,2024/2025,612,612,100.0,0,12,306,306,100.0,0.0,2.6144,2020/2021,2025/2026,False,False,OK
fact_team_match_stats,extra_json.expected_goals_on_target,shot_xg,REQUIRED,54,Bundesliga,2025/2026,612,612,100.0,0,11,306,306,100.0,0.0,0.0,2020/2021,2025/2026,False,False,OK
fact_team_match_stats,extra_json.expected_goals_on_target,shot_xg,REQUIRED,55,SerieA,2020/2021,760,756,99.4737,0,20,378,380,99.4737,-0.5263,,2020/2021,2025/2026,False,False,OK
fact_team_match_stats,extra_json.expected_goals_on_target,shot_xg,REQUIRED,55,SerieA,2021/2022,760,760,100.0,0,14,380,380,100.0,0.2632,0.5263,2020/2021,2025/2026,False,False,OK
fact_team_match_stats,extra_json.expected_goals_on_target,shot_xg,REQUIRED,55,SerieA,2022/2023,762,738,96.8504,0,18,369,381,96.8504,-1.0443,-3.1496,2020/2021,2025/2026,False,False,OK
fact_team_match_stats,extra_json.expected_goals_on_target,shot_xg,REQUIRED,55,SerieA,2023/2024,760,728,95.7895,0,12,364,380,95.7895,-3.421,-1.0609,2020/2021,2025/2026,False,False,OK
fact_team_match_stats,extra_json.expected_goals_on_target,shot_xg,REQUIRED,55,SerieA,2024/2025,760,760,100.0,0,17,380,380,100.0,0.0,4.2105,2020/2021,2025/2026,False,False,OK
fact_team_match_stats,extra_json.expected_goals_on_target,shot_xg,REQUIRED,55,SerieA,2025/2026,760,760,100.0,0,29,380,380,100.0,0.0,0.0,2020/2021,2025/2026,False,False,OK
fact_team_match_stats,extra_json.expected_goals_on_target,shot_xg,REQUIRED,87,LaLiga,2020/2021,760,760,100.0,0,20,380,380,100.0,0.0,,2020/2021,2025/2026,False,False,OK
fact_team_match_stats,extra_json.expected_goals_on_target,shot_xg,REQUIRED,87,LaLiga,2021/2022,760,760,100.0,0,21,380,380,100.0,0.2632,0.0,2020/2021,2025/2026,False,False,OK
fact_team_match_stats,extra_json.expected_goals_on_target,shot_xg,REQUIRED,87,LaLiga,2022/2023,760,744,97.8947,0,23,372,380,97.8947,0.0,-2.1053,2020/2021,2025/2026,False,False,OK
fact_team_match_stats,extra_json.expected_goals_on_target,shot_xg,REQUIRED,87,LaLiga,2023/2024,760,744,97.8947,0,19,372,380,97.8947,-1.3158,0.0,2020/2021,2025/2026,False,False,OK
fact_team_match_stats,extra_json.expected_goals_on_target,shot_xg,REQUIRED,87,LaLiga,2024/2025,760,760,100.0,0,26,380,380,100.0,0.0,2.1053,2020/2021,2025/2026,False,False,OK
fact_team_match_stats,extra_json.expected_goals_on_target,shot_xg,REQUIRED,87,LaLiga,2025/2026,760,760,100.0,0,24,380,380,100.0,0.0,0.0,2020/2021,2025/2026,False,False,OK
fact_team_match_stats,extra_json.expected_goals_open_play,shot_xg,REQUIRED,47,EPL,2020/2021,760,760,100.0,0,3,380,380,100.0,,,2020/2021,2025/2026,False,False,OK
fact_team_match_stats,extra_json.expected_goals_open_play,shot_xg,REQUIRED,47,EPL,2021/2022,760,760,100.0,0,4,380,380,100.0,,0.0,2020/2021,2025/2026,False,False,OK
fact_team_match_stats,extra_json.expected_goals_open_play,shot_xg,REQUIRED,47,EPL,2022/2023,760,760,100.0,0,2,380,380,100.0,,0.0,2020/2021,2025/2026,False,False,OK
fact_team_match_stats,extra_json.expected_goals_open_play,shot_xg,REQUIRED,47,EPL,2023/2024,760,760,100.0,0,0,380,380,100.0,,0.0,2020/2021,2025/2026,False,False,OK
fact_team_match_stats,extra_json.expected_goals_open_play,shot_xg,REQUIRED,47,EPL,2024/2025,760,760,100.0,0,2,380,380,100.0,,0.0,2020/2021,2025/2026,False,False,OK
fact_team_match_stats,extra_json.expected_goals_open_play,shot_xg,REQUIRED,47,EPL,2025/2026,760,760,100.0,0,1,380,380,100.0,,0.0,2020/2021,2025/2026,False,False,OK
fact_team_match_stats,extra_json.expected_goals_open_play,shot_xg,REQUIRED,53,Ligue1,2020/2021,760,758,99.7368,0,1,379,380,99.7368,-0.2632,,2020/2021,2025/2026,False,False,OK
fact_team_match_stats,extra_json.expected_goals_open_play,shot_xg,REQUIRED,53,Ligue1,2021/2022,760,760,100.0,0,1,380,380,100.0,0.0,0.2632,2020/2021,2025/2026,False,False,OK
fact_team_match_stats,extra_json.expected_goals_open_play,shot_xg,REQUIRED,53,Ligue1,2022/2023,760,760,100.0,0,1,380,380,100.0,0.0,0.0,2020/2021,2025/2026,False,False,OK
fact_team_match_stats,extra_json.expected_goals_open_play,shot_xg,REQUIRED,53,Ligue1,2023/2024,612,612,100.0,0,1,306,306,100.0,0.0,0.0,2020/2021,2025/2026,False,False,OK
fact_team_match_stats,extra_json.expected_goals_open_play,shot_xg,REQUIRED,53,Ligue1,2024/2025,612,612,100.0,0,0,306,306,100.0,0.0,0.0,2020/2021,2025/2026,False,False,OK
fact_team_match_stats,extra_json.expected_goals_open_play,shot_xg,REQUIRED,53,Ligue1,2025/2026,612,612,100.0,0,2,306,306,100.0,0.0,0.0,2020/2021,2025/2026,False,False,OK
fact_team_match_stats,extra_json.expected_goals_open_play,shot_xg,REQUIRED,54,Bundesliga,2020/2021,612,612,100.0,0,2,306,306,100.0,0.0,,2020/2021,2025/2026,False,False,OK
fact_team_match_stats,extra_json.expected_goals_open_play,shot_xg,REQUIRED,54,Bundesliga,2021/2022,612,612,100.0,0,0,306,306,100.0,0.0,0.0,2020/2021,2025/2026,False,False,OK
fact_team_match_stats,extra_json.expected_goals_open_play,shot_xg,REQUIRED,54,Bundesliga,2022/2023,612,612,100.0,0,0,306,306,100.0,0.0,0.0,2020/2021,2025/2026,False,False,OK
fact_team_match_stats,extra_json.expected_goals_open_play,shot_xg,REQUIRED,54,Bundesliga,2023/2024,612,612,100.0,0,0,306,306,100.0,0.0,0.0,2020/2021,2025/2026,False,False,OK
fact_team_match_stats,extra_json.expected_goals_open_play,shot_xg,REQUIRED,54,Bundesliga,2024/2025,612,612,100.0,0,2,306,306,100.0,0.0,0.0,2020/2021,2025/2026,False,False,OK
fact_team_match_stats,extra_json.expected_goals_open_play,shot_xg,REQUIRED,54,Bundesliga,2025/2026,612,612,100.0,0,2,306,306,100.0,0.0,0.0,2020/2021,2025/2026,False,False,OK
fact_team_match_stats,extra_json.expected_goals_open_play,shot_xg,REQUIRED,55,SerieA,2020/2021,760,758,99.7368,0,4,379,380,99.7368,-0.2632,,2020/2021,2025/2026,False,False,OK
fact_team_match_stats,extra_json.expected_goals_open_play,shot_xg,REQUIRED,55,SerieA,2021/2022,760,760,100.0,0,3,380,380,100.0,0.0,0.2632,2020/2021,2025/2026,False,False,OK
fact_team_match_stats,extra_json.expected_goals_open_play,shot_xg,REQUIRED,55,SerieA,2022/2023,762,762,100.0,0,0,381,381,100.0,0.0,0.0,2020/2021,2025/2026,False,False,OK
fact_team_match_stats,extra_json.expected_goals_open_play,shot_xg,REQUIRED,55,SerieA,2023/2024,760,760,100.0,0,2,380,380,100.0,0.0,0.0,2020/2021,2025/2026,False,False,OK
fact_team_match_stats,extra_json.expected_goals_open_play,shot_xg,REQUIRED,55,SerieA,2024/2025,760,760,100.0,0,0,380,380,100.0,0.0,0.0,2020/2021,2025/2026,False,False,OK
fact_team_match_stats,extra_json.expected_goals_open_play,shot_xg,REQUIRED,55,SerieA,2025/2026,760,760,100.0,0,4,380,380,100.0,0.0,0.0,2020/2021,2025/2026,False,False,OK
fact_team_match_stats,extra_json.expected_goals_open_play,shot_xg,REQUIRED,87,LaLiga,2020/2021,760,760,100.0,0,4,380,380,100.0,0.0,,2020/2021,2025/2026,False,False,OK
fact_team_match_stats,extra_json.expected_goals_open_play,shot_xg,REQUIRED,87,LaLiga,2021/2022,760,760,100.0,0,1,380,380,100.0,0.0,0.0,2020/2021,2025/2026,False,False,OK
fact_team_match_stats,extra_json.expected_goals_open_play,shot_xg,REQUIRED,87,LaLiga,2022/2023,760,760,100.0,0,0,380,380,100.0,0.0,0.0,2020/2021,2025/2026,False,False,OK
fact_team_match_stats,extra_json.expected_goals_open_play,shot_xg,REQUIRED,87,LaLiga,2023/2024,760,758,99.7368,0,0,379,380,99.7368,-0.2632,-0.2632,2020/2021,2025/2026,False,False,OK
fact_team_match_stats,extra_json.expected_goals_open_play,shot_xg,REQUIRED,87,LaLiga,2024/2025,760,760,100.0,0,4,380,380,100.0,0.0,0.2632,2020/2021,2025/2026,False,False,OK
fact_team_match_stats,extra_json.expected_goals_open_play,shot_xg,REQUIRED,87,LaLiga,2025/2026,760,760,100.0,0,2,380,380,100.0,0.0,0.0,2020/2021,2025/2026,False,False,OK
fact_team_match_stats,extra_json.expected_goals_set_play,shot_xg,REQUIRED,47,EPL,2020/2021,760,756,99.4737,0,45,378,380,99.4737,,,2020/2021,2025/2026,False,False,OK
fact_team_match_stats,extra_json.expected_goals_set_play,shot_xg,REQUIRED,47,EPL,2021/2022,760,760,100.0,0,52,380,380,100.0,,0.5263,2020/2021,2025/2026,False,False,OK
fact_team_match_stats,extra_json.expected_goals_set_play,shot_xg,REQUIRED,47,EPL,2022/2023,760,758,99.7368,0,46,379,380,99.7368,,-0.2632,2020/2021,2025/2026,False,False,OK
fact_team_match_stats,extra_json.expected_goals_set_play,shot_xg,REQUIRED,47,EPL,2023/2024,760,760,100.0,0,43,380,380,100.0,,0.2632,2020/2021,2025/2026,False,False,OK
fact_team_match_stats,extra_json.expected_goals_set_play,shot_xg,REQUIRED,47,EPL,2024/2025,760,760,100.0,0,47,380,380,100.0,,0.0,2020/2021,2025/2026,False,False,OK
fact_team_match_stats,extra_json.expected_goals_set_play,shot_xg,REQUIRED,47,EPL,2025/2026,760,760,100.0,0,34,380,380,100.0,,0.0,2020/2021,2025/2026,False,False,OK
fact_team_match_stats,extra_json.expected_goals_set_play,shot_xg,REQUIRED,53,Ligue1,2020/2021,760,758,99.7368,0,50,379,380,99.7368,0.2631,,2020/2021,2025/2026,False,False,OK
fact_team_match_stats,extra_json.expected_goals_set_play,shot_xg,REQUIRED,53,Ligue1,2021/2022,760,758,99.7368,0,52,379,380,99.7368,-0.2632,0.0,2020/2021,2025/2026,False,False,OK
fact_team_match_stats,extra_json.expected_goals_set_play,shot_xg,REQUIRED,53,Ligue1,2022/2023,760,758,99.7368,0,45,379,380,99.7368,0.0,0.0,2020/2021,2025/2026,False,False,OK
fact_team_match_stats,extra_json.expected_goals_set_play,shot_xg,REQUIRED,53,Ligue1,2023/2024,612,612,100.0,0,47,306,306,100.0,0.0,0.2632,2020/2021,2025/2026,False,False,OK
fact_team_match_stats,extra_json.expected_goals_set_play,shot_xg,REQUIRED,53,Ligue1,2024/2025,612,608,99.3464,0,49,304,306,99.3464,-0.6536,-0.6536,2020/2021,2025/2026,False,False,OK
fact_team_match_stats,extra_json.expected_goals_set_play,shot_xg,REQUIRED,53,Ligue1,2025/2026,612,610,99.6732,0,60,305,306,99.6732,-0.3268,0.3268,2020/2021,2025/2026,False,False,OK
fact_team_match_stats,extra_json.expected_goals_set_play,shot_xg,REQUIRED,54,Bundesliga,2020/2021,612,606,99.0196,0,40,303,306,99.0196,-0.4541,,2020/2021,2025/2026,False,False,OK
fact_team_match_stats,extra_json.expected_goals_set_play,shot_xg,REQUIRED,54,Bundesliga,2021/2022,612,612,100.0,0,34,306,306,100.0,0.0,0.9804,2020/2021,2025/2026,False,False,OK
fact_team_match_stats,extra_json.expected_goals_set_play,shot_xg,REQUIRED,54,Bundesliga,2022/2023,612,610,99.6732,0,37,305,306,99.6732,-0.0636,-0.3268,2020/2021,2025/2026,False,False,OK
fact_team_match_stats,extra_json.expected_goals_set_play,shot_xg,REQUIRED,54,Bundesliga,2023/2024,612,612,100.0,0,39,306,306,100.0,0.0,0.3268,2020/2021,2025/2026,False,False,OK
fact_team_match_stats,extra_json.expected_goals_set_play,shot_xg,REQUIRED,54,Bundesliga,2024/2025,612,610,99.6732,0,33,305,306,99.6732,-0.3268,-0.3268,2020/2021,2025/2026,False,False,OK
fact_team_match_stats,extra_json.expected_goals_set_play,shot_xg,REQUIRED,54,Bundesliga,2025/2026,612,608,99.3464,0,26,304,306,99.3464,-0.6536,-0.3268,2020/2021,2025/2026,False,False,OK
fact_team_match_stats,extra_json.expected_goals_set_play,shot_xg,REQUIRED,55,SerieA,2020/2021,760,754,99.2105,0,62,377,380,99.2105,-0.2632,,2020/2021,2025/2026,False,False,OK
fact_team_match_stats,extra_json.expected_goals_set_play,shot_xg,REQUIRED,55,SerieA,2021/2022,760,758,99.7368,0,70,379,380,99.7368,-0.2632,0.5263,2020/2021,2025/2026,False,False,OK
fact_team_match_stats,extra_json.expected_goals_set_play,shot_xg,REQUIRED,55,SerieA,2022/2023,762,758,99.4751,0,43,379,381,99.4751,-0.2617,-0.2617,2020/2021,2025/2026,False,False,OK
fact_team_match_stats,extra_json.expected_goals_set_play,shot_xg,REQUIRED,55,SerieA,2023/2024,760,760,100.0,0,46,380,380,100.0,0.0,0.5249,2020/2021,2025/2026,False,False,OK
fact_team_match_stats,extra_json.expected_goals_set_play,shot_xg,REQUIRED,55,SerieA,2024/2025,760,756,99.4737,0,52,378,380,99.4737,-0.5263,-0.5263,2020/2021,2025/2026,False,False,OK
fact_team_match_stats,extra_json.expected_goals_set_play,shot_xg,REQUIRED,55,SerieA,2025/2026,760,758,99.7368,0,41,379,380,99.7368,-0.2632,0.2631,2020/2021,2025/2026,False,False,OK
fact_team_match_stats,extra_json.expected_goals_set_play,shot_xg,REQUIRED,87,LaLiga,2020/2021,760,756,99.4737,0,65,378,380,99.4737,0.0,,2020/2021,2025/2026,False,False,OK
fact_team_match_stats,extra_json.expected_goals_set_play,shot_xg,REQUIRED,87,LaLiga,2021/2022,760,758,99.7368,0,57,379,380,99.7368,-0.2632,0.2631,2020/2021,2025/2026,False,False,OK
fact_team_match_stats,extra_json.expected_goals_set_play,shot_xg,REQUIRED,87,LaLiga,2022/2023,760,754,99.2105,0,48,377,380,99.2105,-0.5263,-0.5263,2020/2021,2025/2026,False,False,OK
fact_team_match_stats,extra_json.expected_goals_set_play,shot_xg,REQUIRED,87,LaLiga,2023/2024,760,750,98.6842,0,44,375,380,98.6842,-1.3158,-0.5263,2020/2021,2025/2026,False,False,OK
fact_team_match_stats,extra_json.expected_goals_set_play,shot_xg,REQUIRED,87,LaLiga,2024/2025,760,760,100.0,0,56,380,380,100.0,0.0,1.3158,2020/2021,2025/2026,False,False,OK
fact_team_match_stats,extra_json.expected_goals_set_play,shot_xg,REQUIRED,87,LaLiga,2025/2026,760,758,99.7368,0,53,379,380,99.7368,-0.2632,-0.2632,2020/2021,2025/2026,False,False,OK
fact_team_match_stats,extra_json.fouls,standard_match,REQUIRED,47,EPL,2020/2021,760,760,100.0,0,0,380,380,100.0,,,2020/2021,2025/2026,False,False,OK
fact_team_match_stats,extra_json.fouls,standard_match,REQUIRED,47,EPL,2021/2022,760,760,100.0,0,0,380,380,100.0,,0.0,2020/2021,2025/2026,False,False,OK
fact_team_match_stats,extra_json.fouls,standard_match,REQUIRED,47,EPL,2022/2023,760,760,100.0,0,0,380,380,100.0,,0.0,2020/2021,2025/2026,False,False,OK
fact_team_match_stats,extra_json.fouls,standard_match,REQUIRED,47,EPL,2023/2024,760,760,100.0,0,0,380,380,100.0,,0.0,2020/2021,2025/2026,False,False,OK
fact_team_match_stats,extra_json.fouls,standard_match,REQUIRED,47,EPL,2024/2025,760,760,100.0,0,0,380,380,100.0,,0.0,2020/2021,2025/2026,False,False,OK
fact_team_match_stats,extra_json.fouls,standard_match,REQUIRED,47,EPL,2025/2026,760,760,100.0,0,0,380,380,100.0,,0.0,2020/2021,2025/2026,False,False,OK
fact_team_match_stats,extra_json.fouls,standard_match,REQUIRED,53,Ligue1,2020/2021,760,760,100.0,0,0,380,380,100.0,0.0,,2020/2021,2025/2026,False,False,OK
fact_team_match_stats,extra_json.fouls,standard_match,REQUIRED,53,Ligue1,2021/2022,760,760,100.0,0,0,380,380,100.0,0.0,0.0,2020/2021,2025/2026,False,False,OK
fact_team_match_stats,extra_json.fouls,standard_match,REQUIRED,53,Ligue1,2022/2023,760,760,100.0,0,0,380,380,100.0,0.0,0.0,2020/2021,2025/2026,False,False,OK
fact_team_match_stats,extra_json.fouls,standard_match,REQUIRED,53,Ligue1,2023/2024,612,612,100.0,0,0,306,306,100.0,0.0,0.0,2020/2021,2025/2026,False,False,OK
fact_team_match_stats,extra_json.fouls,standard_match,REQUIRED,53,Ligue1,2024/2025,612,612,100.0,0,0,306,306,100.0,0.0,0.0,2020/2021,2025/2026,False,False,OK
fact_team_match_stats,extra_json.fouls,standard_match,REQUIRED,53,Ligue1,2025/2026,612,612,100.0,0,0,306,306,100.0,0.0,0.0,2020/2021,2025/2026,False,False,OK
fact_team_match_stats,extra_json.fouls,standard_match,REQUIRED,54,Bundesliga,2020/2021,612,612,100.0,0,0,306,306,100.0,0.0,,2020/2021,2025/2026,False,False,OK
fact_team_match_stats,extra_json.fouls,standard_match,REQUIRED,54,Bundesliga,2021/2022,612,612,100.0,0,0,306,306,100.0,0.0,0.0,2020/2021,2025/2026,False,False,OK
fact_team_match_stats,extra_json.fouls,standard_match,REQUIRED,54,Bundesliga,2022/2023,612,612,100.0,0,0,306,306,100.0,0.0,0.0,2020/2021,2025/2026,False,False,OK
fact_team_match_stats,extra_json.fouls,standard_match,REQUIRED,54,Bundesliga,2023/2024,612,612,100.0,0,0,306,306,100.0,0.0,0.0,2020/2021,2025/2026,False,False,OK
fact_team_match_stats,extra_json.fouls,standard_match,REQUIRED,54,Bundesliga,2024/2025,612,612,100.0,0,0,306,306,100.0,0.0,0.0,2020/2021,2025/2026,False,False,OK
fact_team_match_stats,extra_json.fouls,standard_match,REQUIRED,54,Bundesliga,2025/2026,612,612,100.0,0,0,306,306,100.0,0.0,0.0,2020/2021,2025/2026,False,False,OK
fact_team_match_stats,extra_json.fouls,standard_match,REQUIRED,55,SerieA,2020/2021,760,758,99.7368,0,0,379,380,99.7368,-0.2632,,2020/2021,2025/2026,False,False,OK
fact_team_match_stats,extra_json.fouls,standard_match,REQUIRED,55,SerieA,2021/2022,760,760,100.0,0,0,380,380,100.0,0.0,0.2632,2020/2021,2025/2026,False,False,OK
fact_team_match_stats,extra_json.fouls,standard_match,REQUIRED,55,SerieA,2022/2023,762,762,100.0,0,0,381,381,100.0,0.0,0.0,2020/2021,2025/2026,False,False,OK
fact_team_match_stats,extra_json.fouls,standard_match,REQUIRED,55,SerieA,2023/2024,760,760,100.0,0,0,380,380,100.0,0.0,0.0,2020/2021,2025/2026,False,False,OK
fact_team_match_stats,extra_json.fouls,standard_match,REQUIRED,55,SerieA,2024/2025,760,760,100.0,0,0,380,380,100.0,0.0,0.0,2020/2021,2025/2026,False,False,OK
fact_team_match_stats,extra_json.fouls,standard_match,REQUIRED,55,SerieA,2025/2026,760,760,100.0,0,0,380,380,100.0,0.0,0.0,2020/2021,2025/2026,False,False,OK
fact_team_match_stats,extra_json.fouls,standard_match,REQUIRED,87,LaLiga,2020/2021,760,760,100.0,0,0,380,380,100.0,0.0,,2020/2021,2025/2026,False,False,OK
fact_team_match_stats,extra_json.fouls,standard_match,REQUIRED,87,LaLiga,2021/2022,760,760,100.0,0,0,380,380,100.0,0.0,0.0,2020/2021,2025/2026,False,False,OK
fact_team_match_stats,extra_json.fouls,standard_match,REQUIRED,87,LaLiga,2022/2023,760,760,100.0,0,0,380,380,100.0,0.0,0.0,2020/2021,2025/2026,False,False,OK
fact_team_match_stats,extra_json.fouls,standard_match,REQUIRED,87,LaLiga,2023/2024,760,758,99.7368,0,0,379,380,99.7368,-0.2632,-0.2632,2020/2021,2025/2026,False,False,OK
fact_team_match_stats,extra_json.fouls,standard_match,REQUIRED,87,LaLiga,2024/2025,760,760,100.0,0,0,380,380,100.0,0.0,0.2632,2020/2021,2025/2026,False,False,OK
fact_team_match_stats,extra_json.fouls,standard_match,REQUIRED,87,LaLiga,2025/2026,760,760,100.0,0,0,380,380,100.0,0.0,0.0,2020/2021,2025/2026,False,False,OK
fact_team_match_stats,extra_json.ground_duels_won,context,OPTIONAL,47,EPL,2020/2021,760,760,100.0,0,0,380,380,100.0,,,2020/2021,2025/2026,False,False,OK
fact_team_match_stats,extra_json.ground_duels_won,context,OPTIONAL,47,EPL,2021/2022,760,760,100.0,0,0,380,380,100.0,,0.0,2020/2021,2025/2026,False,False,OK
fact_team_match_stats,extra_json.ground_duels_won,context,OPTIONAL,47,EPL,2022/2023,760,760,100.0,0,0,380,380,100.0,,0.0,2020/2021,2025/2026,False,False,OK
fact_team_match_stats,extra_json.ground_duels_won,context,OPTIONAL,47,EPL,2023/2024,760,760,100.0,0,0,380,380,100.0,,0.0,2020/2021,2025/2026,False,False,OK
fact_team_match_stats,extra_json.ground_duels_won,context,OPTIONAL,47,EPL,2024/2025,760,760,100.0,0,0,380,380,100.0,,0.0,2020/2021,2025/2026,False,False,OK
fact_team_match_stats,extra_json.ground_duels_won,context,OPTIONAL,47,EPL,2025/2026,760,760,100.0,0,0,380,380,100.0,,0.0,2020/2021,2025/2026,False,False,OK
fact_team_match_stats,extra_json.ground_duels_won,context,OPTIONAL,53,Ligue1,2020/2021,760,760,100.0,0,0,380,380,100.0,0.0,,2020/2021,2025/2026,False,False,OK
fact_team_match_stats,extra_json.ground_duels_won,context,OPTIONAL,53,Ligue1,2021/2022,760,760,100.0,0,0,380,380,100.0,0.0,0.0,2020/2021,2025/2026,False,False,OK
fact_team_match_stats,extra_json.ground_duels_won,context,OPTIONAL,53,Ligue1,2022/2023,760,760,100.0,0,0,380,380,100.0,0.0,0.0,2020/2021,2025/2026,False,False,OK
fact_team_match_stats,extra_json.ground_duels_won,context,OPTIONAL,53,Ligue1,2023/2024,612,612,100.0,0,0,306,306,100.0,0.0,0.0,2020/2021,2025/2026,False,False,OK
fact_team_match_stats,extra_json.ground_duels_won,context,OPTIONAL,53,Ligue1,2024/2025,612,612,100.0,0,0,306,306,100.0,0.0,0.0,2020/2021,2025/2026,False,False,OK
fact_team_match_stats,extra_json.ground_duels_won,context,OPTIONAL,53,Ligue1,2025/2026,612,612,100.0,0,0,306,306,100.0,0.0,0.0,2020/2021,2025/2026,False,False,OK
fact_team_match_stats,extra_json.ground_duels_won,context,OPTIONAL,54,Bundesliga,2020/2021,612,612,100.0,0,0,306,306,100.0,0.0,,2020/2021,2025/2026,False,False,OK
fact_team_match_stats,extra_json.ground_duels_won,context,OPTIONAL,54,Bundesliga,2021/2022,612,612,100.0,0,2,306,306,100.0,0.0,0.0,2020/2021,2025/2026,False,False,OK
fact_team_match_stats,extra_json.ground_duels_won,context,OPTIONAL,54,Bundesliga,2022/2023,612,612,100.0,0,0,306,306,100.0,0.0,0.0,2020/2021,2025/2026,False,False,OK
fact_team_match_stats,extra_json.ground_duels_won,context,OPTIONAL,54,Bundesliga,2023/2024,612,612,100.0,0,0,306,306,100.0,0.0,0.0,2020/2021,2025/2026,False,False,OK
fact_team_match_stats,extra_json.ground_duels_won,context,OPTIONAL,54,Bundesliga,2024/2025,612,612,100.0,0,0,306,306,100.0,0.0,0.0,2020/2021,2025/2026,False,False,OK
fact_team_match_stats,extra_json.ground_duels_won,context,OPTIONAL,54,Bundesliga,2025/2026,612,612,100.0,0,0,306,306,100.0,0.0,0.0,2020/2021,2025/2026,False,False,OK
fact_team_match_stats,extra_json.ground_duels_won,context,OPTIONAL,55,SerieA,2020/2021,760,758,99.7368,0,0,379,380,99.7368,-0.2632,,2020/2021,2025/2026,False,False,OK
fact_team_match_stats,extra_json.ground_duels_won,context,OPTIONAL,55,SerieA,2021/2022,760,760,100.0,0,0,380,380,100.0,0.0,0.2632,2020/2021,2025/2026,False,False,OK
fact_team_match_stats,extra_json.ground_duels_won,context,OPTIONAL,55,SerieA,2022/2023,762,762,100.0,0,0,381,381,100.0,0.0,0.0,2020/2021,2025/2026,False,False,OK
fact_team_match_stats,extra_json.ground_duels_won,context,OPTIONAL,55,SerieA,2023/2024,760,760,100.0,0,0,380,380,100.0,0.0,0.0,2020/2021,2025/2026,False,False,OK
fact_team_match_stats,extra_json.ground_duels_won,context,OPTIONAL,55,SerieA,2024/2025,760,760,100.0,0,0,380,380,100.0,0.0,0.0,2020/2021,2025/2026,False,False,OK
fact_team_match_stats,extra_json.ground_duels_won,context,OPTIONAL,55,SerieA,2025/2026,760,760,100.0,0,0,380,380,100.0,0.0,0.0,2020/2021,2025/2026,False,False,OK
fact_team_match_stats,extra_json.ground_duels_won,context,OPTIONAL,87,LaLiga,2020/2021,760,760,100.0,0,0,380,380,100.0,0.0,,2020/2021,2025/2026,False,False,OK
fact_team_match_stats,extra_json.ground_duels_won,context,OPTIONAL,87,LaLiga,2021/2022,760,760,100.0,0,2,380,380,100.0,0.0,0.0,2020/2021,2025/2026,False,False,OK
fact_team_match_stats,extra_json.ground_duels_won,context,OPTIONAL,87,LaLiga,2022/2023,760,760,100.0,0,2,380,380,100.0,0.0,0.0,2020/2021,2025/2026,False,False,OK
fact_team_match_stats,extra_json.ground_duels_won,context,OPTIONAL,87,LaLiga,2023/2024,760,758,99.7368,0,2,379,380,99.7368,-0.2632,-0.2632,2020/2021,2025/2026,False,False,OK
fact_team_match_stats,extra_json.ground_duels_won,context,OPTIONAL,87,LaLiga,2024/2025,760,760,100.0,0,2,380,380,100.0,0.0,0.2632,2020/2021,2025/2026,False,False,OK
fact_team_match_stats,extra_json.ground_duels_won,context,OPTIONAL,87,LaLiga,2025/2026,760,760,100.0,0,0,380,380,100.0,0.0,0.0,2020/2021,2025/2026,False,False,OK
fact_team_match_stats,extra_json.interceptions,context,OPTIONAL,47,EPL,2020/2021,760,760,100.0,0,0,380,380,100.0,,,2020/2021,2025/2026,False,False,OK
fact_team_match_stats,extra_json.interceptions,context,OPTIONAL,47,EPL,2021/2022,760,760,100.0,0,0,380,380,100.0,,0.0,2020/2021,2025/2026,False,False,OK
fact_team_match_stats,extra_json.interceptions,context,OPTIONAL,47,EPL,2022/2023,760,760,100.0,0,1,380,380,100.0,,0.0,2020/2021,2025/2026,False,False,OK
fact_team_match_stats,extra_json.interceptions,context,OPTIONAL,47,EPL,2023/2024,760,760,100.0,0,0,380,380,100.0,,0.0,2020/2021,2025/2026,False,False,OK
fact_team_match_stats,extra_json.interceptions,context,OPTIONAL,47,EPL,2024/2025,760,760,100.0,0,1,380,380,100.0,,0.0,2020/2021,2025/2026,False,False,OK
fact_team_match_stats,extra_json.interceptions,context,OPTIONAL,47,EPL,2025/2026,760,760,100.0,0,1,380,380,100.0,,0.0,2020/2021,2025/2026,False,False,OK
fact_team_match_stats,extra_json.interceptions,context,OPTIONAL,53,Ligue1,2020/2021,760,760,100.0,0,0,380,380,100.0,0.0,,2020/2021,2025/2026,False,False,OK
fact_team_match_stats,extra_json.interceptions,context,OPTIONAL,53,Ligue1,2021/2022,760,760,100.0,0,0,380,380,100.0,0.0,0.0,2020/2021,2025/2026,False,False,OK
fact_team_match_stats,extra_json.interceptions,context,OPTIONAL,53,Ligue1,2022/2023,760,760,100.0,0,1,380,380,100.0,0.0,0.0,2020/2021,2025/2026,False,False,OK
fact_team_match_stats,extra_json.interceptions,context,OPTIONAL,53,Ligue1,2023/2024,612,612,100.0,0,0,306,306,100.0,0.0,0.0,2020/2021,2025/2026,False,False,OK
fact_team_match_stats,extra_json.interceptions,context,OPTIONAL,53,Ligue1,2024/2025,612,612,100.0,0,2,306,306,100.0,0.0,0.0,2020/2021,2025/2026,False,False,OK
fact_team_match_stats,extra_json.interceptions,context,OPTIONAL,53,Ligue1,2025/2026,612,612,100.0,0,0,306,306,100.0,0.0,0.0,2020/2021,2025/2026,False,False,OK
fact_team_match_stats,extra_json.interceptions,context,OPTIONAL,54,Bundesliga,2020/2021,612,612,100.0,0,2,306,306,100.0,0.0,,2020/2021,2025/2026,False,False,OK
fact_team_match_stats,extra_json.interceptions,context,OPTIONAL,54,Bundesliga,2021/2022,612,612,100.0,0,1,306,306,100.0,0.0,0.0,2020/2021,2025/2026,False,False,OK
fact_team_match_stats,extra_json.interceptions,context,OPTIONAL,54,Bundesliga,2022/2023,612,612,100.0,0,0,306,306,100.0,0.0,0.0,2020/2021,2025/2026,False,False,OK
fact_team_match_stats,extra_json.interceptions,context,OPTIONAL,54,Bundesliga,2023/2024,612,612,100.0,0,0,306,306,100.0,0.0,0.0,2020/2021,2025/2026,False,False,OK
fact_team_match_stats,extra_json.interceptions,context,OPTIONAL,54,Bundesliga,2024/2025,612,612,100.0,0,2,306,306,100.0,0.0,0.0,2020/2021,2025/2026,False,False,OK
fact_team_match_stats,extra_json.interceptions,context,OPTIONAL,54,Bundesliga,2025/2026,612,612,100.0,0,0,306,306,100.0,0.0,0.0,2020/2021,2025/2026,False,False,OK
fact_team_match_stats,extra_json.interceptions,context,OPTIONAL,55,SerieA,2020/2021,760,758,99.7368,0,0,379,380,99.7368,-0.2632,,2020/2021,2025/2026,False,False,OK
fact_team_match_stats,extra_json.interceptions,context,OPTIONAL,55,SerieA,2021/2022,760,760,100.0,0,0,380,380,100.0,0.0,0.2632,2020/2021,2025/2026,False,False,OK
fact_team_match_stats,extra_json.interceptions,context,OPTIONAL,55,SerieA,2022/2023,762,762,100.0,0,0,381,381,100.0,0.0,0.0,2020/2021,2025/2026,False,False,OK
fact_team_match_stats,extra_json.interceptions,context,OPTIONAL,55,SerieA,2023/2024,760,760,100.0,0,1,380,380,100.0,0.0,0.0,2020/2021,2025/2026,False,False,OK
fact_team_match_stats,extra_json.interceptions,context,OPTIONAL,55,SerieA,2024/2025,760,760,100.0,0,1,380,380,100.0,0.0,0.0,2020/2021,2025/2026,False,False,OK
fact_team_match_stats,extra_json.interceptions,context,OPTIONAL,55,SerieA,2025/2026,760,760,100.0,0,1,380,380,100.0,0.0,0.0,2020/2021,2025/2026,False,False,OK
fact_team_match_stats,extra_json.interceptions,context,OPTIONAL,87,LaLiga,2020/2021,760,760,100.0,0,0,380,380,100.0,0.0,,2020/2021,2025/2026,False,False,OK
fact_team_match_stats,extra_json.interceptions,context,OPTIONAL,87,LaLiga,2021/2022,760,760,100.0,0,1,380,380,100.0,0.0,0.0,2020/2021,2025/2026,False,False,OK
fact_team_match_stats,extra_json.interceptions,context,OPTIONAL,87,LaLiga,2022/2023,760,760,100.0,0,2,380,380,100.0,0.0,0.0,2020/2021,2025/2026,False,False,OK
fact_team_match_stats,extra_json.interceptions,context,OPTIONAL,87,LaLiga,2023/2024,760,758,99.7368,0,0,379,380,99.7368,-0.2632,-0.2632,2020/2021,2025/2026,False,False,OK
fact_team_match_stats,extra_json.interceptions,context,OPTIONAL,87,LaLiga,2024/2025,760,760,100.0,0,0,380,380,100.0,0.0,0.2632,2020/2021,2025/2026,False,False,OK
fact_team_match_stats,extra_json.interceptions,context,OPTIONAL,87,LaLiga,2025/2026,760,760,100.0,0,0,380,380,100.0,0.0,0.0,2020/2021,2025/2026,False,False,OK
fact_team_match_stats,extra_json.keeper_saves,context,OPTIONAL,47,EPL,2020/2021,760,760,100.0,0,48,380,380,100.0,,,2020/2021,2025/2026,False,False,OK
fact_team_match_stats,extra_json.keeper_saves,context,OPTIONAL,47,EPL,2021/2022,760,760,100.0,0,54,380,380,100.0,,0.0,2020/2021,2025/2026,False,False,OK
fact_team_match_stats,extra_json.keeper_saves,context,OPTIONAL,47,EPL,2022/2023,760,760,100.0,0,66,380,380,100.0,,0.0,2020/2021,2025/2026,False,False,OK
fact_team_match_stats,extra_json.keeper_saves,context,OPTIONAL,47,EPL,2023/2024,760,760,100.0,0,41,380,380,100.0,,0.0,2020/2021,2025/2026,False,False,OK
fact_team_match_stats,extra_json.keeper_saves,context,OPTIONAL,47,EPL,2024/2025,760,760,100.0,0,46,380,380,100.0,,0.0,2020/2021,2025/2026,False,False,OK
fact_team_match_stats,extra_json.keeper_saves,context,OPTIONAL,47,EPL,2025/2026,760,760,100.0,0,54,380,380,100.0,,0.0,2020/2021,2025/2026,False,False,OK
fact_team_match_stats,extra_json.keeper_saves,context,OPTIONAL,53,Ligue1,2020/2021,760,760,100.0,0,67,380,380,100.0,0.0,,2020/2021,2025/2026,False,False,OK
fact_team_match_stats,extra_json.keeper_saves,context,OPTIONAL,53,Ligue1,2021/2022,760,760,100.0,0,72,380,380,100.0,0.0,0.0,2020/2021,2025/2026,False,False,OK
fact_team_match_stats,extra_json.keeper_saves,context,OPTIONAL,53,Ligue1,2022/2023,760,760,100.0,0,56,380,380,100.0,0.0,0.0,2020/2021,2025/2026,False,False,OK
fact_team_match_stats,extra_json.keeper_saves,context,OPTIONAL,53,Ligue1,2023/2024,612,612,100.0,0,37,306,306,100.0,0.0,0.0,2020/2021,2025/2026,False,False,OK
fact_team_match_stats,extra_json.keeper_saves,context,OPTIONAL,53,Ligue1,2024/2025,612,612,100.0,0,42,306,306,100.0,0.0,0.0,2020/2021,2025/2026,False,False,OK
fact_team_match_stats,extra_json.keeper_saves,context,OPTIONAL,53,Ligue1,2025/2026,612,612,100.0,0,47,306,306,100.0,0.0,0.0,2020/2021,2025/2026,False,False,OK
fact_team_match_stats,extra_json.keeper_saves,context,OPTIONAL,54,Bundesliga,2020/2021,612,612,100.0,0,53,306,306,100.0,0.0,,2020/2021,2025/2026,False,False,OK
fact_team_match_stats,extra_json.keeper_saves,context,OPTIONAL,54,Bundesliga,2021/2022,612,612,100.0,0,40,306,306,100.0,0.0,0.0,2020/2021,2025/2026,False,False,OK
fact_team_match_stats,extra_json.keeper_saves,context,OPTIONAL,54,Bundesliga,2022/2023,612,612,100.0,0,44,306,306,100.0,0.0,0.0,2020/2021,2025/2026,False,False,OK
fact_team_match_stats,extra_json.keeper_saves,context,OPTIONAL,54,Bundesliga,2023/2024,612,612,100.0,0,34,306,306,100.0,0.0,0.0,2020/2021,2025/2026,False,False,OK
fact_team_match_stats,extra_json.keeper_saves,context,OPTIONAL,54,Bundesliga,2024/2025,612,612,100.0,0,39,306,306,100.0,0.0,0.0,2020/2021,2025/2026,False,False,OK
fact_team_match_stats,extra_json.keeper_saves,context,OPTIONAL,54,Bundesliga,2025/2026,612,612,100.0,0,35,306,306,100.0,0.0,0.0,2020/2021,2025/2026,False,False,OK
fact_team_match_stats,extra_json.keeper_saves,context,OPTIONAL,55,SerieA,2020/2021,760,758,99.7368,0,75,379,380,99.7368,-0.2632,,2020/2021,2025/2026,False,False,OK
fact_team_match_stats,extra_json.keeper_saves,context,OPTIONAL,55,SerieA,2021/2022,760,760,100.0,0,58,380,380,100.0,0.0,0.2632,2020/2021,2025/2026,False,False,OK
fact_team_match_stats,extra_json.keeper_saves,context,OPTIONAL,55,SerieA,2022/2023,762,762,100.0,0,64,381,381,100.0,0.0,0.0,2020/2021,2025/2026,False,False,OK
fact_team_match_stats,extra_json.keeper_saves,context,OPTIONAL,55,SerieA,2023/2024,760,760,100.0,0,68,380,380,100.0,0.0,0.0,2020/2021,2025/2026,False,False,OK
fact_team_match_stats,extra_json.keeper_saves,context,OPTIONAL,55,SerieA,2024/2025,760,760,100.0,0,57,380,380,100.0,0.0,0.0,2020/2021,2025/2026,False,False,OK
fact_team_match_stats,extra_json.keeper_saves,context,OPTIONAL,55,SerieA,2025/2026,760,760,100.0,0,67,380,380,100.0,0.0,0.0,2020/2021,2025/2026,False,False,OK
fact_team_match_stats,extra_json.keeper_saves,context,OPTIONAL,87,LaLiga,2020/2021,760,760,100.0,0,78,380,380,100.0,0.0,,2020/2021,2025/2026,False,False,OK
fact_team_match_stats,extra_json.keeper_saves,context,OPTIONAL,87,LaLiga,2021/2022,760,760,100.0,0,63,380,380,100.0,0.0,0.0,2020/2021,2025/2026,False,False,OK
fact_team_match_stats,extra_json.keeper_saves,context,OPTIONAL,87,LaLiga,2022/2023,760,760,100.0,0,56,380,380,100.0,0.0,0.0,2020/2021,2025/2026,False,False,OK
fact_team_match_stats,extra_json.keeper_saves,context,OPTIONAL,87,LaLiga,2023/2024,760,758,99.7368,0,59,379,380,99.7368,-0.2632,-0.2632,2020/2021,2025/2026,False,False,OK
fact_team_match_stats,extra_json.keeper_saves,context,OPTIONAL,87,LaLiga,2024/2025,760,760,100.0,0,71,380,380,100.0,0.0,0.2632,2020/2021,2025/2026,False,False,OK
fact_team_match_stats,extra_json.keeper_saves,context,OPTIONAL,87,LaLiga,2025/2026,760,760,100.0,0,67,380,380,100.0,0.0,0.0,2020/2021,2025/2026,False,False,OK
fact_team_match_stats,extra_json.long_balls_accurate,context,OPTIONAL,47,EPL,2020/2021,760,760,100.0,0,0,380,380,100.0,,,2020/2021,2025/2026,False,False,OK
fact_team_match_stats,extra_json.long_balls_accurate,context,OPTIONAL,47,EPL,2021/2022,760,760,100.0,0,0,380,380,100.0,,0.0,2020/2021,2025/2026,False,False,OK
fact_team_match_stats,extra_json.long_balls_accurate,context,OPTIONAL,47,EPL,2022/2023,760,760,100.0,0,0,380,380,100.0,,0.0,2020/2021,2025/2026,False,False,OK
fact_team_match_stats,extra_json.long_balls_accurate,context,OPTIONAL,47,EPL,2023/2024,760,760,100.0,0,0,380,380,100.0,,0.0,2020/2021,2025/2026,False,False,OK
fact_team_match_stats,extra_json.long_balls_accurate,context,OPTIONAL,47,EPL,2024/2025,760,760,100.0,0,0,380,380,100.0,,0.0,2020/2021,2025/2026,False,False,OK
fact_team_match_stats,extra_json.long_balls_accurate,context,OPTIONAL,47,EPL,2025/2026,760,760,100.0,0,0,380,380,100.0,,0.0,2020/2021,2025/2026,False,False,OK
fact_team_match_stats,extra_json.long_balls_accurate,context,OPTIONAL,53,Ligue1,2020/2021,760,760,100.0,0,0,380,380,100.0,0.0,,2020/2021,2025/2026,False,False,OK
fact_team_match_stats,extra_json.long_balls_accurate,context,OPTIONAL,53,Ligue1,2021/2022,760,760,100.0,0,0,380,380,100.0,0.0,0.0,2020/2021,2025/2026,False,False,OK
fact_team_match_stats,extra_json.long_balls_accurate,context,OPTIONAL,53,Ligue1,2022/2023,760,760,100.0,0,0,380,380,100.0,0.0,0.0,2020/2021,2025/2026,False,False,OK
fact_team_match_stats,extra_json.long_balls_accurate,context,OPTIONAL,53,Ligue1,2023/2024,612,612,100.0,0,0,306,306,100.0,0.0,0.0,2020/2021,2025/2026,False,False,OK
fact_team_match_stats,extra_json.long_balls_accurate,context,OPTIONAL,53,Ligue1,2024/2025,612,612,100.0,0,0,306,306,100.0,0.0,0.0,2020/2021,2025/2026,False,False,OK
fact_team_match_stats,extra_json.long_balls_accurate,context,OPTIONAL,53,Ligue1,2025/2026,612,612,100.0,0,0,306,306,100.0,0.0,0.0,2020/2021,2025/2026,False,False,OK
fact_team_match_stats,extra_json.long_balls_accurate,context,OPTIONAL,54,Bundesliga,2020/2021,612,612,100.0,0,0,306,306,100.0,0.0,,2020/2021,2025/2026,False,False,OK
fact_team_match_stats,extra_json.long_balls_accurate,context,OPTIONAL,54,Bundesliga,2021/2022,612,612,100.0,0,0,306,306,100.0,0.0,0.0,2020/2021,2025/2026,False,False,OK
fact_team_match_stats,extra_json.long_balls_accurate,context,OPTIONAL,54,Bundesliga,2022/2023,612,612,100.0,0,0,306,306,100.0,0.0,0.0,2020/2021,2025/2026,False,False,OK
fact_team_match_stats,extra_json.long_balls_accurate,context,OPTIONAL,54,Bundesliga,2023/2024,612,612,100.0,0,0,306,306,100.0,0.0,0.0,2020/2021,2025/2026,False,False,OK
fact_team_match_stats,extra_json.long_balls_accurate,context,OPTIONAL,54,Bundesliga,2024/2025,612,612,100.0,0,0,306,306,100.0,0.0,0.0,2020/2021,2025/2026,False,False,OK
fact_team_match_stats,extra_json.long_balls_accurate,context,OPTIONAL,54,Bundesliga,2025/2026,612,612,100.0,0,0,306,306,100.0,0.0,0.0,2020/2021,2025/2026,False,False,OK
fact_team_match_stats,extra_json.long_balls_accurate,context,OPTIONAL,55,SerieA,2020/2021,760,758,99.7368,0,0,379,380,99.7368,-0.2632,,2020/2021,2025/2026,False,False,OK
fact_team_match_stats,extra_json.long_balls_accurate,context,OPTIONAL,55,SerieA,2021/2022,760,760,100.0,0,0,380,380,100.0,0.0,0.2632,2020/2021,2025/2026,False,False,OK
fact_team_match_stats,extra_json.long_balls_accurate,context,OPTIONAL,55,SerieA,2022/2023,762,762,100.0,0,0,381,381,100.0,0.0,0.0,2020/2021,2025/2026,False,False,OK
fact_team_match_stats,extra_json.long_balls_accurate,context,OPTIONAL,55,SerieA,2023/2024,760,760,100.0,0,0,380,380,100.0,0.0,0.0,2020/2021,2025/2026,False,False,OK
fact_team_match_stats,extra_json.long_balls_accurate,context,OPTIONAL,55,SerieA,2024/2025,760,760,100.0,0,0,380,380,100.0,0.0,0.0,2020/2021,2025/2026,False,False,OK
fact_team_match_stats,extra_json.long_balls_accurate,context,OPTIONAL,55,SerieA,2025/2026,760,760,100.0,0,0,380,380,100.0,0.0,0.0,2020/2021,2025/2026,False,False,OK
fact_team_match_stats,extra_json.long_balls_accurate,context,OPTIONAL,87,LaLiga,2020/2021,760,760,100.0,0,0,380,380,100.0,0.0,,2020/2021,2025/2026,False,False,OK
fact_team_match_stats,extra_json.long_balls_accurate,context,OPTIONAL,87,LaLiga,2021/2022,760,760,100.0,0,0,380,380,100.0,0.0,0.0,2020/2021,2025/2026,False,False,OK
fact_team_match_stats,extra_json.long_balls_accurate,context,OPTIONAL,87,LaLiga,2022/2023,760,760,100.0,0,0,380,380,100.0,0.0,0.0,2020/2021,2025/2026,False,False,OK
fact_team_match_stats,extra_json.long_balls_accurate,context,OPTIONAL,87,LaLiga,2023/2024,760,758,99.7368,0,0,379,380,99.7368,-0.2632,-0.2632,2020/2021,2025/2026,False,False,OK
fact_team_match_stats,extra_json.long_balls_accurate,context,OPTIONAL,87,LaLiga,2024/2025,760,760,100.0,0,0,380,380,100.0,0.0,0.2632,2020/2021,2025/2026,False,False,OK
fact_team_match_stats,extra_json.long_balls_accurate,context,OPTIONAL,87,LaLiga,2025/2026,760,760,100.0,0,0,380,380,100.0,0.0,0.0,2020/2021,2025/2026,False,False,OK
fact_team_match_stats,extra_json.matchstats.headers.tackles,context,OPTIONAL,47,EPL,2020/2021,760,0,0.0,0,0,0,380,0.0,,,2020/2021,2025/2026,True,False,OK
fact_team_match_stats,extra_json.matchstats.headers.tackles,context,OPTIONAL,47,EPL,2021/2022,760,0,0.0,0,0,0,380,0.0,,0.0,2020/2021,2025/2026,True,False,OK
fact_team_match_stats,extra_json.matchstats.headers.tackles,context,OPTIONAL,47,EPL,2022/2023,760,0,0.0,0,0,0,380,0.0,,0.0,2020/2021,2025/2026,True,False,OK
fact_team_match_stats,extra_json.matchstats.headers.tackles,context,OPTIONAL,47,EPL,2023/2024,760,0,0.0,0,0,0,380,0.0,,0.0,2020/2021,2025/2026,True,False,OK
fact_team_match_stats,extra_json.matchstats.headers.tackles,context,OPTIONAL,47,EPL,2024/2025,760,0,0.0,0,0,0,380,0.0,,0.0,2020/2021,2025/2026,True,False,OK
fact_team_match_stats,extra_json.matchstats.headers.tackles,context,OPTIONAL,47,EPL,2025/2026,760,0,0.0,0,0,0,380,0.0,,0.0,2020/2021,2025/2026,True,False,OK
fact_team_match_stats,extra_json.matchstats.headers.tackles,context,OPTIONAL,53,Ligue1,2020/2021,760,0,0.0,0,0,0,380,0.0,0.0,,2020/2021,2025/2026,True,False,OK
fact_team_match_stats,extra_json.matchstats.headers.tackles,context,OPTIONAL,53,Ligue1,2021/2022,760,0,0.0,0,0,0,380,0.0,0.0,0.0,2020/2021,2025/2026,True,False,OK
fact_team_match_stats,extra_json.matchstats.headers.tackles,context,OPTIONAL,53,Ligue1,2022/2023,760,0,0.0,0,0,0,380,0.0,0.0,0.0,2020/2021,2025/2026,True,False,OK
fact_team_match_stats,extra_json.matchstats.headers.tackles,context,OPTIONAL,53,Ligue1,2023/2024,612,0,0.0,0,0,0,306,0.0,0.0,0.0,2020/2021,2025/2026,True,False,OK
fact_team_match_stats,extra_json.matchstats.headers.tackles,context,OPTIONAL,53,Ligue1,2024/2025,612,0,0.0,0,0,0,306,0.0,0.0,0.0,2020/2021,2025/2026,True,False,OK
fact_team_match_stats,extra_json.matchstats.headers.tackles,context,OPTIONAL,53,Ligue1,2025/2026,612,0,0.0,0,0,0,306,0.0,0.0,0.0,2020/2021,2025/2026,True,False,OK
fact_team_match_stats,extra_json.matchstats.headers.tackles,context,OPTIONAL,54,Bundesliga,2020/2021,612,0,0.0,0,0,0,306,0.0,0.0,,2020/2021,2025/2026,True,False,OK
fact_team_match_stats,extra_json.matchstats.headers.tackles,context,OPTIONAL,54,Bundesliga,2021/2022,612,0,0.0,0,0,0,306,0.0,0.0,0.0,2020/2021,2025/2026,True,False,OK
fact_team_match_stats,extra_json.matchstats.headers.tackles,context,OPTIONAL,54,Bundesliga,2022/2023,612,0,0.0,0,0,0,306,0.0,0.0,0.0,2020/2021,2025/2026,True,False,OK
fact_team_match_stats,extra_json.matchstats.headers.tackles,context,OPTIONAL,54,Bundesliga,2023/2024,612,0,0.0,0,0,0,306,0.0,0.0,0.0,2020/2021,2025/2026,True,False,OK
fact_team_match_stats,extra_json.matchstats.headers.tackles,context,OPTIONAL,54,Bundesliga,2024/2025,612,0,0.0,0,0,0,306,0.0,0.0,0.0,2020/2021,2025/2026,True,False,OK
fact_team_match_stats,extra_json.matchstats.headers.tackles,context,OPTIONAL,54,Bundesliga,2025/2026,612,0,0.0,0,0,0,306,0.0,0.0,0.0,2020/2021,2025/2026,True,False,OK
fact_team_match_stats,extra_json.matchstats.headers.tackles,context,OPTIONAL,55,SerieA,2020/2021,760,0,0.0,0,0,0,380,0.0,0.0,,2020/2021,2025/2026,True,False,OK
fact_team_match_stats,extra_json.matchstats.headers.tackles,context,OPTIONAL,55,SerieA,2021/2022,760,0,0.0,0,0,0,380,0.0,0.0,0.0,2020/2021,2025/2026,True,False,OK
fact_team_match_stats,extra_json.matchstats.headers.tackles,context,OPTIONAL,55,SerieA,2022/2023,762,0,0.0,0,0,0,381,0.0,0.0,0.0,2020/2021,2025/2026,True,False,OK
fact_team_match_stats,extra_json.matchstats.headers.tackles,context,OPTIONAL,55,SerieA,2023/2024,760,0,0.0,0,0,0,380,0.0,0.0,0.0,2020/2021,2025/2026,True,False,OK
fact_team_match_stats,extra_json.matchstats.headers.tackles,context,OPTIONAL,55,SerieA,2024/2025,760,0,0.0,0,0,0,380,0.0,0.0,0.0,2020/2021,2025/2026,True,False,OK
fact_team_match_stats,extra_json.matchstats.headers.tackles,context,OPTIONAL,55,SerieA,2025/2026,760,0,0.0,0,0,0,380,0.0,0.0,0.0,2020/2021,2025/2026,True,False,OK
fact_team_match_stats,extra_json.matchstats.headers.tackles,context,OPTIONAL,87,LaLiga,2020/2021,760,0,0.0,0,0,0,380,0.0,0.0,,2020/2021,2025/2026,True,False,OK
fact_team_match_stats,extra_json.matchstats.headers.tackles,context,OPTIONAL,87,LaLiga,2021/2022,760,0,0.0,0,0,0,380,0.0,0.0,0.0,2020/2021,2025/2026,True,False,OK
fact_team_match_stats,extra_json.matchstats.headers.tackles,context,OPTIONAL,87,LaLiga,2022/2023,760,0,0.0,0,0,0,380,0.0,0.0,0.0,2020/2021,2025/2026,True,False,OK
fact_team_match_stats,extra_json.matchstats.headers.tackles,context,OPTIONAL,87,LaLiga,2023/2024,760,0,0.0,0,0,0,380,0.0,0.0,0.0,2020/2021,2025/2026,True,False,OK
fact_team_match_stats,extra_json.matchstats.headers.tackles,context,OPTIONAL,87,LaLiga,2024/2025,760,0,0.0,0,0,0,380,0.0,0.0,0.0,2020/2021,2025/2026,True,False,OK
fact_team_match_stats,extra_json.matchstats.headers.tackles,context,OPTIONAL,87,LaLiga,2025/2026,760,0,0.0,0,0,0,380,0.0,0.0,0.0,2020/2021,2025/2026,True,False,OK
fact_team_match_stats,extra_json.opposition_half_passes,context,OPTIONAL,47,EPL,2020/2021,760,760,100.0,0,0,380,380,100.0,,,2020/2021,2025/2026,False,False,OK
fact_team_match_stats,extra_json.opposition_half_passes,context,OPTIONAL,47,EPL,2021/2022,760,760,100.0,0,0,380,380,100.0,,0.0,2020/2021,2025/2026,False,False,OK
fact_team_match_stats,extra_json.opposition_half_passes,context,OPTIONAL,47,EPL,2022/2023,760,760,100.0,0,0,380,380,100.0,,0.0,2020/2021,2025/2026,False,False,OK
fact_team_match_stats,extra_json.opposition_half_passes,context,OPTIONAL,47,EPL,2023/2024,760,760,100.0,0,0,380,380,100.0,,0.0,2020/2021,2025/2026,False,False,OK
fact_team_match_stats,extra_json.opposition_half_passes,context,OPTIONAL,47,EPL,2024/2025,760,760,100.0,0,0,380,380,100.0,,0.0,2020/2021,2025/2026,False,False,OK
fact_team_match_stats,extra_json.opposition_half_passes,context,OPTIONAL,47,EPL,2025/2026,760,760,100.0,0,0,380,380,100.0,,0.0,2020/2021,2025/2026,False,False,OK
fact_team_match_stats,extra_json.opposition_half_passes,context,OPTIONAL,53,Ligue1,2020/2021,760,760,100.0,0,0,380,380,100.0,0.0,,2020/2021,2025/2026,False,False,OK
fact_team_match_stats,extra_json.opposition_half_passes,context,OPTIONAL,53,Ligue1,2021/2022,760,760,100.0,0,0,380,380,100.0,0.0,0.0,2020/2021,2025/2026,False,False,OK
fact_team_match_stats,extra_json.opposition_half_passes,context,OPTIONAL,53,Ligue1,2022/2023,760,760,100.0,0,0,380,380,100.0,0.0,0.0,2020/2021,2025/2026,False,False,OK
fact_team_match_stats,extra_json.opposition_half_passes,context,OPTIONAL,53,Ligue1,2023/2024,612,612,100.0,0,0,306,306,100.0,0.0,0.0,2020/2021,2025/2026,False,False,OK
fact_team_match_stats,extra_json.opposition_half_passes,context,OPTIONAL,53,Ligue1,2024/2025,612,612,100.0,0,0,306,306,100.0,0.0,0.0,2020/2021,2025/2026,False,False,OK
fact_team_match_stats,extra_json.opposition_half_passes,context,OPTIONAL,53,Ligue1,2025/2026,612,612,100.0,0,0,306,306,100.0,0.0,0.0,2020/2021,2025/2026,False,False,OK
fact_team_match_stats,extra_json.opposition_half_passes,context,OPTIONAL,54,Bundesliga,2020/2021,612,612,100.0,0,0,306,306,100.0,0.0,,2020/2021,2025/2026,False,False,OK
fact_team_match_stats,extra_json.opposition_half_passes,context,OPTIONAL,54,Bundesliga,2021/2022,612,612,100.0,0,0,306,306,100.0,0.0,0.0,2020/2021,2025/2026,False,False,OK
fact_team_match_stats,extra_json.opposition_half_passes,context,OPTIONAL,54,Bundesliga,2022/2023,612,612,100.0,0,0,306,306,100.0,0.0,0.0,2020/2021,2025/2026,False,False,OK
fact_team_match_stats,extra_json.opposition_half_passes,context,OPTIONAL,54,Bundesliga,2023/2024,612,612,100.0,0,0,306,306,100.0,0.0,0.0,2020/2021,2025/2026,False,False,OK
fact_team_match_stats,extra_json.opposition_half_passes,context,OPTIONAL,54,Bundesliga,2024/2025,612,612,100.0,0,0,306,306,100.0,0.0,0.0,2020/2021,2025/2026,False,False,OK
fact_team_match_stats,extra_json.opposition_half_passes,context,OPTIONAL,54,Bundesliga,2025/2026,612,612,100.0,0,0,306,306,100.0,0.0,0.0,2020/2021,2025/2026,False,False,OK
fact_team_match_stats,extra_json.opposition_half_passes,context,OPTIONAL,55,SerieA,2020/2021,760,758,99.7368,0,0,379,380,99.7368,-0.2632,,2020/2021,2025/2026,False,False,OK
fact_team_match_stats,extra_json.opposition_half_passes,context,OPTIONAL,55,SerieA,2021/2022,760,760,100.0,0,0,380,380,100.0,0.0,0.2632,2020/2021,2025/2026,False,False,OK
fact_team_match_stats,extra_json.opposition_half_passes,context,OPTIONAL,55,SerieA,2022/2023,762,762,100.0,0,0,381,381,100.0,0.0,0.0,2020/2021,2025/2026,False,False,OK
fact_team_match_stats,extra_json.opposition_half_passes,context,OPTIONAL,55,SerieA,2023/2024,760,760,100.0,0,0,380,380,100.0,0.0,0.0,2020/2021,2025/2026,False,False,OK
fact_team_match_stats,extra_json.opposition_half_passes,context,OPTIONAL,55,SerieA,2024/2025,760,760,100.0,0,0,380,380,100.0,0.0,0.0,2020/2021,2025/2026,False,False,OK
fact_team_match_stats,extra_json.opposition_half_passes,context,OPTIONAL,55,SerieA,2025/2026,760,760,100.0,0,0,380,380,100.0,0.0,0.0,2020/2021,2025/2026,False,False,OK
fact_team_match_stats,extra_json.opposition_half_passes,context,OPTIONAL,87,LaLiga,2020/2021,760,760,100.0,0,0,380,380,100.0,0.0,,2020/2021,2025/2026,False,False,OK
fact_team_match_stats,extra_json.opposition_half_passes,context,OPTIONAL,87,LaLiga,2021/2022,760,760,100.0,0,0,380,380,100.0,0.0,0.0,2020/2021,2025/2026,False,False,OK
fact_team_match_stats,extra_json.opposition_half_passes,context,OPTIONAL,87,LaLiga,2022/2023,760,760,100.0,0,0,380,380,100.0,0.0,0.0,2020/2021,2025/2026,False,False,OK
fact_team_match_stats,extra_json.opposition_half_passes,context,OPTIONAL,87,LaLiga,2023/2024,760,758,99.7368,0,0,379,380,99.7368,-0.2632,-0.2632,2020/2021,2025/2026,False,False,OK
fact_team_match_stats,extra_json.opposition_half_passes,context,OPTIONAL,87,LaLiga,2024/2025,760,760,100.0,0,0,380,380,100.0,0.0,0.2632,2020/2021,2025/2026,False,False,OK
fact_team_match_stats,extra_json.opposition_half_passes,context,OPTIONAL,87,LaLiga,2025/2026,760,760,100.0,0,0,380,380,100.0,0.0,0.0,2020/2021,2025/2026,False,False,OK
fact_team_match_stats,extra_json.own_half_passes,context,OPTIONAL,47,EPL,2020/2021,760,760,100.0,0,0,380,380,100.0,,,2020/2021,2025/2026,False,False,OK
fact_team_match_stats,extra_json.own_half_passes,context,OPTIONAL,47,EPL,2021/2022,760,760,100.0,0,0,380,380,100.0,,0.0,2020/2021,2025/2026,False,False,OK
fact_team_match_stats,extra_json.own_half_passes,context,OPTIONAL,47,EPL,2022/2023,760,760,100.0,0,0,380,380,100.0,,0.0,2020/2021,2025/2026,False,False,OK
fact_team_match_stats,extra_json.own_half_passes,context,OPTIONAL,47,EPL,2023/2024,760,760,100.0,0,0,380,380,100.0,,0.0,2020/2021,2025/2026,False,False,OK
fact_team_match_stats,extra_json.own_half_passes,context,OPTIONAL,47,EPL,2024/2025,760,760,100.0,0,0,380,380,100.0,,0.0,2020/2021,2025/2026,False,False,OK
fact_team_match_stats,extra_json.own_half_passes,context,OPTIONAL,47,EPL,2025/2026,760,760,100.0,0,0,380,380,100.0,,0.0,2020/2021,2025/2026,False,False,OK
fact_team_match_stats,extra_json.own_half_passes,context,OPTIONAL,53,Ligue1,2020/2021,760,760,100.0,0,0,380,380,100.0,0.0,,2020/2021,2025/2026,False,False,OK
fact_team_match_stats,extra_json.own_half_passes,context,OPTIONAL,53,Ligue1,2021/2022,760,760,100.0,0,0,380,380,100.0,0.0,0.0,2020/2021,2025/2026,False,False,OK
fact_team_match_stats,extra_json.own_half_passes,context,OPTIONAL,53,Ligue1,2022/2023,760,760,100.0,0,0,380,380,100.0,0.0,0.0,2020/2021,2025/2026,False,False,OK
fact_team_match_stats,extra_json.own_half_passes,context,OPTIONAL,53,Ligue1,2023/2024,612,612,100.0,0,0,306,306,100.0,0.0,0.0,2020/2021,2025/2026,False,False,OK
fact_team_match_stats,extra_json.own_half_passes,context,OPTIONAL,53,Ligue1,2024/2025,612,612,100.0,0,0,306,306,100.0,0.0,0.0,2020/2021,2025/2026,False,False,OK
fact_team_match_stats,extra_json.own_half_passes,context,OPTIONAL,53,Ligue1,2025/2026,612,612,100.0,0,0,306,306,100.0,0.0,0.0,2020/2021,2025/2026,False,False,OK
fact_team_match_stats,extra_json.own_half_passes,context,OPTIONAL,54,Bundesliga,2020/2021,612,612,100.0,0,0,306,306,100.0,0.0,,2020/2021,2025/2026,False,False,OK
fact_team_match_stats,extra_json.own_half_passes,context,OPTIONAL,54,Bundesliga,2021/2022,612,612,100.0,0,0,306,306,100.0,0.0,0.0,2020/2021,2025/2026,False,False,OK
fact_team_match_stats,extra_json.own_half_passes,context,OPTIONAL,54,Bundesliga,2022/2023,612,612,100.0,0,0,306,306,100.0,0.0,0.0,2020/2021,2025/2026,False,False,OK
fact_team_match_stats,extra_json.own_half_passes,context,OPTIONAL,54,Bundesliga,2023/2024,612,612,100.0,0,0,306,306,100.0,0.0,0.0,2020/2021,2025/2026,False,False,OK
fact_team_match_stats,extra_json.own_half_passes,context,OPTIONAL,54,Bundesliga,2024/2025,612,612,100.0,0,0,306,306,100.0,0.0,0.0,2020/2021,2025/2026,False,False,OK
fact_team_match_stats,extra_json.own_half_passes,context,OPTIONAL,54,Bundesliga,2025/2026,612,612,100.0,0,0,306,306,100.0,0.0,0.0,2020/2021,2025/2026,False,False,OK
fact_team_match_stats,extra_json.own_half_passes,context,OPTIONAL,55,SerieA,2020/2021,760,758,99.7368,0,0,379,380,99.7368,-0.2632,,2020/2021,2025/2026,False,False,OK
fact_team_match_stats,extra_json.own_half_passes,context,OPTIONAL,55,SerieA,2021/2022,760,760,100.0,0,0,380,380,100.0,0.0,0.2632,2020/2021,2025/2026,False,False,OK
fact_team_match_stats,extra_json.own_half_passes,context,OPTIONAL,55,SerieA,2022/2023,762,762,100.0,0,0,381,381,100.0,0.0,0.0,2020/2021,2025/2026,False,False,OK
fact_team_match_stats,extra_json.own_half_passes,context,OPTIONAL,55,SerieA,2023/2024,760,760,100.0,0,0,380,380,100.0,0.0,0.0,2020/2021,2025/2026,False,False,OK
fact_team_match_stats,extra_json.own_half_passes,context,OPTIONAL,55,SerieA,2024/2025,760,760,100.0,0,0,380,380,100.0,0.0,0.0,2020/2021,2025/2026,False,False,OK
fact_team_match_stats,extra_json.own_half_passes,context,OPTIONAL,55,SerieA,2025/2026,760,760,100.0,0,0,380,380,100.0,0.0,0.0,2020/2021,2025/2026,False,False,OK
fact_team_match_stats,extra_json.own_half_passes,context,OPTIONAL,87,LaLiga,2020/2021,760,760,100.0,0,0,380,380,100.0,0.0,,2020/2021,2025/2026,False,False,OK
fact_team_match_stats,extra_json.own_half_passes,context,OPTIONAL,87,LaLiga,2021/2022,760,760,100.0,0,0,380,380,100.0,0.0,0.0,2020/2021,2025/2026,False,False,OK
fact_team_match_stats,extra_json.own_half_passes,context,OPTIONAL,87,LaLiga,2022/2023,760,760,100.0,0,0,380,380,100.0,0.0,0.0,2020/2021,2025/2026,False,False,OK
fact_team_match_stats,extra_json.own_half_passes,context,OPTIONAL,87,LaLiga,2023/2024,760,758,99.7368,0,0,379,380,99.7368,-0.2632,-0.2632,2020/2021,2025/2026,False,False,OK
fact_team_match_stats,extra_json.own_half_passes,context,OPTIONAL,87,LaLiga,2024/2025,760,760,100.0,0,0,380,380,100.0,0.0,0.2632,2020/2021,2025/2026,False,False,OK
fact_team_match_stats,extra_json.own_half_passes,context,OPTIONAL,87,LaLiga,2025/2026,760,760,100.0,0,0,380,380,100.0,0.0,0.0,2020/2021,2025/2026,False,False,OK
fact_team_match_stats,extra_json.passes,context,OPTIONAL,47,EPL,2020/2021,760,760,100.0,0,0,380,380,100.0,,,2020/2021,2025/2026,False,False,OK
fact_team_match_stats,extra_json.passes,context,OPTIONAL,47,EPL,2021/2022,760,760,100.0,0,0,380,380,100.0,,0.0,2020/2021,2025/2026,False,False,OK
fact_team_match_stats,extra_json.passes,context,OPTIONAL,47,EPL,2022/2023,760,760,100.0,0,0,380,380,100.0,,0.0,2020/2021,2025/2026,False,False,OK
fact_team_match_stats,extra_json.passes,context,OPTIONAL,47,EPL,2023/2024,760,760,100.0,0,0,380,380,100.0,,0.0,2020/2021,2025/2026,False,False,OK
fact_team_match_stats,extra_json.passes,context,OPTIONAL,47,EPL,2024/2025,760,760,100.0,0,0,380,380,100.0,,0.0,2020/2021,2025/2026,False,False,OK
fact_team_match_stats,extra_json.passes,context,OPTIONAL,47,EPL,2025/2026,760,760,100.0,0,0,380,380,100.0,,0.0,2020/2021,2025/2026,False,False,OK
fact_team_match_stats,extra_json.passes,context,OPTIONAL,53,Ligue1,2020/2021,760,760,100.0,0,0,380,380,100.0,0.0,,2020/2021,2025/2026,False,False,OK
fact_team_match_stats,extra_json.passes,context,OPTIONAL,53,Ligue1,2021/2022,760,760,100.0,0,0,380,380,100.0,0.0,0.0,2020/2021,2025/2026,False,False,OK
fact_team_match_stats,extra_json.passes,context,OPTIONAL,53,Ligue1,2022/2023,760,760,100.0,0,0,380,380,100.0,0.0,0.0,2020/2021,2025/2026,False,False,OK
fact_team_match_stats,extra_json.passes,context,OPTIONAL,53,Ligue1,2023/2024,612,612,100.0,0,0,306,306,100.0,0.0,0.0,2020/2021,2025/2026,False,False,OK
fact_team_match_stats,extra_json.passes,context,OPTIONAL,53,Ligue1,2024/2025,612,612,100.0,0,0,306,306,100.0,0.0,0.0,2020/2021,2025/2026,False,False,OK
fact_team_match_stats,extra_json.passes,context,OPTIONAL,53,Ligue1,2025/2026,612,612,100.0,0,0,306,306,100.0,0.0,0.0,2020/2021,2025/2026,False,False,OK
fact_team_match_stats,extra_json.passes,context,OPTIONAL,54,Bundesliga,2020/2021,612,612,100.0,0,0,306,306,100.0,0.0,,2020/2021,2025/2026,False,False,OK
fact_team_match_stats,extra_json.passes,context,OPTIONAL,54,Bundesliga,2021/2022,612,612,100.0,0,0,306,306,100.0,0.0,0.0,2020/2021,2025/2026,False,False,OK
fact_team_match_stats,extra_json.passes,context,OPTIONAL,54,Bundesliga,2022/2023,612,612,100.0,0,0,306,306,100.0,0.0,0.0,2020/2021,2025/2026,False,False,OK
fact_team_match_stats,extra_json.passes,context,OPTIONAL,54,Bundesliga,2023/2024,612,612,100.0,0,0,306,306,100.0,0.0,0.0,2020/2021,2025/2026,False,False,OK
fact_team_match_stats,extra_json.passes,context,OPTIONAL,54,Bundesliga,2024/2025,612,612,100.0,0,0,306,306,100.0,0.0,0.0,2020/2021,2025/2026,False,False,OK
fact_team_match_stats,extra_json.passes,context,OPTIONAL,54,Bundesliga,2025/2026,612,612,100.0,0,0,306,306,100.0,0.0,0.0,2020/2021,2025/2026,False,False,OK
fact_team_match_stats,extra_json.passes,context,OPTIONAL,55,SerieA,2020/2021,760,758,99.7368,0,0,379,380,99.7368,-0.2632,,2020/2021,2025/2026,False,False,OK
fact_team_match_stats,extra_json.passes,context,OPTIONAL,55,SerieA,2021/2022,760,760,100.0,0,0,380,380,100.0,0.0,0.2632,2020/2021,2025/2026,False,False,OK
fact_team_match_stats,extra_json.passes,context,OPTIONAL,55,SerieA,2022/2023,762,762,100.0,0,0,381,381,100.0,0.0,0.0,2020/2021,2025/2026,False,False,OK
fact_team_match_stats,extra_json.passes,context,OPTIONAL,55,SerieA,2023/2024,760,760,100.0,0,0,380,380,100.0,0.0,0.0,2020/2021,2025/2026,False,False,OK
fact_team_match_stats,extra_json.passes,context,OPTIONAL,55,SerieA,2024/2025,760,760,100.0,0,0,380,380,100.0,0.0,0.0,2020/2021,2025/2026,False,False,OK
fact_team_match_stats,extra_json.passes,context,OPTIONAL,55,SerieA,2025/2026,760,760,100.0,0,0,380,380,100.0,0.0,0.0,2020/2021,2025/2026,False,False,OK
fact_team_match_stats,extra_json.passes,context,OPTIONAL,87,LaLiga,2020/2021,760,760,100.0,0,0,380,380,100.0,0.0,,2020/2021,2025/2026,False,False,OK
fact_team_match_stats,extra_json.passes,context,OPTIONAL,87,LaLiga,2021/2022,760,760,100.0,0,0,380,380,100.0,0.0,0.0,2020/2021,2025/2026,False,False,OK
fact_team_match_stats,extra_json.passes,context,OPTIONAL,87,LaLiga,2022/2023,760,760,100.0,0,0,380,380,100.0,0.0,0.0,2020/2021,2025/2026,False,False,OK
fact_team_match_stats,extra_json.passes,context,OPTIONAL,87,LaLiga,2023/2024,760,758,99.7368,0,0,379,380,99.7368,-0.2632,-0.2632,2020/2021,2025/2026,False,False,OK
fact_team_match_stats,extra_json.passes,context,OPTIONAL,87,LaLiga,2024/2025,760,760,100.0,0,0,380,380,100.0,0.0,0.2632,2020/2021,2025/2026,False,False,OK
fact_team_match_stats,extra_json.passes,context,OPTIONAL,87,LaLiga,2025/2026,760,760,100.0,0,0,380,380,100.0,0.0,0.0,2020/2021,2025/2026,False,False,OK
fact_team_match_stats,extra_json.physical_metrics,context,OPTIONAL,47,EPL,2020/2021,760,0,0.0,0,0,0,380,0.0,,,2020/2021,2025/2026,True,False,OK
fact_team_match_stats,extra_json.physical_metrics,context,OPTIONAL,47,EPL,2021/2022,760,0,0.0,0,0,0,380,0.0,,0.0,2020/2021,2025/2026,True,False,OK
fact_team_match_stats,extra_json.physical_metrics,context,OPTIONAL,47,EPL,2022/2023,760,0,0.0,0,0,0,380,0.0,,0.0,2020/2021,2025/2026,True,False,OK
fact_team_match_stats,extra_json.physical_metrics,context,OPTIONAL,47,EPL,2023/2024,760,0,0.0,0,0,0,380,0.0,,0.0,2020/2021,2025/2026,True,False,OK
fact_team_match_stats,extra_json.physical_metrics,context,OPTIONAL,47,EPL,2024/2025,760,0,0.0,0,0,0,380,0.0,,0.0,2020/2021,2025/2026,True,False,OK
fact_team_match_stats,extra_json.physical_metrics,context,OPTIONAL,47,EPL,2025/2026,760,0,0.0,0,0,0,380,0.0,,0.0,2020/2021,2025/2026,True,False,OK
fact_team_match_stats,extra_json.physical_metrics,context,OPTIONAL,53,Ligue1,2020/2021,760,0,0.0,0,0,0,380,0.0,0.0,,2020/2021,2025/2026,True,False,OK
fact_team_match_stats,extra_json.physical_metrics,context,OPTIONAL,53,Ligue1,2021/2022,760,0,0.0,0,0,0,380,0.0,0.0,0.0,2020/2021,2025/2026,True,False,OK
fact_team_match_stats,extra_json.physical_metrics,context,OPTIONAL,53,Ligue1,2022/2023,760,0,0.0,0,0,0,380,0.0,0.0,0.0,2020/2021,2025/2026,True,False,OK
fact_team_match_stats,extra_json.physical_metrics,context,OPTIONAL,53,Ligue1,2023/2024,612,0,0.0,0,0,0,306,0.0,0.0,0.0,2020/2021,2025/2026,True,False,OK
fact_team_match_stats,extra_json.physical_metrics,context,OPTIONAL,53,Ligue1,2024/2025,612,0,0.0,0,0,0,306,0.0,0.0,0.0,2020/2021,2025/2026,True,False,OK
fact_team_match_stats,extra_json.physical_metrics,context,OPTIONAL,53,Ligue1,2025/2026,612,0,0.0,0,0,0,306,0.0,0.0,0.0,2020/2021,2025/2026,True,False,OK
fact_team_match_stats,extra_json.physical_metrics,context,OPTIONAL,54,Bundesliga,2020/2021,612,0,0.0,0,0,0,306,0.0,0.0,,2020/2021,2025/2026,True,False,OK
fact_team_match_stats,extra_json.physical_metrics,context,OPTIONAL,54,Bundesliga,2021/2022,612,0,0.0,0,0,0,306,0.0,0.0,0.0,2020/2021,2025/2026,True,False,OK
fact_team_match_stats,extra_json.physical_metrics,context,OPTIONAL,54,Bundesliga,2022/2023,612,0,0.0,0,0,0,306,0.0,0.0,0.0,2020/2021,2025/2026,True,False,OK
fact_team_match_stats,extra_json.physical_metrics,context,OPTIONAL,54,Bundesliga,2023/2024,612,0,0.0,0,0,0,306,0.0,0.0,0.0,2020/2021,2025/2026,True,False,OK
fact_team_match_stats,extra_json.physical_metrics,context,OPTIONAL,54,Bundesliga,2024/2025,612,0,0.0,0,0,0,306,0.0,0.0,0.0,2020/2021,2025/2026,True,False,OK
fact_team_match_stats,extra_json.physical_metrics,context,OPTIONAL,54,Bundesliga,2025/2026,612,0,0.0,0,0,0,306,0.0,0.0,0.0,2020/2021,2025/2026,True,False,OK
fact_team_match_stats,extra_json.physical_metrics,context,OPTIONAL,55,SerieA,2020/2021,760,0,0.0,0,0,0,380,0.0,0.0,,2020/2021,2025/2026,True,False,OK
fact_team_match_stats,extra_json.physical_metrics,context,OPTIONAL,55,SerieA,2021/2022,760,0,0.0,0,0,0,380,0.0,0.0,0.0,2020/2021,2025/2026,True,False,OK
fact_team_match_stats,extra_json.physical_metrics,context,OPTIONAL,55,SerieA,2022/2023,762,0,0.0,0,0,0,381,0.0,0.0,0.0,2020/2021,2025/2026,True,False,OK
fact_team_match_stats,extra_json.physical_metrics,context,OPTIONAL,55,SerieA,2023/2024,760,0,0.0,0,0,0,380,0.0,0.0,0.0,2020/2021,2025/2026,True,False,OK
fact_team_match_stats,extra_json.physical_metrics,context,OPTIONAL,55,SerieA,2024/2025,760,0,0.0,0,0,0,380,0.0,0.0,0.0,2020/2021,2025/2026,True,False,OK
fact_team_match_stats,extra_json.physical_metrics,context,OPTIONAL,55,SerieA,2025/2026,760,0,0.0,0,0,0,380,0.0,0.0,0.0,2020/2021,2025/2026,True,False,OK
fact_team_match_stats,extra_json.physical_metrics,context,OPTIONAL,87,LaLiga,2020/2021,760,0,0.0,0,0,0,380,0.0,0.0,,2020/2021,2025/2026,True,False,OK
fact_team_match_stats,extra_json.physical_metrics,context,OPTIONAL,87,LaLiga,2021/2022,760,0,0.0,0,0,0,380,0.0,0.0,0.0,2020/2021,2025/2026,True,False,OK
fact_team_match_stats,extra_json.physical_metrics,context,OPTIONAL,87,LaLiga,2022/2023,760,0,0.0,0,0,0,380,0.0,0.0,0.0,2020/2021,2025/2026,True,False,OK
fact_team_match_stats,extra_json.physical_metrics,context,OPTIONAL,87,LaLiga,2023/2024,760,0,0.0,0,0,0,380,0.0,0.0,0.0,2020/2021,2025/2026,True,False,OK
fact_team_match_stats,extra_json.physical_metrics,context,OPTIONAL,87,LaLiga,2024/2025,760,0,0.0,0,0,0,380,0.0,0.0,0.0,2020/2021,2025/2026,True,False,OK
fact_team_match_stats,extra_json.physical_metrics,context,OPTIONAL,87,LaLiga,2025/2026,760,0,0.0,0,0,0,380,0.0,0.0,0.0,2020/2021,2025/2026,True,False,OK
fact_team_match_stats,extra_json.physical_metrics_distance_covered,context,OPTIONAL,47,EPL,2020/2021,760,0,0.0,0,0,0,380,0.0,,,2020/2021,2025/2026,True,False,OK
fact_team_match_stats,extra_json.physical_metrics_distance_covered,context,OPTIONAL,47,EPL,2021/2022,760,0,0.0,0,0,0,380,0.0,,0.0,2020/2021,2025/2026,True,False,OK
fact_team_match_stats,extra_json.physical_metrics_distance_covered,context,OPTIONAL,47,EPL,2022/2023,760,0,0.0,0,0,0,380,0.0,,0.0,2020/2021,2025/2026,True,False,OK
fact_team_match_stats,extra_json.physical_metrics_distance_covered,context,OPTIONAL,47,EPL,2023/2024,760,0,0.0,0,0,0,380,0.0,,0.0,2020/2021,2025/2026,True,False,OK
fact_team_match_stats,extra_json.physical_metrics_distance_covered,context,OPTIONAL,47,EPL,2024/2025,760,26,3.4211,0,0,13,380,3.4211,,3.4211,2020/2021,2025/2026,False,False,OK
fact_team_match_stats,extra_json.physical_metrics_distance_covered,context,OPTIONAL,47,EPL,2025/2026,760,0,0.0,0,0,0,380,0.0,,-3.4211,2020/2021,2025/2026,True,False,OK
fact_team_match_stats,extra_json.physical_metrics_distance_covered,context,OPTIONAL,53,Ligue1,2020/2021,760,0,0.0,0,0,0,380,0.0,0.0,,2020/2021,2025/2026,True,False,OK
fact_team_match_stats,extra_json.physical_metrics_distance_covered,context,OPTIONAL,53,Ligue1,2021/2022,760,0,0.0,0,0,0,380,0.0,0.0,0.0,2020/2021,2025/2026,True,False,OK
fact_team_match_stats,extra_json.physical_metrics_distance_covered,context,OPTIONAL,53,Ligue1,2022/2023,760,0,0.0,0,0,0,380,0.0,0.0,0.0,2020/2021,2025/2026,True,False,OK
fact_team_match_stats,extra_json.physical_metrics_distance_covered,context,OPTIONAL,53,Ligue1,2023/2024,612,0,0.0,0,0,0,306,0.0,0.0,0.0,2020/2021,2025/2026,True,False,OK
fact_team_match_stats,extra_json.physical_metrics_distance_covered,context,OPTIONAL,53,Ligue1,2024/2025,612,0,0.0,0,0,0,306,0.0,-3.4211,0.0,2020/2021,2025/2026,True,False,OK
fact_team_match_stats,extra_json.physical_metrics_distance_covered,context,OPTIONAL,53,Ligue1,2025/2026,612,0,0.0,0,0,0,306,0.0,0.0,0.0,2020/2021,2025/2026,True,False,OK
fact_team_match_stats,extra_json.physical_metrics_distance_covered,context,OPTIONAL,54,Bundesliga,2020/2021,612,0,0.0,0,0,0,306,0.0,0.0,,2020/2021,2025/2026,True,False,OK
fact_team_match_stats,extra_json.physical_metrics_distance_covered,context,OPTIONAL,54,Bundesliga,2021/2022,612,0,0.0,0,0,0,306,0.0,0.0,0.0,2020/2021,2025/2026,True,False,OK
fact_team_match_stats,extra_json.physical_metrics_distance_covered,context,OPTIONAL,54,Bundesliga,2022/2023,612,0,0.0,0,0,0,306,0.0,0.0,0.0,2020/2021,2025/2026,True,False,OK
fact_team_match_stats,extra_json.physical_metrics_distance_covered,context,OPTIONAL,54,Bundesliga,2023/2024,612,0,0.0,0,0,0,306,0.0,0.0,0.0,2020/2021,2025/2026,True,False,OK
fact_team_match_stats,extra_json.physical_metrics_distance_covered,context,OPTIONAL,54,Bundesliga,2024/2025,612,0,0.0,0,0,0,306,0.0,-3.4211,0.0,2020/2021,2025/2026,True,False,OK
fact_team_match_stats,extra_json.physical_metrics_distance_covered,context,OPTIONAL,54,Bundesliga,2025/2026,612,0,0.0,0,0,0,306,0.0,0.0,0.0,2020/2021,2025/2026,True,False,OK
fact_team_match_stats,extra_json.physical_metrics_distance_covered,context,OPTIONAL,55,SerieA,2020/2021,760,0,0.0,0,0,0,380,0.0,0.0,,2020/2021,2025/2026,True,False,OK
fact_team_match_stats,extra_json.physical_metrics_distance_covered,context,OPTIONAL,55,SerieA,2021/2022,760,0,0.0,0,0,0,380,0.0,0.0,0.0,2020/2021,2025/2026,True,False,OK
fact_team_match_stats,extra_json.physical_metrics_distance_covered,context,OPTIONAL,55,SerieA,2022/2023,762,0,0.0,0,0,0,381,0.0,0.0,0.0,2020/2021,2025/2026,True,False,OK
fact_team_match_stats,extra_json.physical_metrics_distance_covered,context,OPTIONAL,55,SerieA,2023/2024,760,0,0.0,0,0,0,380,0.0,0.0,0.0,2020/2021,2025/2026,True,False,OK
fact_team_match_stats,extra_json.physical_metrics_distance_covered,context,OPTIONAL,55,SerieA,2024/2025,760,0,0.0,0,0,0,380,0.0,-3.4211,0.0,2020/2021,2025/2026,True,False,OK
fact_team_match_stats,extra_json.physical_metrics_distance_covered,context,OPTIONAL,55,SerieA,2025/2026,760,0,0.0,0,0,0,380,0.0,0.0,0.0,2020/2021,2025/2026,True,False,OK
fact_team_match_stats,extra_json.physical_metrics_distance_covered,context,OPTIONAL,87,LaLiga,2020/2021,760,0,0.0,0,0,0,380,0.0,0.0,,2020/2021,2025/2026,True,False,OK
fact_team_match_stats,extra_json.physical_metrics_distance_covered,context,OPTIONAL,87,LaLiga,2021/2022,760,0,0.0,0,0,0,380,0.0,0.0,0.0,2020/2021,2025/2026,True,False,OK
fact_team_match_stats,extra_json.physical_metrics_distance_covered,context,OPTIONAL,87,LaLiga,2022/2023,760,0,0.0,0,0,0,380,0.0,0.0,0.0,2020/2021,2025/2026,True,False,OK
fact_team_match_stats,extra_json.physical_metrics_distance_covered,context,OPTIONAL,87,LaLiga,2023/2024,760,0,0.0,0,0,0,380,0.0,0.0,0.0,2020/2021,2025/2026,True,False,OK
fact_team_match_stats,extra_json.physical_metrics_distance_covered,context,OPTIONAL,87,LaLiga,2024/2025,760,0,0.0,0,0,0,380,0.0,-3.4211,0.0,2020/2021,2025/2026,True,False,OK
fact_team_match_stats,extra_json.physical_metrics_distance_covered,context,OPTIONAL,87,LaLiga,2025/2026,760,0,0.0,0,0,0,380,0.0,0.0,0.0,2020/2021,2025/2026,True,False,OK
fact_team_match_stats,extra_json.physical_metrics_number_of_sprints,context,OPTIONAL,47,EPL,2020/2021,760,0,0.0,0,0,0,380,0.0,,,2020/2021,2025/2026,True,False,OK
fact_team_match_stats,extra_json.physical_metrics_number_of_sprints,context,OPTIONAL,47,EPL,2021/2022,760,0,0.0,0,0,0,380,0.0,,0.0,2020/2021,2025/2026,True,False,OK
fact_team_match_stats,extra_json.physical_metrics_number_of_sprints,context,OPTIONAL,47,EPL,2022/2023,760,0,0.0,0,0,0,380,0.0,,0.0,2020/2021,2025/2026,True,False,OK
fact_team_match_stats,extra_json.physical_metrics_number_of_sprints,context,OPTIONAL,47,EPL,2023/2024,760,0,0.0,0,0,0,380,0.0,,0.0,2020/2021,2025/2026,True,False,OK
fact_team_match_stats,extra_json.physical_metrics_number_of_sprints,context,OPTIONAL,47,EPL,2024/2025,760,26,3.4211,0,0,13,380,3.4211,,3.4211,2020/2021,2025/2026,False,False,OK
fact_team_match_stats,extra_json.physical_metrics_number_of_sprints,context,OPTIONAL,47,EPL,2025/2026,760,0,0.0,0,0,0,380,0.0,,-3.4211,2020/2021,2025/2026,True,False,OK
fact_team_match_stats,extra_json.physical_metrics_number_of_sprints,context,OPTIONAL,53,Ligue1,2020/2021,760,0,0.0,0,0,0,380,0.0,0.0,,2020/2021,2025/2026,True,False,OK
fact_team_match_stats,extra_json.physical_metrics_number_of_sprints,context,OPTIONAL,53,Ligue1,2021/2022,760,0,0.0,0,0,0,380,0.0,0.0,0.0,2020/2021,2025/2026,True,False,OK
fact_team_match_stats,extra_json.physical_metrics_number_of_sprints,context,OPTIONAL,53,Ligue1,2022/2023,760,0,0.0,0,0,0,380,0.0,0.0,0.0,2020/2021,2025/2026,True,False,OK
fact_team_match_stats,extra_json.physical_metrics_number_of_sprints,context,OPTIONAL,53,Ligue1,2023/2024,612,0,0.0,0,0,0,306,0.0,0.0,0.0,2020/2021,2025/2026,True,False,OK
fact_team_match_stats,extra_json.physical_metrics_number_of_sprints,context,OPTIONAL,53,Ligue1,2024/2025,612,0,0.0,0,0,0,306,0.0,-3.4211,0.0,2020/2021,2025/2026,True,False,OK
fact_team_match_stats,extra_json.physical_metrics_number_of_sprints,context,OPTIONAL,53,Ligue1,2025/2026,612,0,0.0,0,0,0,306,0.0,0.0,0.0,2020/2021,2025/2026,True,False,OK
fact_team_match_stats,extra_json.physical_metrics_number_of_sprints,context,OPTIONAL,54,Bundesliga,2020/2021,612,0,0.0,0,0,0,306,0.0,0.0,,2020/2021,2025/2026,True,False,OK
fact_team_match_stats,extra_json.physical_metrics_number_of_sprints,context,OPTIONAL,54,Bundesliga,2021/2022,612,0,0.0,0,0,0,306,0.0,0.0,0.0,2020/2021,2025/2026,True,False,OK
fact_team_match_stats,extra_json.physical_metrics_number_of_sprints,context,OPTIONAL,54,Bundesliga,2022/2023,612,0,0.0,0,0,0,306,0.0,0.0,0.0,2020/2021,2025/2026,True,False,OK
fact_team_match_stats,extra_json.physical_metrics_number_of_sprints,context,OPTIONAL,54,Bundesliga,2023/2024,612,0,0.0,0,0,0,306,0.0,0.0,0.0,2020/2021,2025/2026,True,False,OK
fact_team_match_stats,extra_json.physical_metrics_number_of_sprints,context,OPTIONAL,54,Bundesliga,2024/2025,612,0,0.0,0,0,0,306,0.0,-3.4211,0.0,2020/2021,2025/2026,True,False,OK
fact_team_match_stats,extra_json.physical_metrics_number_of_sprints,context,OPTIONAL,54,Bundesliga,2025/2026,612,0,0.0,0,0,0,306,0.0,0.0,0.0,2020/2021,2025/2026,True,False,OK
fact_team_match_stats,extra_json.physical_metrics_number_of_sprints,context,OPTIONAL,55,SerieA,2020/2021,760,0,0.0,0,0,0,380,0.0,0.0,,2020/2021,2025/2026,True,False,OK
fact_team_match_stats,extra_json.physical_metrics_number_of_sprints,context,OPTIONAL,55,SerieA,2021/2022,760,0,0.0,0,0,0,380,0.0,0.0,0.0,2020/2021,2025/2026,True,False,OK
fact_team_match_stats,extra_json.physical_metrics_number_of_sprints,context,OPTIONAL,55,SerieA,2022/2023,762,0,0.0,0,0,0,381,0.0,0.0,0.0,2020/2021,2025/2026,True,False,OK
fact_team_match_stats,extra_json.physical_metrics_number_of_sprints,context,OPTIONAL,55,SerieA,2023/2024,760,0,0.0,0,0,0,380,0.0,0.0,0.0,2020/2021,2025/2026,True,False,OK
fact_team_match_stats,extra_json.physical_metrics_number_of_sprints,context,OPTIONAL,55,SerieA,2024/2025,760,0,0.0,0,0,0,380,0.0,-3.4211,0.0,2020/2021,2025/2026,True,False,OK
fact_team_match_stats,extra_json.physical_metrics_number_of_sprints,context,OPTIONAL,55,SerieA,2025/2026,760,0,0.0,0,0,0,380,0.0,0.0,0.0,2020/2021,2025/2026,True,False,OK
fact_team_match_stats,extra_json.physical_metrics_number_of_sprints,context,OPTIONAL,87,LaLiga,2020/2021,760,0,0.0,0,0,0,380,0.0,0.0,,2020/2021,2025/2026,True,False,OK
fact_team_match_stats,extra_json.physical_metrics_number_of_sprints,context,OPTIONAL,87,LaLiga,2021/2022,760,0,0.0,0,0,0,380,0.0,0.0,0.0,2020/2021,2025/2026,True,False,OK
fact_team_match_stats,extra_json.physical_metrics_number_of_sprints,context,OPTIONAL,87,LaLiga,2022/2023,760,0,0.0,0,0,0,380,0.0,0.0,0.0,2020/2021,2025/2026,True,False,OK
fact_team_match_stats,extra_json.physical_metrics_number_of_sprints,context,OPTIONAL,87,LaLiga,2023/2024,760,0,0.0,0,0,0,380,0.0,0.0,0.0,2020/2021,2025/2026,True,False,OK
fact_team_match_stats,extra_json.physical_metrics_number_of_sprints,context,OPTIONAL,87,LaLiga,2024/2025,760,0,0.0,0,0,0,380,0.0,-3.4211,0.0,2020/2021,2025/2026,True,False,OK
fact_team_match_stats,extra_json.physical_metrics_number_of_sprints,context,OPTIONAL,87,LaLiga,2025/2026,760,0,0.0,0,0,0,380,0.0,0.0,0.0,2020/2021,2025/2026,True,False,OK
fact_team_match_stats,extra_json.physical_metrics_running,context,OPTIONAL,47,EPL,2020/2021,760,0,0.0,0,0,0,380,0.0,,,2020/2021,2025/2026,True,False,OK
fact_team_match_stats,extra_json.physical_metrics_running,context,OPTIONAL,47,EPL,2021/2022,760,0,0.0,0,0,0,380,0.0,,0.0,2020/2021,2025/2026,True,False,OK
fact_team_match_stats,extra_json.physical_metrics_running,context,OPTIONAL,47,EPL,2022/2023,760,0,0.0,0,0,0,380,0.0,,0.0,2020/2021,2025/2026,True,False,OK
fact_team_match_stats,extra_json.physical_metrics_running,context,OPTIONAL,47,EPL,2023/2024,760,0,0.0,0,0,0,380,0.0,,0.0,2020/2021,2025/2026,True,False,OK
fact_team_match_stats,extra_json.physical_metrics_running,context,OPTIONAL,47,EPL,2024/2025,760,26,3.4211,0,0,13,380,3.4211,,3.4211,2020/2021,2025/2026,False,False,OK
fact_team_match_stats,extra_json.physical_metrics_running,context,OPTIONAL,47,EPL,2025/2026,760,0,0.0,0,0,0,380,0.0,,-3.4211,2020/2021,2025/2026,True,False,OK
fact_team_match_stats,extra_json.physical_metrics_running,context,OPTIONAL,53,Ligue1,2020/2021,760,0,0.0,0,0,0,380,0.0,0.0,,2020/2021,2025/2026,True,False,OK
fact_team_match_stats,extra_json.physical_metrics_running,context,OPTIONAL,53,Ligue1,2021/2022,760,0,0.0,0,0,0,380,0.0,0.0,0.0,2020/2021,2025/2026,True,False,OK
fact_team_match_stats,extra_json.physical_metrics_running,context,OPTIONAL,53,Ligue1,2022/2023,760,0,0.0,0,0,0,380,0.0,0.0,0.0,2020/2021,2025/2026,True,False,OK
fact_team_match_stats,extra_json.physical_metrics_running,context,OPTIONAL,53,Ligue1,2023/2024,612,0,0.0,0,0,0,306,0.0,0.0,0.0,2020/2021,2025/2026,True,False,OK
fact_team_match_stats,extra_json.physical_metrics_running,context,OPTIONAL,53,Ligue1,2024/2025,612,0,0.0,0,0,0,306,0.0,-3.4211,0.0,2020/2021,2025/2026,True,False,OK
fact_team_match_stats,extra_json.physical_metrics_running,context,OPTIONAL,53,Ligue1,2025/2026,612,0,0.0,0,0,0,306,0.0,0.0,0.0,2020/2021,2025/2026,True,False,OK
fact_team_match_stats,extra_json.physical_metrics_running,context,OPTIONAL,54,Bundesliga,2020/2021,612,0,0.0,0,0,0,306,0.0,0.0,,2020/2021,2025/2026,True,False,OK
fact_team_match_stats,extra_json.physical_metrics_running,context,OPTIONAL,54,Bundesliga,2021/2022,612,0,0.0,0,0,0,306,0.0,0.0,0.0,2020/2021,2025/2026,True,False,OK
fact_team_match_stats,extra_json.physical_metrics_running,context,OPTIONAL,54,Bundesliga,2022/2023,612,0,0.0,0,0,0,306,0.0,0.0,0.0,2020/2021,2025/2026,True,False,OK
fact_team_match_stats,extra_json.physical_metrics_running,context,OPTIONAL,54,Bundesliga,2023/2024,612,0,0.0,0,0,0,306,0.0,0.0,0.0,2020/2021,2025/2026,True,False,OK
fact_team_match_stats,extra_json.physical_metrics_running,context,OPTIONAL,54,Bundesliga,2024/2025,612,0,0.0,0,0,0,306,0.0,-3.4211,0.0,2020/2021,2025/2026,True,False,OK
fact_team_match_stats,extra_json.physical_metrics_running,context,OPTIONAL,54,Bundesliga,2025/2026,612,0,0.0,0,0,0,306,0.0,0.0,0.0,2020/2021,2025/2026,True,False,OK
fact_team_match_stats,extra_json.physical_metrics_running,context,OPTIONAL,55,SerieA,2020/2021,760,0,0.0,0,0,0,380,0.0,0.0,,2020/2021,2025/2026,True,False,OK
fact_team_match_stats,extra_json.physical_metrics_running,context,OPTIONAL,55,SerieA,2021/2022,760,0,0.0,0,0,0,380,0.0,0.0,0.0,2020/2021,2025/2026,True,False,OK
fact_team_match_stats,extra_json.physical_metrics_running,context,OPTIONAL,55,SerieA,2022/2023,762,0,0.0,0,0,0,381,0.0,0.0,0.0,2020/2021,2025/2026,True,False,OK
fact_team_match_stats,extra_json.physical_metrics_running,context,OPTIONAL,55,SerieA,2023/2024,760,0,0.0,0,0,0,380,0.0,0.0,0.0,2020/2021,2025/2026,True,False,OK
fact_team_match_stats,extra_json.physical_metrics_running,context,OPTIONAL,55,SerieA,2024/2025,760,0,0.0,0,0,0,380,0.0,-3.4211,0.0,2020/2021,2025/2026,True,False,OK
fact_team_match_stats,extra_json.physical_metrics_running,context,OPTIONAL,55,SerieA,2025/2026,760,0,0.0,0,0,0,380,0.0,0.0,0.0,2020/2021,2025/2026,True,False,OK
fact_team_match_stats,extra_json.physical_metrics_running,context,OPTIONAL,87,LaLiga,2020/2021,760,0,0.0,0,0,0,380,0.0,0.0,,2020/2021,2025/2026,True,False,OK
fact_team_match_stats,extra_json.physical_metrics_running,context,OPTIONAL,87,LaLiga,2021/2022,760,0,0.0,0,0,0,380,0.0,0.0,0.0,2020/2021,2025/2026,True,False,OK
fact_team_match_stats,extra_json.physical_metrics_running,context,OPTIONAL,87,LaLiga,2022/2023,760,0,0.0,0,0,0,380,0.0,0.0,0.0,2020/2021,2025/2026,True,False,OK
fact_team_match_stats,extra_json.physical_metrics_running,context,OPTIONAL,87,LaLiga,2023/2024,760,0,0.0,0,0,0,380,0.0,0.0,0.0,2020/2021,2025/2026,True,False,OK
fact_team_match_stats,extra_json.physical_metrics_running,context,OPTIONAL,87,LaLiga,2024/2025,760,0,0.0,0,0,0,380,0.0,-3.4211,0.0,2020/2021,2025/2026,True,False,OK
fact_team_match_stats,extra_json.physical_metrics_running,context,OPTIONAL,87,LaLiga,2025/2026,760,0,0.0,0,0,0,380,0.0,0.0,0.0,2020/2021,2025/2026,True,False,OK
fact_team_match_stats,extra_json.physical_metrics_sprinting,context,OPTIONAL,47,EPL,2020/2021,760,0,0.0,0,0,0,380,0.0,,,2020/2021,2025/2026,True,False,OK
fact_team_match_stats,extra_json.physical_metrics_sprinting,context,OPTIONAL,47,EPL,2021/2022,760,0,0.0,0,0,0,380,0.0,,0.0,2020/2021,2025/2026,True,False,OK
fact_team_match_stats,extra_json.physical_metrics_sprinting,context,OPTIONAL,47,EPL,2022/2023,760,0,0.0,0,0,0,380,0.0,,0.0,2020/2021,2025/2026,True,False,OK
fact_team_match_stats,extra_json.physical_metrics_sprinting,context,OPTIONAL,47,EPL,2023/2024,760,0,0.0,0,0,0,380,0.0,,0.0,2020/2021,2025/2026,True,False,OK
fact_team_match_stats,extra_json.physical_metrics_sprinting,context,OPTIONAL,47,EPL,2024/2025,760,26,3.4211,0,0,13,380,3.4211,,3.4211,2020/2021,2025/2026,False,False,OK
fact_team_match_stats,extra_json.physical_metrics_sprinting,context,OPTIONAL,47,EPL,2025/2026,760,0,0.0,0,0,0,380,0.0,,-3.4211,2020/2021,2025/2026,True,False,OK
fact_team_match_stats,extra_json.physical_metrics_sprinting,context,OPTIONAL,53,Ligue1,2020/2021,760,0,0.0,0,0,0,380,0.0,0.0,,2020/2021,2025/2026,True,False,OK
fact_team_match_stats,extra_json.physical_metrics_sprinting,context,OPTIONAL,53,Ligue1,2021/2022,760,0,0.0,0,0,0,380,0.0,0.0,0.0,2020/2021,2025/2026,True,False,OK
fact_team_match_stats,extra_json.physical_metrics_sprinting,context,OPTIONAL,53,Ligue1,2022/2023,760,0,0.0,0,0,0,380,0.0,0.0,0.0,2020/2021,2025/2026,True,False,OK
fact_team_match_stats,extra_json.physical_metrics_sprinting,context,OPTIONAL,53,Ligue1,2023/2024,612,0,0.0,0,0,0,306,0.0,0.0,0.0,2020/2021,2025/2026,True,False,OK
fact_team_match_stats,extra_json.physical_metrics_sprinting,context,OPTIONAL,53,Ligue1,2024/2025,612,0,0.0,0,0,0,306,0.0,-3.4211,0.0,2020/2021,2025/2026,True,False,OK
fact_team_match_stats,extra_json.physical_metrics_sprinting,context,OPTIONAL,53,Ligue1,2025/2026,612,0,0.0,0,0,0,306,0.0,0.0,0.0,2020/2021,2025/2026,True,False,OK
fact_team_match_stats,extra_json.physical_metrics_sprinting,context,OPTIONAL,54,Bundesliga,2020/2021,612,0,0.0,0,0,0,306,0.0,0.0,,2020/2021,2025/2026,True,False,OK
fact_team_match_stats,extra_json.physical_metrics_sprinting,context,OPTIONAL,54,Bundesliga,2021/2022,612,0,0.0,0,0,0,306,0.0,0.0,0.0,2020/2021,2025/2026,True,False,OK
fact_team_match_stats,extra_json.physical_metrics_sprinting,context,OPTIONAL,54,Bundesliga,2022/2023,612,0,0.0,0,0,0,306,0.0,0.0,0.0,2020/2021,2025/2026,True,False,OK
fact_team_match_stats,extra_json.physical_metrics_sprinting,context,OPTIONAL,54,Bundesliga,2023/2024,612,0,0.0,0,0,0,306,0.0,0.0,0.0,2020/2021,2025/2026,True,False,OK
fact_team_match_stats,extra_json.physical_metrics_sprinting,context,OPTIONAL,54,Bundesliga,2024/2025,612,0,0.0,0,0,0,306,0.0,-3.4211,0.0,2020/2021,2025/2026,True,False,OK
fact_team_match_stats,extra_json.physical_metrics_sprinting,context,OPTIONAL,54,Bundesliga,2025/2026,612,0,0.0,0,0,0,306,0.0,0.0,0.0,2020/2021,2025/2026,True,False,OK
fact_team_match_stats,extra_json.physical_metrics_sprinting,context,OPTIONAL,55,SerieA,2020/2021,760,0,0.0,0,0,0,380,0.0,0.0,,2020/2021,2025/2026,True,False,OK
fact_team_match_stats,extra_json.physical_metrics_sprinting,context,OPTIONAL,55,SerieA,2021/2022,760,0,0.0,0,0,0,380,0.0,0.0,0.0,2020/2021,2025/2026,True,False,OK
fact_team_match_stats,extra_json.physical_metrics_sprinting,context,OPTIONAL,55,SerieA,2022/2023,762,0,0.0,0,0,0,381,0.0,0.0,0.0,2020/2021,2025/2026,True,False,OK
fact_team_match_stats,extra_json.physical_metrics_sprinting,context,OPTIONAL,55,SerieA,2023/2024,760,0,0.0,0,0,0,380,0.0,0.0,0.0,2020/2021,2025/2026,True,False,OK
fact_team_match_stats,extra_json.physical_metrics_sprinting,context,OPTIONAL,55,SerieA,2024/2025,760,0,0.0,0,0,0,380,0.0,-3.4211,0.0,2020/2021,2025/2026,True,False,OK
fact_team_match_stats,extra_json.physical_metrics_sprinting,context,OPTIONAL,55,SerieA,2025/2026,760,0,0.0,0,0,0,380,0.0,0.0,0.0,2020/2021,2025/2026,True,False,OK
fact_team_match_stats,extra_json.physical_metrics_sprinting,context,OPTIONAL,87,LaLiga,2020/2021,760,0,0.0,0,0,0,380,0.0,0.0,,2020/2021,2025/2026,True,False,OK
fact_team_match_stats,extra_json.physical_metrics_sprinting,context,OPTIONAL,87,LaLiga,2021/2022,760,0,0.0,0,0,0,380,0.0,0.0,0.0,2020/2021,2025/2026,True,False,OK
fact_team_match_stats,extra_json.physical_metrics_sprinting,context,OPTIONAL,87,LaLiga,2022/2023,760,0,0.0,0,0,0,380,0.0,0.0,0.0,2020/2021,2025/2026,True,False,OK
fact_team_match_stats,extra_json.physical_metrics_sprinting,context,OPTIONAL,87,LaLiga,2023/2024,760,0,0.0,0,0,0,380,0.0,0.0,0.0,2020/2021,2025/2026,True,False,OK
fact_team_match_stats,extra_json.physical_metrics_sprinting,context,OPTIONAL,87,LaLiga,2024/2025,760,0,0.0,0,0,0,380,0.0,-3.4211,0.0,2020/2021,2025/2026,True,False,OK
fact_team_match_stats,extra_json.physical_metrics_sprinting,context,OPTIONAL,87,LaLiga,2025/2026,760,0,0.0,0,0,0,380,0.0,0.0,0.0,2020/2021,2025/2026,True,False,OK
fact_team_match_stats,extra_json.physical_metrics_walking,context,OPTIONAL,47,EPL,2020/2021,760,0,0.0,0,0,0,380,0.0,,,2020/2021,2025/2026,True,False,OK
fact_team_match_stats,extra_json.physical_metrics_walking,context,OPTIONAL,47,EPL,2021/2022,760,0,0.0,0,0,0,380,0.0,,0.0,2020/2021,2025/2026,True,False,OK
fact_team_match_stats,extra_json.physical_metrics_walking,context,OPTIONAL,47,EPL,2022/2023,760,0,0.0,0,0,0,380,0.0,,0.0,2020/2021,2025/2026,True,False,OK
fact_team_match_stats,extra_json.physical_metrics_walking,context,OPTIONAL,47,EPL,2023/2024,760,0,0.0,0,0,0,380,0.0,,0.0,2020/2021,2025/2026,True,False,OK
fact_team_match_stats,extra_json.physical_metrics_walking,context,OPTIONAL,47,EPL,2024/2025,760,26,3.4211,0,0,13,380,3.4211,,3.4211,2020/2021,2025/2026,False,False,OK
fact_team_match_stats,extra_json.physical_metrics_walking,context,OPTIONAL,47,EPL,2025/2026,760,0,0.0,0,0,0,380,0.0,,-3.4211,2020/2021,2025/2026,True,False,OK
fact_team_match_stats,extra_json.physical_metrics_walking,context,OPTIONAL,53,Ligue1,2020/2021,760,0,0.0,0,0,0,380,0.0,0.0,,2020/2021,2025/2026,True,False,OK
fact_team_match_stats,extra_json.physical_metrics_walking,context,OPTIONAL,53,Ligue1,2021/2022,760,0,0.0,0,0,0,380,0.0,0.0,0.0,2020/2021,2025/2026,True,False,OK
fact_team_match_stats,extra_json.physical_metrics_walking,context,OPTIONAL,53,Ligue1,2022/2023,760,0,0.0,0,0,0,380,0.0,0.0,0.0,2020/2021,2025/2026,True,False,OK
fact_team_match_stats,extra_json.physical_metrics_walking,context,OPTIONAL,53,Ligue1,2023/2024,612,0,0.0,0,0,0,306,0.0,0.0,0.0,2020/2021,2025/2026,True,False,OK
fact_team_match_stats,extra_json.physical_metrics_walking,context,OPTIONAL,53,Ligue1,2024/2025,612,0,0.0,0,0,0,306,0.0,-3.4211,0.0,2020/2021,2025/2026,True,False,OK
fact_team_match_stats,extra_json.physical_metrics_walking,context,OPTIONAL,53,Ligue1,2025/2026,612,0,0.0,0,0,0,306,0.0,0.0,0.0,2020/2021,2025/2026,True,False,OK
fact_team_match_stats,extra_json.physical_metrics_walking,context,OPTIONAL,54,Bundesliga,2020/2021,612,0,0.0,0,0,0,306,0.0,0.0,,2020/2021,2025/2026,True,False,OK
fact_team_match_stats,extra_json.physical_metrics_walking,context,OPTIONAL,54,Bundesliga,2021/2022,612,0,0.0,0,0,0,306,0.0,0.0,0.0,2020/2021,2025/2026,True,False,OK
fact_team_match_stats,extra_json.physical_metrics_walking,context,OPTIONAL,54,Bundesliga,2022/2023,612,0,0.0,0,0,0,306,0.0,0.0,0.0,2020/2021,2025/2026,True,False,OK
fact_team_match_stats,extra_json.physical_metrics_walking,context,OPTIONAL,54,Bundesliga,2023/2024,612,0,0.0,0,0,0,306,0.0,0.0,0.0,2020/2021,2025/2026,True,False,OK
fact_team_match_stats,extra_json.physical_metrics_walking,context,OPTIONAL,54,Bundesliga,2024/2025,612,0,0.0,0,0,0,306,0.0,-3.4211,0.0,2020/2021,2025/2026,True,False,OK
fact_team_match_stats,extra_json.physical_metrics_walking,context,OPTIONAL,54,Bundesliga,2025/2026,612,0,0.0,0,0,0,306,0.0,0.0,0.0,2020/2021,2025/2026,True,False,OK
fact_team_match_stats,extra_json.physical_metrics_walking,context,OPTIONAL,55,SerieA,2020/2021,760,0,0.0,0,0,0,380,0.0,0.0,,2020/2021,2025/2026,True,False,OK
fact_team_match_stats,extra_json.physical_metrics_walking,context,OPTIONAL,55,SerieA,2021/2022,760,0,0.0,0,0,0,380,0.0,0.0,0.0,2020/2021,2025/2026,True,False,OK
fact_team_match_stats,extra_json.physical_metrics_walking,context,OPTIONAL,55,SerieA,2022/2023,762,0,0.0,0,0,0,381,0.0,0.0,0.0,2020/2021,2025/2026,True,False,OK
fact_team_match_stats,extra_json.physical_metrics_walking,context,OPTIONAL,55,SerieA,2023/2024,760,0,0.0,0,0,0,380,0.0,0.0,0.0,2020/2021,2025/2026,True,False,OK
fact_team_match_stats,extra_json.physical_metrics_walking,context,OPTIONAL,55,SerieA,2024/2025,760,0,0.0,0,0,0,380,0.0,-3.4211,0.0,2020/2021,2025/2026,True,False,OK
fact_team_match_stats,extra_json.physical_metrics_walking,context,OPTIONAL,55,SerieA,2025/2026,760,0,0.0,0,0,0,380,0.0,0.0,0.0,2020/2021,2025/2026,True,False,OK
fact_team_match_stats,extra_json.physical_metrics_walking,context,OPTIONAL,87,LaLiga,2020/2021,760,0,0.0,0,0,0,380,0.0,0.0,,2020/2021,2025/2026,True,False,OK
fact_team_match_stats,extra_json.physical_metrics_walking,context,OPTIONAL,87,LaLiga,2021/2022,760,0,0.0,0,0,0,380,0.0,0.0,0.0,2020/2021,2025/2026,True,False,OK
fact_team_match_stats,extra_json.physical_metrics_walking,context,OPTIONAL,87,LaLiga,2022/2023,760,0,0.0,0,0,0,380,0.0,0.0,0.0,2020/2021,2025/2026,True,False,OK
fact_team_match_stats,extra_json.physical_metrics_walking,context,OPTIONAL,87,LaLiga,2023/2024,760,0,0.0,0,0,0,380,0.0,0.0,0.0,2020/2021,2025/2026,True,False,OK
fact_team_match_stats,extra_json.physical_metrics_walking,context,OPTIONAL,87,LaLiga,2024/2025,760,0,0.0,0,0,0,380,0.0,-3.4211,0.0,2020/2021,2025/2026,True,False,OK
fact_team_match_stats,extra_json.physical_metrics_walking,context,OPTIONAL,87,LaLiga,2025/2026,760,0,0.0,0,0,0,380,0.0,0.0,0.0,2020/2021,2025/2026,True,False,OK
fact_team_match_stats,extra_json.player_throws,context,OPTIONAL,47,EPL,2020/2021,760,760,100.0,0,0,380,380,100.0,,,2020/2021,2025/2026,False,False,OK
fact_team_match_stats,extra_json.player_throws,context,OPTIONAL,47,EPL,2021/2022,760,760,100.0,0,0,380,380,100.0,,0.0,2020/2021,2025/2026,False,False,OK
fact_team_match_stats,extra_json.player_throws,context,OPTIONAL,47,EPL,2022/2023,760,760,100.0,0,0,380,380,100.0,,0.0,2020/2021,2025/2026,False,False,OK
fact_team_match_stats,extra_json.player_throws,context,OPTIONAL,47,EPL,2023/2024,760,760,100.0,0,0,380,380,100.0,,0.0,2020/2021,2025/2026,False,False,OK
fact_team_match_stats,extra_json.player_throws,context,OPTIONAL,47,EPL,2024/2025,760,760,100.0,0,0,380,380,100.0,,0.0,2020/2021,2025/2026,False,False,OK
fact_team_match_stats,extra_json.player_throws,context,OPTIONAL,47,EPL,2025/2026,760,760,100.0,0,0,380,380,100.0,,0.0,2020/2021,2025/2026,False,False,OK
fact_team_match_stats,extra_json.player_throws,context,OPTIONAL,53,Ligue1,2020/2021,760,760,100.0,0,0,380,380,100.0,0.0,,2020/2021,2025/2026,False,False,OK
fact_team_match_stats,extra_json.player_throws,context,OPTIONAL,53,Ligue1,2021/2022,760,760,100.0,0,0,380,380,100.0,0.0,0.0,2020/2021,2025/2026,False,False,OK
fact_team_match_stats,extra_json.player_throws,context,OPTIONAL,53,Ligue1,2022/2023,760,760,100.0,0,0,380,380,100.0,0.0,0.0,2020/2021,2025/2026,False,False,OK
fact_team_match_stats,extra_json.player_throws,context,OPTIONAL,53,Ligue1,2023/2024,612,612,100.0,0,0,306,306,100.0,0.0,0.0,2020/2021,2025/2026,False,False,OK
fact_team_match_stats,extra_json.player_throws,context,OPTIONAL,53,Ligue1,2024/2025,612,612,100.0,0,0,306,306,100.0,0.0,0.0,2020/2021,2025/2026,False,False,OK
fact_team_match_stats,extra_json.player_throws,context,OPTIONAL,53,Ligue1,2025/2026,612,612,100.0,0,0,306,306,100.0,0.0,0.0,2020/2021,2025/2026,False,False,OK
fact_team_match_stats,extra_json.player_throws,context,OPTIONAL,54,Bundesliga,2020/2021,612,612,100.0,0,0,306,306,100.0,0.0,,2020/2021,2025/2026,False,False,OK
fact_team_match_stats,extra_json.player_throws,context,OPTIONAL,54,Bundesliga,2021/2022,612,612,100.0,0,0,306,306,100.0,0.0,0.0,2020/2021,2025/2026,False,False,OK
fact_team_match_stats,extra_json.player_throws,context,OPTIONAL,54,Bundesliga,2022/2023,612,612,100.0,0,0,306,306,100.0,0.0,0.0,2020/2021,2025/2026,False,False,OK
fact_team_match_stats,extra_json.player_throws,context,OPTIONAL,54,Bundesliga,2023/2024,612,612,100.0,0,0,306,306,100.0,0.0,0.0,2020/2021,2025/2026,False,False,OK
fact_team_match_stats,extra_json.player_throws,context,OPTIONAL,54,Bundesliga,2024/2025,612,612,100.0,0,0,306,306,100.0,0.0,0.0,2020/2021,2025/2026,False,False,OK
fact_team_match_stats,extra_json.player_throws,context,OPTIONAL,54,Bundesliga,2025/2026,612,612,100.0,0,0,306,306,100.0,0.0,0.0,2020/2021,2025/2026,False,False,OK
fact_team_match_stats,extra_json.player_throws,context,OPTIONAL,55,SerieA,2020/2021,760,758,99.7368,0,0,379,380,99.7368,-0.2632,,2020/2021,2025/2026,False,False,OK
fact_team_match_stats,extra_json.player_throws,context,OPTIONAL,55,SerieA,2021/2022,760,760,100.0,0,0,380,380,100.0,0.0,0.2632,2020/2021,2025/2026,False,False,OK
fact_team_match_stats,extra_json.player_throws,context,OPTIONAL,55,SerieA,2022/2023,762,762,100.0,0,0,381,381,100.0,0.0,0.0,2020/2021,2025/2026,False,False,OK
fact_team_match_stats,extra_json.player_throws,context,OPTIONAL,55,SerieA,2023/2024,760,760,100.0,0,0,380,380,100.0,0.0,0.0,2020/2021,2025/2026,False,False,OK
fact_team_match_stats,extra_json.player_throws,context,OPTIONAL,55,SerieA,2024/2025,760,760,100.0,0,0,380,380,100.0,0.0,0.0,2020/2021,2025/2026,False,False,OK
fact_team_match_stats,extra_json.player_throws,context,OPTIONAL,55,SerieA,2025/2026,760,760,100.0,0,0,380,380,100.0,0.0,0.0,2020/2021,2025/2026,False,False,OK
fact_team_match_stats,extra_json.player_throws,context,OPTIONAL,87,LaLiga,2020/2021,760,760,100.0,0,0,380,380,100.0,0.0,,2020/2021,2025/2026,False,False,OK
fact_team_match_stats,extra_json.player_throws,context,OPTIONAL,87,LaLiga,2021/2022,760,760,100.0,0,0,380,380,100.0,0.0,0.0,2020/2021,2025/2026,False,False,OK
fact_team_match_stats,extra_json.player_throws,context,OPTIONAL,87,LaLiga,2022/2023,760,760,100.0,0,0,380,380,100.0,0.0,0.0,2020/2021,2025/2026,False,False,OK
fact_team_match_stats,extra_json.player_throws,context,OPTIONAL,87,LaLiga,2023/2024,760,758,99.7368,0,0,379,380,99.7368,-0.2632,-0.2632,2020/2021,2025/2026,False,False,OK
fact_team_match_stats,extra_json.player_throws,context,OPTIONAL,87,LaLiga,2024/2025,760,760,100.0,0,0,380,380,100.0,0.0,0.2632,2020/2021,2025/2026,False,False,OK
fact_team_match_stats,extra_json.player_throws,context,OPTIONAL,87,LaLiga,2025/2026,760,760,100.0,0,0,380,380,100.0,0.0,0.0,2020/2021,2025/2026,False,False,OK
fact_team_match_stats,extra_json.red_cards,standard_match,REQUIRED,47,EPL,2020/2021,760,760,100.0,0,715,380,380,100.0,,,2020/2021,2025/2026,False,False,OK
fact_team_match_stats,extra_json.red_cards,standard_match,REQUIRED,47,EPL,2021/2022,760,760,100.0,0,718,380,380,100.0,,0.0,2020/2021,2025/2026,False,False,OK
fact_team_match_stats,extra_json.red_cards,standard_match,REQUIRED,47,EPL,2022/2023,760,760,100.0,0,732,380,380,100.0,,0.0,2020/2021,2025/2026,False,False,OK
fact_team_match_stats,extra_json.red_cards,standard_match,REQUIRED,47,EPL,2023/2024,760,760,100.0,0,704,380,380,100.0,,0.0,2020/2021,2025/2026,False,False,OK
fact_team_match_stats,extra_json.red_cards,standard_match,REQUIRED,47,EPL,2024/2025,760,760,100.0,0,709,380,380,100.0,,0.0,2020/2021,2025/2026,False,False,OK
fact_team_match_stats,extra_json.red_cards,standard_match,REQUIRED,47,EPL,2025/2026,760,760,100.0,0,718,380,380,100.0,,0.0,2020/2021,2025/2026,False,False,OK
fact_team_match_stats,extra_json.red_cards,standard_match,REQUIRED,53,Ligue1,2020/2021,760,760,100.0,0,672,380,380,100.0,0.0,,2020/2021,2025/2026,False,False,OK
fact_team_match_stats,extra_json.red_cards,standard_match,REQUIRED,53,Ligue1,2021/2022,760,760,100.0,0,663,380,380,100.0,0.0,0.0,2020/2021,2025/2026,False,False,OK
fact_team_match_stats,extra_json.red_cards,standard_match,REQUIRED,53,Ligue1,2022/2023,760,760,100.0,0,671,380,380,100.0,0.0,0.0,2020/2021,2025/2026,False,False,OK
fact_team_match_stats,extra_json.red_cards,standard_match,REQUIRED,53,Ligue1,2023/2024,612,612,100.0,0,546,306,306,100.0,0.0,0.0,2020/2021,2025/2026,False,False,OK
fact_team_match_stats,extra_json.red_cards,standard_match,REQUIRED,53,Ligue1,2024/2025,612,612,100.0,0,548,306,306,100.0,0.0,0.0,2020/2021,2025/2026,False,False,OK
fact_team_match_stats,extra_json.red_cards,standard_match,REQUIRED,53,Ligue1,2025/2026,612,612,100.0,0,541,306,306,100.0,0.0,0.0,2020/2021,2025/2026,False,False,OK
fact_team_match_stats,extra_json.red_cards,standard_match,REQUIRED,54,Bundesliga,2020/2021,612,612,100.0,0,580,306,306,100.0,0.0,,2020/2021,2025/2026,False,False,OK
fact_team_match_stats,extra_json.red_cards,standard_match,REQUIRED,54,Bundesliga,2021/2022,612,612,100.0,0,588,306,306,100.0,0.0,0.0,2020/2021,2025/2026,False,False,OK
fact_team_match_stats,extra_json.red_cards,standard_match,REQUIRED,54,Bundesliga,2022/2023,612,612,100.0,0,570,306,306,100.0,0.0,0.0,2020/2021,2025/2026,False,False,OK
fact_team_match_stats,extra_json.red_cards,standard_match,REQUIRED,54,Bundesliga,2023/2024,612,612,100.0,0,560,306,306,100.0,0.0,0.0,2020/2021,2025/2026,False,False,OK
fact_team_match_stats,extra_json.red_cards,standard_match,REQUIRED,54,Bundesliga,2024/2025,612,612,100.0,0,561,306,306,100.0,0.0,0.0,2020/2021,2025/2026,False,False,OK
fact_team_match_stats,extra_json.red_cards,standard_match,REQUIRED,54,Bundesliga,2025/2026,612,612,100.0,0,563,306,306,100.0,0.0,0.0,2020/2021,2025/2026,False,False,OK
fact_team_match_stats,extra_json.red_cards,standard_match,REQUIRED,55,SerieA,2020/2021,760,758,99.7368,0,692,379,380,99.7368,-0.2632,,2020/2021,2025/2026,False,False,OK
fact_team_match_stats,extra_json.red_cards,standard_match,REQUIRED,55,SerieA,2021/2022,760,760,100.0,0,675,380,380,100.0,0.0,0.2632,2020/2021,2025/2026,False,False,OK
fact_team_match_stats,extra_json.red_cards,standard_match,REQUIRED,55,SerieA,2022/2023,762,762,100.0,0,697,381,381,100.0,0.0,0.0,2020/2021,2025/2026,False,False,OK
fact_team_match_stats,extra_json.red_cards,standard_match,REQUIRED,55,SerieA,2023/2024,760,760,100.0,0,697,380,380,100.0,0.0,0.0,2020/2021,2025/2026,False,False,OK
fact_team_match_stats,extra_json.red_cards,standard_match,REQUIRED,55,SerieA,2024/2025,760,760,100.0,0,683,380,380,100.0,0.0,0.0,2020/2021,2025/2026,False,False,OK
fact_team_match_stats,extra_json.red_cards,standard_match,REQUIRED,55,SerieA,2025/2026,760,760,100.0,0,699,380,380,100.0,0.0,0.0,2020/2021,2025/2026,False,False,OK
fact_team_match_stats,extra_json.red_cards,standard_match,REQUIRED,87,LaLiga,2020/2021,760,760,100.0,0,692,380,380,100.0,0.0,,2020/2021,2025/2026,False,False,OK
fact_team_match_stats,extra_json.red_cards,standard_match,REQUIRED,87,LaLiga,2021/2022,760,760,100.0,0,675,380,380,100.0,0.0,0.0,2020/2021,2025/2026,False,False,OK
fact_team_match_stats,extra_json.red_cards,standard_match,REQUIRED,87,LaLiga,2022/2023,760,760,100.0,0,635,380,380,100.0,0.0,0.0,2020/2021,2025/2026,False,False,OK
fact_team_match_stats,extra_json.red_cards,standard_match,REQUIRED,87,LaLiga,2023/2024,760,758,99.7368,0,674,379,380,99.7368,-0.2632,-0.2632,2020/2021,2025/2026,False,False,OK
fact_team_match_stats,extra_json.red_cards,standard_match,REQUIRED,87,LaLiga,2024/2025,760,760,100.0,0,687,380,380,100.0,0.0,0.2632,2020/2021,2025/2026,False,False,OK
fact_team_match_stats,extra_json.red_cards,standard_match,REQUIRED,87,LaLiga,2025/2026,760,760,100.0,0,665,380,380,100.0,0.0,0.0,2020/2021,2025/2026,False,False,OK
fact_team_match_stats,extra_json.shot_blocks,context,OPTIONAL,47,EPL,2020/2021,760,760,100.0,0,67,380,380,100.0,,,2020/2021,2025/2026,False,False,OK
fact_team_match_stats,extra_json.shot_blocks,context,OPTIONAL,47,EPL,2021/2022,760,760,100.0,0,59,380,380,100.0,,0.0,2020/2021,2025/2026,False,False,OK
fact_team_match_stats,extra_json.shot_blocks,context,OPTIONAL,47,EPL,2022/2023,760,760,100.0,0,41,380,380,100.0,,0.0,2020/2021,2025/2026,False,False,OK
fact_team_match_stats,extra_json.shot_blocks,context,OPTIONAL,47,EPL,2023/2024,760,760,100.0,0,52,380,380,100.0,,0.0,2020/2021,2025/2026,False,False,OK
fact_team_match_stats,extra_json.shot_blocks,context,OPTIONAL,47,EPL,2024/2025,760,760,100.0,0,43,380,380,100.0,,0.0,2020/2021,2025/2026,False,False,OK
fact_team_match_stats,extra_json.shot_blocks,context,OPTIONAL,47,EPL,2025/2026,760,760,100.0,0,51,380,380,100.0,,0.0,2020/2021,2025/2026,False,False,OK
fact_team_match_stats,extra_json.shot_blocks,context,OPTIONAL,53,Ligue1,2020/2021,760,760,100.0,0,93,380,380,100.0,0.0,,2020/2021,2025/2026,False,False,OK
fact_team_match_stats,extra_json.shot_blocks,context,OPTIONAL,53,Ligue1,2021/2022,760,760,100.0,0,60,380,380,100.0,0.0,0.0,2020/2021,2025/2026,False,False,OK
fact_team_match_stats,extra_json.shot_blocks,context,OPTIONAL,53,Ligue1,2022/2023,760,760,100.0,0,60,380,380,100.0,0.0,0.0,2020/2021,2025/2026,False,False,OK
fact_team_match_stats,extra_json.shot_blocks,context,OPTIONAL,53,Ligue1,2023/2024,612,612,100.0,0,28,306,306,100.0,0.0,0.0,2020/2021,2025/2026,False,False,OK
fact_team_match_stats,extra_json.shot_blocks,context,OPTIONAL,53,Ligue1,2024/2025,612,612,100.0,0,40,306,306,100.0,0.0,0.0,2020/2021,2025/2026,False,False,OK
fact_team_match_stats,extra_json.shot_blocks,context,OPTIONAL,53,Ligue1,2025/2026,612,612,100.0,0,56,306,306,100.0,0.0,0.0,2020/2021,2025/2026,False,False,OK
fact_team_match_stats,extra_json.shot_blocks,context,OPTIONAL,54,Bundesliga,2020/2021,612,612,100.0,0,47,306,306,100.0,0.0,,2020/2021,2025/2026,False,False,OK
fact_team_match_stats,extra_json.shot_blocks,context,OPTIONAL,54,Bundesliga,2021/2022,612,612,100.0,0,43,306,306,100.0,0.0,0.0,2020/2021,2025/2026,False,False,OK
fact_team_match_stats,extra_json.shot_blocks,context,OPTIONAL,54,Bundesliga,2022/2023,612,612,100.0,0,42,306,306,100.0,0.0,0.0,2020/2021,2025/2026,False,False,OK
fact_team_match_stats,extra_json.shot_blocks,context,OPTIONAL,54,Bundesliga,2023/2024,612,612,100.0,0,42,306,306,100.0,0.0,0.0,2020/2021,2025/2026,False,False,OK
fact_team_match_stats,extra_json.shot_blocks,context,OPTIONAL,54,Bundesliga,2024/2025,612,612,100.0,0,41,306,306,100.0,0.0,0.0,2020/2021,2025/2026,False,False,OK
fact_team_match_stats,extra_json.shot_blocks,context,OPTIONAL,54,Bundesliga,2025/2026,612,612,100.0,0,47,306,306,100.0,0.0,0.0,2020/2021,2025/2026,False,False,OK
fact_team_match_stats,extra_json.shot_blocks,context,OPTIONAL,55,SerieA,2020/2021,760,758,99.7368,0,52,379,380,99.7368,-0.2632,,2020/2021,2025/2026,False,False,OK
fact_team_match_stats,extra_json.shot_blocks,context,OPTIONAL,55,SerieA,2021/2022,760,760,100.0,0,60,380,380,100.0,0.0,0.2632,2020/2021,2025/2026,False,False,OK
fact_team_match_stats,extra_json.shot_blocks,context,OPTIONAL,55,SerieA,2022/2023,762,762,100.0,0,51,381,381,100.0,0.0,0.0,2020/2021,2025/2026,False,False,OK
fact_team_match_stats,extra_json.shot_blocks,context,OPTIONAL,55,SerieA,2023/2024,760,760,100.0,0,35,380,380,100.0,0.0,0.0,2020/2021,2025/2026,False,False,OK
fact_team_match_stats,extra_json.shot_blocks,context,OPTIONAL,55,SerieA,2024/2025,760,760,100.0,0,52,380,380,100.0,0.0,0.0,2020/2021,2025/2026,False,False,OK
fact_team_match_stats,extra_json.shot_blocks,context,OPTIONAL,55,SerieA,2025/2026,760,760,100.0,0,55,380,380,100.0,0.0,0.0,2020/2021,2025/2026,False,False,OK
fact_team_match_stats,extra_json.shot_blocks,context,OPTIONAL,87,LaLiga,2020/2021,760,760,100.0,0,113,380,380,100.0,0.0,,2020/2021,2025/2026,False,False,OK
fact_team_match_stats,extra_json.shot_blocks,context,OPTIONAL,87,LaLiga,2021/2022,760,760,100.0,0,72,380,380,100.0,0.0,0.0,2020/2021,2025/2026,False,False,OK
fact_team_match_stats,extra_json.shot_blocks,context,OPTIONAL,87,LaLiga,2022/2023,760,760,100.0,0,63,380,380,100.0,0.0,0.0,2020/2021,2025/2026,False,False,OK
fact_team_match_stats,extra_json.shot_blocks,context,OPTIONAL,87,LaLiga,2023/2024,760,758,99.7368,0,52,379,380,99.7368,-0.2632,-0.2632,2020/2021,2025/2026,False,False,OK
fact_team_match_stats,extra_json.shot_blocks,context,OPTIONAL,87,LaLiga,2024/2025,760,760,100.0,0,76,380,380,100.0,0.0,0.2632,2020/2021,2025/2026,False,False,OK
fact_team_match_stats,extra_json.shot_blocks,context,OPTIONAL,87,LaLiga,2025/2026,760,760,100.0,0,56,380,380,100.0,0.0,0.0,2020/2021,2025/2026,False,False,OK
fact_team_match_stats,extra_json.shots,context,OPTIONAL,47,EPL,2020/2021,760,0,0.0,0,0,0,380,0.0,,,2020/2021,2025/2026,True,False,OK
fact_team_match_stats,extra_json.shots,context,OPTIONAL,47,EPL,2021/2022,760,0,0.0,0,0,0,380,0.0,,0.0,2020/2021,2025/2026,True,False,OK
fact_team_match_stats,extra_json.shots,context,OPTIONAL,47,EPL,2022/2023,760,0,0.0,0,0,0,380,0.0,,0.0,2020/2021,2025/2026,True,False,OK
fact_team_match_stats,extra_json.shots,context,OPTIONAL,47,EPL,2023/2024,760,0,0.0,0,0,0,380,0.0,,0.0,2020/2021,2025/2026,True,False,OK
fact_team_match_stats,extra_json.shots,context,OPTIONAL,47,EPL,2024/2025,760,0,0.0,0,0,0,380,0.0,,0.0,2020/2021,2025/2026,True,False,OK
fact_team_match_stats,extra_json.shots,context,OPTIONAL,47,EPL,2025/2026,760,0,0.0,0,0,0,380,0.0,,0.0,2020/2021,2025/2026,True,False,OK
fact_team_match_stats,extra_json.shots,context,OPTIONAL,53,Ligue1,2020/2021,760,0,0.0,0,0,0,380,0.0,0.0,,2020/2021,2025/2026,True,False,OK
fact_team_match_stats,extra_json.shots,context,OPTIONAL,53,Ligue1,2021/2022,760,0,0.0,0,0,0,380,0.0,0.0,0.0,2020/2021,2025/2026,True,False,OK
fact_team_match_stats,extra_json.shots,context,OPTIONAL,53,Ligue1,2022/2023,760,0,0.0,0,0,0,380,0.0,0.0,0.0,2020/2021,2025/2026,True,False,OK
fact_team_match_stats,extra_json.shots,context,OPTIONAL,53,Ligue1,2023/2024,612,0,0.0,0,0,0,306,0.0,0.0,0.0,2020/2021,2025/2026,True,False,OK
fact_team_match_stats,extra_json.shots,context,OPTIONAL,53,Ligue1,2024/2025,612,0,0.0,0,0,0,306,0.0,0.0,0.0,2020/2021,2025/2026,True,False,OK
fact_team_match_stats,extra_json.shots,context,OPTIONAL,53,Ligue1,2025/2026,612,0,0.0,0,0,0,306,0.0,0.0,0.0,2020/2021,2025/2026,True,False,OK
fact_team_match_stats,extra_json.shots,context,OPTIONAL,54,Bundesliga,2020/2021,612,0,0.0,0,0,0,306,0.0,0.0,,2020/2021,2025/2026,True,False,OK
fact_team_match_stats,extra_json.shots,context,OPTIONAL,54,Bundesliga,2021/2022,612,0,0.0,0,0,0,306,0.0,0.0,0.0,2020/2021,2025/2026,True,False,OK
fact_team_match_stats,extra_json.shots,context,OPTIONAL,54,Bundesliga,2022/2023,612,0,0.0,0,0,0,306,0.0,0.0,0.0,2020/2021,2025/2026,True,False,OK
fact_team_match_stats,extra_json.shots,context,OPTIONAL,54,Bundesliga,2023/2024,612,0,0.0,0,0,0,306,0.0,0.0,0.0,2020/2021,2025/2026,True,False,OK
fact_team_match_stats,extra_json.shots,context,OPTIONAL,54,Bundesliga,2024/2025,612,0,0.0,0,0,0,306,0.0,0.0,0.0,2020/2021,2025/2026,True,False,OK
fact_team_match_stats,extra_json.shots,context,OPTIONAL,54,Bundesliga,2025/2026,612,0,0.0,0,0,0,306,0.0,0.0,0.0,2020/2021,2025/2026,True,False,OK
fact_team_match_stats,extra_json.shots,context,OPTIONAL,55,SerieA,2020/2021,760,0,0.0,0,0,0,380,0.0,0.0,,2020/2021,2025/2026,True,False,OK
fact_team_match_stats,extra_json.shots,context,OPTIONAL,55,SerieA,2021/2022,760,0,0.0,0,0,0,380,0.0,0.0,0.0,2020/2021,2025/2026,True,False,OK
fact_team_match_stats,extra_json.shots,context,OPTIONAL,55,SerieA,2022/2023,762,0,0.0,0,0,0,381,0.0,0.0,0.0,2020/2021,2025/2026,True,False,OK
fact_team_match_stats,extra_json.shots,context,OPTIONAL,55,SerieA,2023/2024,760,0,0.0,0,0,0,380,0.0,0.0,0.0,2020/2021,2025/2026,True,False,OK
fact_team_match_stats,extra_json.shots,context,OPTIONAL,55,SerieA,2024/2025,760,0,0.0,0,0,0,380,0.0,0.0,0.0,2020/2021,2025/2026,True,False,OK
fact_team_match_stats,extra_json.shots,context,OPTIONAL,55,SerieA,2025/2026,760,0,0.0,0,0,0,380,0.0,0.0,0.0,2020/2021,2025/2026,True,False,OK
fact_team_match_stats,extra_json.shots,context,OPTIONAL,87,LaLiga,2020/2021,760,0,0.0,0,0,0,380,0.0,0.0,,2020/2021,2025/2026,True,False,OK
fact_team_match_stats,extra_json.shots,context,OPTIONAL,87,LaLiga,2021/2022,760,0,0.0,0,0,0,380,0.0,0.0,0.0,2020/2021,2025/2026,True,False,OK
fact_team_match_stats,extra_json.shots,context,OPTIONAL,87,LaLiga,2022/2023,760,0,0.0,0,0,0,380,0.0,0.0,0.0,2020/2021,2025/2026,True,False,OK
fact_team_match_stats,extra_json.shots,context,OPTIONAL,87,LaLiga,2023/2024,760,0,0.0,0,0,0,380,0.0,0.0,0.0,2020/2021,2025/2026,True,False,OK
fact_team_match_stats,extra_json.shots,context,OPTIONAL,87,LaLiga,2024/2025,760,0,0.0,0,0,0,380,0.0,0.0,0.0,2020/2021,2025/2026,True,False,OK
fact_team_match_stats,extra_json.shots,context,OPTIONAL,87,LaLiga,2025/2026,760,0,0.0,0,0,0,380,0.0,0.0,0.0,2020/2021,2025/2026,True,False,OK
fact_team_match_stats,extra_json.shots_inside_box,context,OPTIONAL,47,EPL,2020/2021,760,760,100.0,0,3,380,380,100.0,,,2020/2021,2025/2026,False,False,OK
fact_team_match_stats,extra_json.shots_inside_box,context,OPTIONAL,47,EPL,2021/2022,760,760,100.0,0,3,380,380,100.0,,0.0,2020/2021,2025/2026,False,False,OK
fact_team_match_stats,extra_json.shots_inside_box,context,OPTIONAL,47,EPL,2022/2023,760,760,100.0,0,2,380,380,100.0,,0.0,2020/2021,2025/2026,False,False,OK
fact_team_match_stats,extra_json.shots_inside_box,context,OPTIONAL,47,EPL,2023/2024,760,760,100.0,0,1,380,380,100.0,,0.0,2020/2021,2025/2026,False,False,OK
fact_team_match_stats,extra_json.shots_inside_box,context,OPTIONAL,47,EPL,2024/2025,760,760,100.0,0,2,380,380,100.0,,0.0,2020/2021,2025/2026,False,False,OK
fact_team_match_stats,extra_json.shots_inside_box,context,OPTIONAL,47,EPL,2025/2026,760,760,100.0,0,1,380,380,100.0,,0.0,2020/2021,2025/2026,False,False,OK
fact_team_match_stats,extra_json.shots_inside_box,context,OPTIONAL,53,Ligue1,2020/2021,760,760,100.0,0,6,380,380,100.0,0.0,,2020/2021,2025/2026,False,False,OK
fact_team_match_stats,extra_json.shots_inside_box,context,OPTIONAL,53,Ligue1,2021/2022,760,760,100.0,0,0,380,380,100.0,0.0,0.0,2020/2021,2025/2026,False,False,OK
fact_team_match_stats,extra_json.shots_inside_box,context,OPTIONAL,53,Ligue1,2022/2023,760,760,100.0,0,2,380,380,100.0,0.0,0.0,2020/2021,2025/2026,False,False,OK
fact_team_match_stats,extra_json.shots_inside_box,context,OPTIONAL,53,Ligue1,2023/2024,612,612,100.0,0,0,306,306,100.0,0.0,0.0,2020/2021,2025/2026,False,False,OK
fact_team_match_stats,extra_json.shots_inside_box,context,OPTIONAL,53,Ligue1,2024/2025,612,612,100.0,0,2,306,306,100.0,0.0,0.0,2020/2021,2025/2026,False,False,OK
fact_team_match_stats,extra_json.shots_inside_box,context,OPTIONAL,53,Ligue1,2025/2026,612,612,100.0,0,2,306,306,100.0,0.0,0.0,2020/2021,2025/2026,False,False,OK
fact_team_match_stats,extra_json.shots_inside_box,context,OPTIONAL,54,Bundesliga,2020/2021,612,612,100.0,0,2,306,306,100.0,0.0,,2020/2021,2025/2026,False,False,OK
fact_team_match_stats,extra_json.shots_inside_box,context,OPTIONAL,54,Bundesliga,2021/2022,612,612,100.0,0,0,306,306,100.0,0.0,0.0,2020/2021,2025/2026,False,False,OK
fact_team_match_stats,extra_json.shots_inside_box,context,OPTIONAL,54,Bundesliga,2022/2023,612,612,100.0,0,0,306,306,100.0,0.0,0.0,2020/2021,2025/2026,False,False,OK
fact_team_match_stats,extra_json.shots_inside_box,context,OPTIONAL,54,Bundesliga,2023/2024,612,612,100.0,0,1,306,306,100.0,0.0,0.0,2020/2021,2025/2026,False,False,OK
fact_team_match_stats,extra_json.shots_inside_box,context,OPTIONAL,54,Bundesliga,2024/2025,612,612,100.0,0,1,306,306,100.0,0.0,0.0,2020/2021,2025/2026,False,False,OK
fact_team_match_stats,extra_json.shots_inside_box,context,OPTIONAL,54,Bundesliga,2025/2026,612,612,100.0,0,1,306,306,100.0,0.0,0.0,2020/2021,2025/2026,False,False,OK
fact_team_match_stats,extra_json.shots_inside_box,context,OPTIONAL,55,SerieA,2020/2021,760,758,99.7368,0,6,379,380,99.7368,-0.2632,,2020/2021,2025/2026,False,False,OK
fact_team_match_stats,extra_json.shots_inside_box,context,OPTIONAL,55,SerieA,2021/2022,760,760,100.0,0,2,380,380,100.0,0.0,0.2632,2020/2021,2025/2026,False,False,OK
fact_team_match_stats,extra_json.shots_inside_box,context,OPTIONAL,55,SerieA,2022/2023,762,762,100.0,0,4,381,381,100.0,0.0,0.0,2020/2021,2025/2026,False,False,OK
fact_team_match_stats,extra_json.shots_inside_box,context,OPTIONAL,55,SerieA,2023/2024,760,760,100.0,0,2,380,380,100.0,0.0,0.0,2020/2021,2025/2026,False,False,OK
fact_team_match_stats,extra_json.shots_inside_box,context,OPTIONAL,55,SerieA,2024/2025,760,760,100.0,0,6,380,380,100.0,0.0,0.0,2020/2021,2025/2026,False,False,OK
fact_team_match_stats,extra_json.shots_inside_box,context,OPTIONAL,55,SerieA,2025/2026,760,760,100.0,0,3,380,380,100.0,0.0,0.0,2020/2021,2025/2026,False,False,OK
fact_team_match_stats,extra_json.shots_inside_box,context,OPTIONAL,87,LaLiga,2020/2021,760,760,100.0,0,4,380,380,100.0,0.0,,2020/2021,2025/2026,False,False,OK
fact_team_match_stats,extra_json.shots_inside_box,context,OPTIONAL,87,LaLiga,2021/2022,760,760,100.0,0,3,380,380,100.0,0.0,0.0,2020/2021,2025/2026,False,False,OK
fact_team_match_stats,extra_json.shots_inside_box,context,OPTIONAL,87,LaLiga,2022/2023,760,760,100.0,0,4,380,380,100.0,0.0,0.0,2020/2021,2025/2026,False,False,OK
fact_team_match_stats,extra_json.shots_inside_box,context,OPTIONAL,87,LaLiga,2023/2024,760,758,99.7368,0,4,379,380,99.7368,-0.2632,-0.2632,2020/2021,2025/2026,False,False,OK
fact_team_match_stats,extra_json.shots_inside_box,context,OPTIONAL,87,LaLiga,2024/2025,760,760,100.0,0,6,380,380,100.0,0.0,0.2632,2020/2021,2025/2026,False,False,OK
fact_team_match_stats,extra_json.shots_inside_box,context,OPTIONAL,87,LaLiga,2025/2026,760,760,100.0,0,1,380,380,100.0,0.0,0.0,2020/2021,2025/2026,False,False,OK
fact_team_match_stats,extra_json.shots_outside_box,context,OPTIONAL,47,EPL,2020/2021,760,760,100.0,0,27,380,380,100.0,,,2020/2021,2025/2026,False,False,OK
fact_team_match_stats,extra_json.shots_outside_box,context,OPTIONAL,47,EPL,2021/2022,760,760,100.0,0,15,380,380,100.0,,0.0,2020/2021,2025/2026,False,False,OK
fact_team_match_stats,extra_json.shots_outside_box,context,OPTIONAL,47,EPL,2022/2023,760,760,100.0,0,23,380,380,100.0,,0.0,2020/2021,2025/2026,False,False,OK
fact_team_match_stats,extra_json.shots_outside_box,context,OPTIONAL,47,EPL,2023/2024,760,760,100.0,0,26,380,380,100.0,,0.0,2020/2021,2025/2026,False,False,OK
fact_team_match_stats,extra_json.shots_outside_box,context,OPTIONAL,47,EPL,2024/2025,760,760,100.0,0,31,380,380,100.0,,0.0,2020/2021,2025/2026,False,False,OK
fact_team_match_stats,extra_json.shots_outside_box,context,OPTIONAL,47,EPL,2025/2026,760,760,100.0,0,26,380,380,100.0,,0.0,2020/2021,2025/2026,False,False,OK
fact_team_match_stats,extra_json.shots_outside_box,context,OPTIONAL,53,Ligue1,2020/2021,760,760,100.0,0,21,380,380,100.0,0.0,,2020/2021,2025/2026,False,False,OK
fact_team_match_stats,extra_json.shots_outside_box,context,OPTIONAL,53,Ligue1,2021/2022,760,760,100.0,0,16,380,380,100.0,0.0,0.0,2020/2021,2025/2026,False,False,OK
fact_team_match_stats,extra_json.shots_outside_box,context,OPTIONAL,53,Ligue1,2022/2023,760,760,100.0,0,22,380,380,100.0,0.0,0.0,2020/2021,2025/2026,False,False,OK
fact_team_match_stats,extra_json.shots_outside_box,context,OPTIONAL,53,Ligue1,2023/2024,612,612,100.0,0,9,306,306,100.0,0.0,0.0,2020/2021,2025/2026,False,False,OK
fact_team_match_stats,extra_json.shots_outside_box,context,OPTIONAL,53,Ligue1,2024/2025,612,612,100.0,0,23,306,306,100.0,0.0,0.0,2020/2021,2025/2026,False,False,OK
fact_team_match_stats,extra_json.shots_outside_box,context,OPTIONAL,53,Ligue1,2025/2026,612,612,100.0,0,23,306,306,100.0,0.0,0.0,2020/2021,2025/2026,False,False,OK
fact_team_match_stats,extra_json.shots_outside_box,context,OPTIONAL,54,Bundesliga,2020/2021,612,612,100.0,0,14,306,306,100.0,0.0,,2020/2021,2025/2026,False,False,OK
fact_team_match_stats,extra_json.shots_outside_box,context,OPTIONAL,54,Bundesliga,2021/2022,612,612,100.0,0,15,306,306,100.0,0.0,0.0,2020/2021,2025/2026,False,False,OK
fact_team_match_stats,extra_json.shots_outside_box,context,OPTIONAL,54,Bundesliga,2022/2023,612,612,100.0,0,15,306,306,100.0,0.0,0.0,2020/2021,2025/2026,False,False,OK
fact_team_match_stats,extra_json.shots_outside_box,context,OPTIONAL,54,Bundesliga,2023/2024,612,612,100.0,0,16,306,306,100.0,0.0,0.0,2020/2021,2025/2026,False,False,OK
fact_team_match_stats,extra_json.shots_outside_box,context,OPTIONAL,54,Bundesliga,2024/2025,612,612,100.0,0,20,306,306,100.0,0.0,0.0,2020/2021,2025/2026,False,False,OK
fact_team_match_stats,extra_json.shots_outside_box,context,OPTIONAL,54,Bundesliga,2025/2026,612,612,100.0,0,19,306,306,100.0,0.0,0.0,2020/2021,2025/2026,False,False,OK
fact_team_match_stats,extra_json.shots_outside_box,context,OPTIONAL,55,SerieA,2020/2021,760,758,99.7368,0,25,379,380,99.7368,-0.2632,,2020/2021,2025/2026,False,False,OK
fact_team_match_stats,extra_json.shots_outside_box,context,OPTIONAL,55,SerieA,2021/2022,760,760,100.0,0,20,380,380,100.0,0.0,0.2632,2020/2021,2025/2026,False,False,OK
fact_team_match_stats,extra_json.shots_outside_box,context,OPTIONAL,55,SerieA,2022/2023,762,762,100.0,0,15,381,381,100.0,0.0,0.0,2020/2021,2025/2026,False,False,OK
fact_team_match_stats,extra_json.shots_outside_box,context,OPTIONAL,55,SerieA,2023/2024,760,760,100.0,0,13,380,380,100.0,0.0,0.0,2020/2021,2025/2026,False,False,OK
fact_team_match_stats,extra_json.shots_outside_box,context,OPTIONAL,55,SerieA,2024/2025,760,760,100.0,0,16,380,380,100.0,0.0,0.0,2020/2021,2025/2026,False,False,OK
fact_team_match_stats,extra_json.shots_outside_box,context,OPTIONAL,55,SerieA,2025/2026,760,760,100.0,0,21,380,380,100.0,0.0,0.0,2020/2021,2025/2026,False,False,OK
fact_team_match_stats,extra_json.shots_outside_box,context,OPTIONAL,87,LaLiga,2020/2021,760,760,100.0,0,35,380,380,100.0,0.0,,2020/2021,2025/2026,False,False,OK
fact_team_match_stats,extra_json.shots_outside_box,context,OPTIONAL,87,LaLiga,2021/2022,760,760,100.0,0,21,380,380,100.0,0.0,0.0,2020/2021,2025/2026,False,False,OK
fact_team_match_stats,extra_json.shots_outside_box,context,OPTIONAL,87,LaLiga,2022/2023,760,760,100.0,0,20,380,380,100.0,0.0,0.0,2020/2021,2025/2026,False,False,OK
fact_team_match_stats,extra_json.shots_outside_box,context,OPTIONAL,87,LaLiga,2023/2024,760,758,99.7368,0,19,379,380,99.7368,-0.2632,-0.2632,2020/2021,2025/2026,False,False,OK
fact_team_match_stats,extra_json.shots_outside_box,context,OPTIONAL,87,LaLiga,2024/2025,760,760,100.0,0,32,380,380,100.0,0.0,0.2632,2020/2021,2025/2026,False,False,OK
fact_team_match_stats,extra_json.shots_outside_box,context,OPTIONAL,87,LaLiga,2025/2026,760,760,100.0,0,15,380,380,100.0,0.0,0.0,2020/2021,2025/2026,False,False,OK
fact_team_match_stats,extra_json.shots_woodwork,context,OPTIONAL,47,EPL,2020/2021,760,760,100.0,0,528,380,380,100.0,,,2020/2021,2025/2026,False,False,OK
fact_team_match_stats,extra_json.shots_woodwork,context,OPTIONAL,47,EPL,2021/2022,760,760,100.0,0,573,380,380,100.0,,0.0,2020/2021,2025/2026,False,False,OK
fact_team_match_stats,extra_json.shots_woodwork,context,OPTIONAL,47,EPL,2022/2023,760,760,100.0,0,548,380,380,100.0,,0.0,2020/2021,2025/2026,False,False,OK
fact_team_match_stats,extra_json.shots_woodwork,context,OPTIONAL,47,EPL,2023/2024,760,760,100.0,0,554,380,380,100.0,,0.0,2020/2021,2025/2026,False,False,OK
fact_team_match_stats,extra_json.shots_woodwork,context,OPTIONAL,47,EPL,2024/2025,760,760,100.0,0,529,380,380,100.0,,0.0,2020/2021,2025/2026,False,False,OK
fact_team_match_stats,extra_json.shots_woodwork,context,OPTIONAL,47,EPL,2025/2026,760,760,100.0,0,518,380,380,100.0,,0.0,2020/2021,2025/2026,False,False,OK
fact_team_match_stats,extra_json.shots_woodwork,context,OPTIONAL,53,Ligue1,2020/2021,760,760,100.0,0,569,380,380,100.0,0.0,,2020/2021,2025/2026,False,False,OK
fact_team_match_stats,extra_json.shots_woodwork,context,OPTIONAL,53,Ligue1,2021/2022,760,760,100.0,0,572,380,380,100.0,0.0,0.0,2020/2021,2025/2026,False,False,OK
fact_team_match_stats,extra_json.shots_woodwork,context,OPTIONAL,53,Ligue1,2022/2023,760,760,100.0,0,532,380,380,100.0,0.0,0.0,2020/2021,2025/2026,False,False,OK
fact_team_match_stats,extra_json.shots_woodwork,context,OPTIONAL,53,Ligue1,2023/2024,612,612,100.0,0,449,306,306,100.0,0.0,0.0,2020/2021,2025/2026,False,False,OK
fact_team_match_stats,extra_json.shots_woodwork,context,OPTIONAL,53,Ligue1,2024/2025,612,612,100.0,0,437,306,306,100.0,0.0,0.0,2020/2021,2025/2026,False,False,OK
fact_team_match_stats,extra_json.shots_woodwork,context,OPTIONAL,53,Ligue1,2025/2026,612,612,100.0,0,445,306,306,100.0,0.0,0.0,2020/2021,2025/2026,False,False,OK
fact_team_match_stats,extra_json.shots_woodwork,context,OPTIONAL,54,Bundesliga,2020/2021,612,612,100.0,0,438,306,306,100.0,0.0,,2020/2021,2025/2026,False,False,OK
fact_team_match_stats,extra_json.shots_woodwork,context,OPTIONAL,54,Bundesliga,2021/2022,612,612,100.0,0,442,306,306,100.0,0.0,0.0,2020/2021,2025/2026,False,False,OK
fact_team_match_stats,extra_json.shots_woodwork,context,OPTIONAL,54,Bundesliga,2022/2023,612,612,100.0,0,447,306,306,100.0,0.0,0.0,2020/2021,2025/2026,False,False,OK
fact_team_match_stats,extra_json.shots_woodwork,context,OPTIONAL,54,Bundesliga,2023/2024,612,612,100.0,0,442,306,306,100.0,0.0,0.0,2020/2021,2025/2026,False,False,OK
fact_team_match_stats,extra_json.shots_woodwork,context,OPTIONAL,54,Bundesliga,2024/2025,612,612,100.0,0,428,306,306,100.0,0.0,0.0,2020/2021,2025/2026,False,False,OK
fact_team_match_stats,extra_json.shots_woodwork,context,OPTIONAL,54,Bundesliga,2025/2026,612,612,100.0,0,415,306,306,100.0,0.0,0.0,2020/2021,2025/2026,False,False,OK
fact_team_match_stats,extra_json.shots_woodwork,context,OPTIONAL,55,SerieA,2020/2021,760,758,99.7368,0,535,379,380,99.7368,-0.2632,,2020/2021,2025/2026,False,False,OK
fact_team_match_stats,extra_json.shots_woodwork,context,OPTIONAL,55,SerieA,2021/2022,760,760,100.0,0,549,380,380,100.0,0.0,0.2632,2020/2021,2025/2026,False,False,OK
fact_team_match_stats,extra_json.shots_woodwork,context,OPTIONAL,55,SerieA,2022/2023,762,762,100.0,0,574,381,381,100.0,0.0,0.0,2020/2021,2025/2026,False,False,OK
fact_team_match_stats,extra_json.shots_woodwork,context,OPTIONAL,55,SerieA,2023/2024,760,760,100.0,0,547,380,380,100.0,0.0,0.0,2020/2021,2025/2026,False,False,OK
fact_team_match_stats,extra_json.shots_woodwork,context,OPTIONAL,55,SerieA,2024/2025,760,760,100.0,0,558,380,380,100.0,0.0,0.0,2020/2021,2025/2026,False,False,OK
fact_team_match_stats,extra_json.shots_woodwork,context,OPTIONAL,55,SerieA,2025/2026,760,760,100.0,0,547,380,380,100.0,0.0,0.0,2020/2021,2025/2026,False,False,OK
fact_team_match_stats,extra_json.shots_woodwork,context,OPTIONAL,87,LaLiga,2020/2021,760,760,100.0,0,571,380,380,100.0,0.0,,2020/2021,2025/2026,False,False,OK
fact_team_match_stats,extra_json.shots_woodwork,context,OPTIONAL,87,LaLiga,2021/2022,760,760,100.0,0,553,380,380,100.0,0.0,0.0,2020/2021,2025/2026,False,False,OK
fact_team_match_stats,extra_json.shots_woodwork,context,OPTIONAL,87,LaLiga,2022/2023,760,760,100.0,0,564,380,380,100.0,0.0,0.0,2020/2021,2025/2026,False,False,OK
fact_team_match_stats,extra_json.shots_woodwork,context,OPTIONAL,87,LaLiga,2023/2024,760,758,99.7368,0,538,379,380,99.7368,-0.2632,-0.2632,2020/2021,2025/2026,False,False,OK
fact_team_match_stats,extra_json.shots_woodwork,context,OPTIONAL,87,LaLiga,2024/2025,760,760,100.0,0,570,380,380,100.0,0.0,0.2632,2020/2021,2025/2026,False,False,OK
fact_team_match_stats,extra_json.shots_woodwork,context,OPTIONAL,87,LaLiga,2025/2026,760,760,100.0,0,563,380,380,100.0,0.0,0.0,2020/2021,2025/2026,False,False,OK
fact_team_match_stats,extra_json.total_shots,shot_xg,REQUIRED,47,EPL,2020/2021,760,760,100.0,0,0,380,380,100.0,,,2020/2021,2025/2026,False,False,OK
fact_team_match_stats,extra_json.total_shots,shot_xg,REQUIRED,47,EPL,2021/2022,760,760,100.0,0,0,380,380,100.0,,0.0,2020/2021,2025/2026,False,False,OK
fact_team_match_stats,extra_json.total_shots,shot_xg,REQUIRED,47,EPL,2022/2023,760,760,100.0,0,0,380,380,100.0,,0.0,2020/2021,2025/2026,False,False,OK
fact_team_match_stats,extra_json.total_shots,shot_xg,REQUIRED,47,EPL,2023/2024,760,760,100.0,0,0,380,380,100.0,,0.0,2020/2021,2025/2026,False,False,OK
fact_team_match_stats,extra_json.total_shots,shot_xg,REQUIRED,47,EPL,2024/2025,760,760,100.0,0,0,380,380,100.0,,0.0,2020/2021,2025/2026,False,False,OK
fact_team_match_stats,extra_json.total_shots,shot_xg,REQUIRED,47,EPL,2025/2026,760,760,100.0,0,0,380,380,100.0,,0.0,2020/2021,2025/2026,False,False,OK
fact_team_match_stats,extra_json.total_shots,shot_xg,REQUIRED,53,Ligue1,2020/2021,760,760,100.0,0,1,380,380,100.0,0.0,,2020/2021,2025/2026,False,False,OK
fact_team_match_stats,extra_json.total_shots,shot_xg,REQUIRED,53,Ligue1,2021/2022,760,760,100.0,0,0,380,380,100.0,0.0,0.0,2020/2021,2025/2026,False,False,OK
fact_team_match_stats,extra_json.total_shots,shot_xg,REQUIRED,53,Ligue1,2022/2023,760,760,100.0,0,0,380,380,100.0,0.0,0.0,2020/2021,2025/2026,False,False,OK
fact_team_match_stats,extra_json.total_shots,shot_xg,REQUIRED,53,Ligue1,2023/2024,612,612,100.0,0,0,306,306,100.0,0.0,0.0,2020/2021,2025/2026,False,False,OK
fact_team_match_stats,extra_json.total_shots,shot_xg,REQUIRED,53,Ligue1,2024/2025,612,612,100.0,0,0,306,306,100.0,0.0,0.0,2020/2021,2025/2026,False,False,OK
fact_team_match_stats,extra_json.total_shots,shot_xg,REQUIRED,53,Ligue1,2025/2026,612,612,100.0,0,0,306,306,100.0,0.0,0.0,2020/2021,2025/2026,False,False,OK
fact_team_match_stats,extra_json.total_shots,shot_xg,REQUIRED,54,Bundesliga,2020/2021,612,612,100.0,0,1,306,306,100.0,0.0,,2020/2021,2025/2026,False,False,OK
fact_team_match_stats,extra_json.total_shots,shot_xg,REQUIRED,54,Bundesliga,2021/2022,612,612,100.0,0,0,306,306,100.0,0.0,0.0,2020/2021,2025/2026,False,False,OK
fact_team_match_stats,extra_json.total_shots,shot_xg,REQUIRED,54,Bundesliga,2022/2023,612,612,100.0,0,0,306,306,100.0,0.0,0.0,2020/2021,2025/2026,False,False,OK
fact_team_match_stats,extra_json.total_shots,shot_xg,REQUIRED,54,Bundesliga,2023/2024,612,612,100.0,0,0,306,306,100.0,0.0,0.0,2020/2021,2025/2026,False,False,OK
fact_team_match_stats,extra_json.total_shots,shot_xg,REQUIRED,54,Bundesliga,2024/2025,612,612,100.0,0,1,306,306,100.0,0.0,0.0,2020/2021,2025/2026,False,False,OK
fact_team_match_stats,extra_json.total_shots,shot_xg,REQUIRED,54,Bundesliga,2025/2026,612,612,100.0,0,0,306,306,100.0,0.0,0.0,2020/2021,2025/2026,False,False,OK
fact_team_match_stats,extra_json.total_shots,shot_xg,REQUIRED,55,SerieA,2020/2021,760,760,100.0,0,1,380,380,100.0,0.0,,2020/2021,2025/2026,False,False,OK
fact_team_match_stats,extra_json.total_shots,shot_xg,REQUIRED,55,SerieA,2021/2022,760,760,100.0,0,1,380,380,100.0,0.0,0.0,2020/2021,2025/2026,False,False,OK
fact_team_match_stats,extra_json.total_shots,shot_xg,REQUIRED,55,SerieA,2022/2023,762,762,100.0,0,0,381,381,100.0,0.0,0.0,2020/2021,2025/2026,False,False,OK
fact_team_match_stats,extra_json.total_shots,shot_xg,REQUIRED,55,SerieA,2023/2024,760,760,100.0,0,0,380,380,100.0,0.0,0.0,2020/2021,2025/2026,False,False,OK
fact_team_match_stats,extra_json.total_shots,shot_xg,REQUIRED,55,SerieA,2024/2025,760,760,100.0,0,0,380,380,100.0,0.0,0.0,2020/2021,2025/2026,False,False,OK
fact_team_match_stats,extra_json.total_shots,shot_xg,REQUIRED,55,SerieA,2025/2026,760,760,100.0,0,1,380,380,100.0,0.0,0.0,2020/2021,2025/2026,False,False,OK
fact_team_match_stats,extra_json.total_shots,shot_xg,REQUIRED,87,LaLiga,2020/2021,760,760,100.0,0,1,380,380,100.0,0.0,,2020/2021,2025/2026,False,False,OK
fact_team_match_stats,extra_json.total_shots,shot_xg,REQUIRED,87,LaLiga,2021/2022,760,760,100.0,0,0,380,380,100.0,0.0,0.0,2020/2021,2025/2026,False,False,OK
fact_team_match_stats,extra_json.total_shots,shot_xg,REQUIRED,87,LaLiga,2022/2023,760,760,100.0,0,0,380,380,100.0,0.0,0.0,2020/2021,2025/2026,False,False,OK
fact_team_match_stats,extra_json.total_shots,shot_xg,REQUIRED,87,LaLiga,2023/2024,760,760,100.0,0,0,380,380,100.0,0.0,0.0,2020/2021,2025/2026,False,False,OK
fact_team_match_stats,extra_json.total_shots,shot_xg,REQUIRED,87,LaLiga,2024/2025,760,760,100.0,0,1,380,380,100.0,0.0,0.0,2020/2021,2025/2026,False,False,OK
fact_team_match_stats,extra_json.total_shots,shot_xg,REQUIRED,87,LaLiga,2025/2026,760,760,100.0,0,0,380,380,100.0,0.0,0.0,2020/2021,2025/2026,False,False,OK
fact_team_match_stats,extra_json.touches_opp_box,context,OPTIONAL,47,EPL,2020/2021,0,0,,0,0,0,380,,,,2024/2025,2025/2026,False,False,NOT_APPLICABLE
fact_team_match_stats,extra_json.touches_opp_box,context,OPTIONAL,47,EPL,2021/2022,0,0,,0,0,0,380,,,,2024/2025,2025/2026,False,False,NOT_APPLICABLE
fact_team_match_stats,extra_json.touches_opp_box,context,OPTIONAL,47,EPL,2022/2023,0,0,,0,0,0,380,,,,2024/2025,2025/2026,False,False,NOT_APPLICABLE
fact_team_match_stats,extra_json.touches_opp_box,context,OPTIONAL,47,EPL,2023/2024,0,0,,0,0,0,380,,,,2024/2025,2025/2026,False,False,NOT_APPLICABLE
fact_team_match_stats,extra_json.touches_opp_box,context,OPTIONAL,47,EPL,2024/2025,760,760,100.0,0,0,380,380,100.0,,,2024/2025,2025/2026,False,False,OK
fact_team_match_stats,extra_json.touches_opp_box,context,OPTIONAL,47,EPL,2025/2026,760,760,100.0,0,0,380,380,100.0,,0.0,2024/2025,2025/2026,False,False,OK
fact_team_match_stats,extra_json.touches_opp_box,context,OPTIONAL,53,Ligue1,2020/2021,0,0,,0,0,0,380,,,,2024/2025,2025/2026,False,False,NOT_APPLICABLE
fact_team_match_stats,extra_json.touches_opp_box,context,OPTIONAL,53,Ligue1,2021/2022,0,0,,0,0,0,380,,,,2024/2025,2025/2026,False,False,NOT_APPLICABLE
fact_team_match_stats,extra_json.touches_opp_box,context,OPTIONAL,53,Ligue1,2022/2023,0,0,,0,0,0,380,,,,2024/2025,2025/2026,False,False,NOT_APPLICABLE
fact_team_match_stats,extra_json.touches_opp_box,context,OPTIONAL,53,Ligue1,2023/2024,0,0,,0,0,0,306,,,,2024/2025,2025/2026,False,False,NOT_APPLICABLE
fact_team_match_stats,extra_json.touches_opp_box,context,OPTIONAL,53,Ligue1,2024/2025,612,612,100.0,0,0,306,306,100.0,0.0,,2024/2025,2025/2026,False,False,OK
fact_team_match_stats,extra_json.touches_opp_box,context,OPTIONAL,53,Ligue1,2025/2026,612,612,100.0,0,0,306,306,100.0,0.0,0.0,2024/2025,2025/2026,False,False,OK
fact_team_match_stats,extra_json.touches_opp_box,context,OPTIONAL,54,Bundesliga,2020/2021,0,0,,0,0,0,306,,,,2024/2025,2025/2026,False,False,NOT_APPLICABLE
fact_team_match_stats,extra_json.touches_opp_box,context,OPTIONAL,54,Bundesliga,2021/2022,0,0,,0,0,0,306,,,,2024/2025,2025/2026,False,False,NOT_APPLICABLE
fact_team_match_stats,extra_json.touches_opp_box,context,OPTIONAL,54,Bundesliga,2022/2023,0,0,,0,0,0,306,,,,2024/2025,2025/2026,False,False,NOT_APPLICABLE
fact_team_match_stats,extra_json.touches_opp_box,context,OPTIONAL,54,Bundesliga,2023/2024,0,0,,0,0,0,306,,,,2024/2025,2025/2026,False,False,NOT_APPLICABLE
fact_team_match_stats,extra_json.touches_opp_box,context,OPTIONAL,54,Bundesliga,2024/2025,612,612,100.0,0,0,306,306,100.0,0.0,,2024/2025,2025/2026,False,False,OK
fact_team_match_stats,extra_json.touches_opp_box,context,OPTIONAL,54,Bundesliga,2025/2026,612,612,100.0,0,0,306,306,100.0,0.0,0.0,2024/2025,2025/2026,False,False,OK
fact_team_match_stats,extra_json.touches_opp_box,context,OPTIONAL,55,SerieA,2020/2021,0,0,,0,0,0,380,,,,2024/2025,2025/2026,False,False,NOT_APPLICABLE
fact_team_match_stats,extra_json.touches_opp_box,context,OPTIONAL,55,SerieA,2021/2022,0,0,,0,0,0,380,,,,2024/2025,2025/2026,False,False,NOT_APPLICABLE
fact_team_match_stats,extra_json.touches_opp_box,context,OPTIONAL,55,SerieA,2022/2023,0,0,,0,0,0,381,,,,2024/2025,2025/2026,False,False,NOT_APPLICABLE
fact_team_match_stats,extra_json.touches_opp_box,context,OPTIONAL,55,SerieA,2023/2024,0,0,,0,0,0,380,,,,2024/2025,2025/2026,False,False,NOT_APPLICABLE
fact_team_match_stats,extra_json.touches_opp_box,context,OPTIONAL,55,SerieA,2024/2025,760,760,100.0,0,0,380,380,100.0,0.0,,2024/2025,2025/2026,False,False,OK
fact_team_match_stats,extra_json.touches_opp_box,context,OPTIONAL,55,SerieA,2025/2026,760,760,100.0,0,0,380,380,100.0,0.0,0.0,2024/2025,2025/2026,False,False,OK
fact_team_match_stats,extra_json.touches_opp_box,context,OPTIONAL,87,LaLiga,2020/2021,0,0,,0,0,0,380,,,,2024/2025,2025/2026,False,False,NOT_APPLICABLE
fact_team_match_stats,extra_json.touches_opp_box,context,OPTIONAL,87,LaLiga,2021/2022,0,0,,0,0,0,380,,,,2024/2025,2025/2026,False,False,NOT_APPLICABLE
fact_team_match_stats,extra_json.touches_opp_box,context,OPTIONAL,87,LaLiga,2022/2023,0,0,,0,0,0,380,,,,2024/2025,2025/2026,False,False,NOT_APPLICABLE
fact_team_match_stats,extra_json.touches_opp_box,context,OPTIONAL,87,LaLiga,2023/2024,0,0,,0,0,0,380,,,,2024/2025,2025/2026,False,False,NOT_APPLICABLE
fact_team_match_stats,extra_json.touches_opp_box,context,OPTIONAL,87,LaLiga,2024/2025,760,760,100.0,0,0,380,380,100.0,0.0,,2024/2025,2025/2026,False,False,OK
fact_team_match_stats,extra_json.touches_opp_box,context,OPTIONAL,87,LaLiga,2025/2026,760,760,100.0,0,0,380,380,100.0,0.0,0.0,2024/2025,2025/2026,False,False,OK
fact_team_match_stats,extra_json.yellow_cards,standard_match,REQUIRED,47,EPL,2020/2021,760,760,100.0,0,177,380,380,100.0,,,2020/2021,2025/2026,False,False,OK
fact_team_match_stats,extra_json.yellow_cards,standard_match,REQUIRED,47,EPL,2021/2022,760,760,100.0,0,135,380,380,100.0,,0.0,2020/2021,2025/2026,False,False,OK
fact_team_match_stats,extra_json.yellow_cards,standard_match,REQUIRED,47,EPL,2022/2023,760,760,100.0,0,128,380,380,100.0,,0.0,2020/2021,2025/2026,False,False,OK
fact_team_match_stats,extra_json.yellow_cards,standard_match,REQUIRED,47,EPL,2023/2024,760,760,100.0,0,92,380,380,100.0,,0.0,2020/2021,2025/2026,False,False,OK
fact_team_match_stats,extra_json.yellow_cards,standard_match,REQUIRED,47,EPL,2024/2025,760,760,100.0,0,105,380,380,100.0,,0.0,2020/2021,2025/2026,False,False,OK
fact_team_match_stats,extra_json.yellow_cards,standard_match,REQUIRED,47,EPL,2025/2026,760,760,100.0,0,114,380,380,100.0,,0.0,2020/2021,2025/2026,False,False,OK
fact_team_match_stats,extra_json.yellow_cards,standard_match,REQUIRED,53,Ligue1,2020/2021,760,760,100.0,0,105,380,380,100.0,0.0,,2020/2021,2025/2026,False,False,OK
fact_team_match_stats,extra_json.yellow_cards,standard_match,REQUIRED,53,Ligue1,2021/2022,760,760,100.0,0,75,380,380,100.0,0.0,0.0,2020/2021,2025/2026,False,False,OK
fact_team_match_stats,extra_json.yellow_cards,standard_match,REQUIRED,53,Ligue1,2022/2023,760,760,100.0,0,141,380,380,100.0,0.0,0.0,2020/2021,2025/2026,False,False,OK
fact_team_match_stats,extra_json.yellow_cards,standard_match,REQUIRED,53,Ligue1,2023/2024,612,612,100.0,0,86,306,306,100.0,0.0,0.0,2020/2021,2025/2026,False,False,OK
fact_team_match_stats,extra_json.yellow_cards,standard_match,REQUIRED,53,Ligue1,2024/2025,612,612,100.0,0,73,306,306,100.0,0.0,0.0,2020/2021,2025/2026,False,False,OK
fact_team_match_stats,extra_json.yellow_cards,standard_match,REQUIRED,53,Ligue1,2025/2026,612,612,100.0,0,81,306,306,100.0,0.0,0.0,2020/2021,2025/2026,False,False,OK
fact_team_match_stats,extra_json.yellow_cards,standard_match,REQUIRED,54,Bundesliga,2020/2021,612,612,100.0,0,92,306,306,100.0,0.0,,2020/2021,2025/2026,False,False,OK
fact_team_match_stats,extra_json.yellow_cards,standard_match,REQUIRED,54,Bundesliga,2021/2022,612,612,100.0,0,103,306,306,100.0,0.0,0.0,2020/2021,2025/2026,False,False,OK
fact_team_match_stats,extra_json.yellow_cards,standard_match,REQUIRED,54,Bundesliga,2022/2023,612,612,100.0,0,67,306,306,100.0,0.0,0.0,2020/2021,2025/2026,False,False,OK
fact_team_match_stats,extra_json.yellow_cards,standard_match,REQUIRED,54,Bundesliga,2023/2024,612,612,100.0,0,76,306,306,100.0,0.0,0.0,2020/2021,2025/2026,False,False,OK
fact_team_match_stats,extra_json.yellow_cards,standard_match,REQUIRED,54,Bundesliga,2024/2025,612,612,100.0,0,93,306,306,100.0,0.0,0.0,2020/2021,2025/2026,False,False,OK
fact_team_match_stats,extra_json.yellow_cards,standard_match,REQUIRED,54,Bundesliga,2025/2026,612,612,100.0,0,94,306,306,100.0,0.0,0.0,2020/2021,2025/2026,False,False,OK
fact_team_match_stats,extra_json.yellow_cards,standard_match,REQUIRED,55,SerieA,2020/2021,760,758,99.7368,0,77,379,380,99.7368,-0.2632,,2020/2021,2025/2026,False,False,OK
fact_team_match_stats,extra_json.yellow_cards,standard_match,REQUIRED,55,SerieA,2021/2022,760,760,100.0,0,51,380,380,100.0,0.0,0.2632,2020/2021,2025/2026,False,False,OK
fact_team_match_stats,extra_json.yellow_cards,standard_match,REQUIRED,55,SerieA,2022/2023,762,762,100.0,0,74,381,381,100.0,0.0,0.0,2020/2021,2025/2026,False,False,OK
fact_team_match_stats,extra_json.yellow_cards,standard_match,REQUIRED,55,SerieA,2023/2024,760,760,100.0,0,68,380,380,100.0,0.0,0.0,2020/2021,2025/2026,False,False,OK
fact_team_match_stats,extra_json.yellow_cards,standard_match,REQUIRED,55,SerieA,2024/2025,760,760,100.0,0,102,380,380,100.0,0.0,0.0,2020/2021,2025/2026,False,False,OK
fact_team_match_stats,extra_json.yellow_cards,standard_match,REQUIRED,55,SerieA,2025/2026,760,760,100.0,0,106,380,380,100.0,0.0,0.0,2020/2021,2025/2026,False,False,OK
fact_team_match_stats,extra_json.yellow_cards,standard_match,REQUIRED,87,LaLiga,2020/2021,760,760,100.0,0,90,380,380,100.0,0.0,,2020/2021,2025/2026,False,False,OK
fact_team_match_stats,extra_json.yellow_cards,standard_match,REQUIRED,87,LaLiga,2021/2022,760,760,100.0,0,59,380,380,100.0,0.0,0.0,2020/2021,2025/2026,False,False,OK
fact_team_match_stats,extra_json.yellow_cards,standard_match,REQUIRED,87,LaLiga,2022/2023,760,760,100.0,0,88,380,380,100.0,0.0,0.0,2020/2021,2025/2026,False,False,OK
fact_team_match_stats,extra_json.yellow_cards,standard_match,REQUIRED,87,LaLiga,2023/2024,760,758,99.7368,0,73,379,380,99.7368,-0.2632,-0.2632,2020/2021,2025/2026,False,False,OK
fact_team_match_stats,extra_json.yellow_cards,standard_match,REQUIRED,87,LaLiga,2024/2025,760,760,100.0,0,91,380,380,100.0,0.0,0.2632,2020/2021,2025/2026,False,False,OK
fact_team_match_stats,extra_json.yellow_cards,standard_match,REQUIRED,87,LaLiga,2025/2026,760,760,100.0,0,75,380,380,100.0,0.0,0.0,2020/2021,2025/2026,False,False,OK
